ts,open,high,low,close,volume,dt_utc
1597118400,2.85,3.47,2.85,2.9224,,2020-08-11 04:00:00+00:00
1597132800,2.9626,3.1,2.8433,3.0497,,2020-08-11 08:00:00+00:00
1597147200,3.0497,3.5208,2.8625,3.19,,2020-08-11 12:00:00+00:00
1597161600,3.1751,3.384,3.1143,3.1886,,2020-08-11 16:00:00+00:00
1597176000,3.1938,3.3191,2.95,3.2985,,2020-08-11 20:00:00+00:00
1597190400,3.2985,3.32,3.08,3.2802,,2020-08-12 00:00:00+00:00
1597204800,3.2802,3.3661,3.1323,3.3661,,2020-08-12 04:00:00+00:00
1597219200,3.3577,3.9289,3.35,3.6842,,2020-08-12 08:00:00+00:00
1597233600,3.6733,3.9,3.6434,3.7678,,2020-08-12 12:00:00+00:00
1597248000,3.7704,3.8423,3.6,3.6788,,2020-08-12 16:00:00+00:00
1597262400,3.6788,3.8225,3.6652,3.7558,,2020-08-12 20:00:00+00:00
1597276800,3.75,3.8512,3.5537,3.7593,,2020-08-13 00:00:00+00:00
1597291200,3.7404,4.1387,3.6243,4.0785,,2020-08-13 04:00:00+00:00
1597305600,4.0946,4.1222,3.5003,3.87,,2020-08-13 08:00:00+00:00
1597320000,3.87,4.0555,3.8,3.8065,,2020-08-13 12:00:00+00:00
1597334400,3.8065,3.9645,3.7698,3.8566,,2020-08-13 16:00:00+00:00
1597348800,3.8549,3.87,3.5385,3.73,,2020-08-13 20:00:00+00:00
1597363200,3.7207,3.7676,3.5717,3.625,,2020-08-14 00:00:00+00:00
1597377600,3.6251,3.7517,3.5,3.55,,2020-08-14 04:00:00+00:00
1597392000,3.5327,3.7598,3.4267,3.7173,,2020-08-14 08:00:00+00:00
1597406400,3.7036,3.7133,3.5106,3.5788,,2020-08-14 12:00:00+00:00
1597420800,3.5753,3.5881,3.321,3.3792,,2020-08-14 16:00:00+00:00
1597435200,3.3792,3.4897,3.3321,3.4099,,2020-08-14 20:00:00+00:00
1597449600,3.4181,3.4242,3.1874,3.3289,,2020-08-15 00:00:00+00:00
1597464000,3.3305,3.5713,3.163,3.5215,,2020-08-15 04:00:00+00:00
1597478400,3.5216,3.74,3.4477,3.45,,2020-08-15 08:00:00+00:00
1597492800,3.4527,3.4852,3.38,3.4324,,2020-08-15 12:00:00+00:00
1597507200,3.4547,3.4654,3.34,3.3684,,2020-08-15 16:00:00+00:00
1597521600,3.3684,3.4727,3.15,3.173,,2020-08-15 20:00:00+00:00
1597536000,3.173,3.2602,3.12,3.1955,,2020-08-16 00:00:00+00:00
1597550400,3.192,3.4907,3.1697,3.4401,,2020-08-16 04:00:00+00:00
1597564800,3.4401,3.47,3.34,3.4193,,2020-08-16 08:00:00+00:00
1597579200,3.4193,3.4427,3.34,3.3872,,2020-08-16 12:00:00+00:00
1597593600,3.3911,3.4726,3.379,3.4071,,2020-08-16 16:00:00+00:00
1597608000,3.4115,3.4426,3.36,3.3885,,2020-08-16 20:00:00+00:00
1597622400,3.3885,3.3952,3.3235,3.3502,,2020-08-17 00:00:00+00:00
1597636800,3.3551,3.3666,3.2,3.2001,,2020-08-17 04:00:00+00:00
1597651200,3.2034,3.3234,3.2002,3.2891,,2020-08-17 08:00:00+00:00
1597665600,3.2891,3.2934,3.1,3.1264,,2020-08-17 12:00:00+00:00
1597680000,3.1347,3.215,3.11,3.1541,,2020-08-17 16:00:00+00:00
1597694400,3.1546,3.2,3.1,3.11,,2020-08-17 20:00:00+00:00
1597708800,3.11,3.1277,3.0,3.0328,,2020-08-18 00:00:00+00:00
1597723200,3.0208,3.0671,2.878,2.99,,2020-08-18 04:00:00+00:00
1597737600,2.99,3.25,2.91,3.0672,,2020-08-18 08:00:00+00:00
1597752000,3.0501,3.7092,2.8105,3.3621,,2020-08-18 12:00:00+00:00
1597766400,3.3777,3.5832,3.258,3.5289,,2020-08-18 16:00:00+00:00
1597780800,3.5289,3.5543,3.32,3.3407,,2020-08-18 20:00:00+00:00
1597795200,3.334,3.49,3.0814,3.1075,,2020-08-19 00:00:00+00:00
1597809600,3.1001,3.1427,2.8,3.0375,,2020-08-19 04:00:00+00:00
1597824000,3.0376,3.1799,3.0,3.01,,2020-08-19 08:00:00+00:00
1597838400,3.01,3.1307,2.98,3.008,,2020-08-19 12:00:00+00:00
1597852800,2.9955,3.0291,2.9012,2.9404,,2020-08-19 16:00:00+00:00
1597867200,2.9407,2.9735,2.82,2.8868,,2020-08-19 20:00:00+00:00
1597881600,2.8962,3.053,2.8871,2.9291,,2020-08-20 00:00:00+00:00
1597896000,2.9291,3.0493,2.92,2.998,,2020-08-20 04:00:00+00:00
1597910400,2.9955,3.1898,2.9895,3.1508,,2020-08-20 08:00:00+00:00
1597924800,3.151,3.35,3.109,3.3254,,2020-08-20 12:00:00+00:00
1597939200,3.3441,3.445,3.18,3.3261,,2020-08-20 16:00:00+00:00
1597953600,3.3333,3.4106,3.1461,3.2038,,2020-08-20 20:00:00+00:00
1597968000,3.2038,3.24,3.1104,3.16,,2020-08-21 00:00:00+00:00
1597982400,3.1599,3.2168,3.0,3.0718,,2020-08-21 04:00:00+00:00
1597996800,3.0617,3.1377,3.0185,3.0918,,2020-08-21 08:00:00+00:00
1598011200,3.0918,3.1636,2.9738,3.0127,,2020-08-21 12:00:00+00:00
1598025600,3.0149,3.0812,2.9877,3.0483,,2020-08-21 16:00:00+00:00
1598040000,3.0483,3.1137,2.89,2.9317,,2020-08-21 20:00:00+00:00
1598054400,2.9213,2.9386,2.8,2.814,,2020-08-22 00:00:00+00:00
1598068800,2.82,2.8463,2.7431,2.805,,2020-08-22 04:00:00+00:00
1598083200,2.8029,2.8655,2.7876,2.8599,,2020-08-22 08:00:00+00:00
1598097600,2.8599,3.16,2.8586,3.061,,2020-08-22 12:00:00+00:00
1598112000,3.0601,3.2,3.039,3.0536,,2020-08-22 16:00:00+00:00
1598126400,3.0536,3.0661,2.979,3.0126,,2020-08-22 20:00:00+00:00
1598140800,3.0224,3.2857,3.0014,3.1121,,2020-08-23 00:00:00+00:00
1598155200,3.1122,3.2111,3.0483,3.0723,,2020-08-23 04:00:00+00:00
1598169600,3.07,3.0782,3.0258,3.034,,2020-08-23 08:00:00+00:00
1598184000,3.034,3.1301,3.0073,3.1301,,2020-08-23 12:00:00+00:00
1598198400,3.1299,3.4,3.1105,3.3917,,2020-08-23 16:00:00+00:00
1598212800,3.399,3.4,3.1949,3.25,,2020-08-23 20:00:00+00:00
1598227200,3.2658,3.3711,3.2144,3.285,,2020-08-24 00:00:00+00:00
1598241600,3.285,3.4849,3.2572,3.4479,,2020-08-24 04:00:00+00:00
1598256000,3.4478,3.62,3.326,3.4632,,2020-08-24 08:00:00+00:00
1598270400,3.4707,3.5727,3.3888,3.4696,,2020-08-24 12:00:00+00:00
1598284800,3.4696,3.5363,3.25,3.2812,,2020-08-24 16:00:00+00:00
1598299200,3.2768,3.356,3.21,3.3405,,2020-08-24 20:00:00+00:00
1598313600,3.3406,3.3654,3.1421,3.1503,,2020-08-25 00:00:00+00:00
1598328000,3.1506,3.2259,3.0601,3.1508,,2020-08-25 04:00:00+00:00
1598342400,3.15,3.2379,3.0691,3.18,,2020-08-25 08:00:00+00:00
1598356800,3.18,3.2294,3.0001,3.11,,2020-08-25 12:00:00+00:00
1598371200,3.11,3.2495,3.0445,3.12,,2020-08-25 16:00:00+00:00
1598385600,3.1215,3.2854,3.1,3.25,,2020-08-25 20:00:00+00:00
1598400000,3.2576,3.4136,3.1809,3.378,,2020-08-26 00:00:00+00:00
1598414400,3.37,3.5769,3.2836,3.443,,2020-08-26 04:00:00+00:00
1598428800,3.443,3.614,3.3288,3.605,,2020-08-26 08:00:00+00:00
1598443200,3.605,3.6886,3.4097,3.6567,,2020-08-26 12:00:00+00:00
1598457600,3.6487,3.7999,3.59,3.627,,2020-08-26 16:00:00+00:00
1598472000,3.6342,3.68,3.5,3.5684,,2020-08-26 20:00:00+00:00
1598486400,3.5557,3.644,3.4761,3.5037,,2020-08-27 00:00:00+00:00
1598500800,3.4901,3.8,3.39,3.697,,2020-08-27 04:00:00+00:00
1598515200,3.6991,3.8575,3.3,3.4078,,2020-08-27 08:00:00+00:00
1598529600,3.4078,3.8,3.315,3.4623,,2020-08-27 12:00:00+00:00
1598544000,3.4623,3.5293,3.2434,3.3735,,2020-08-27 16:00:00+00:00
1598558400,3.3674,3.4632,3.3246,3.4501,,2020-08-27 20:00:00+00:00
1598572800,3.4503,3.8,3.4503,3.7605,,2020-08-28 00:00:00+00:00
1598587200,3.7605,3.81,3.6,3.67,,2020-08-28 04:00:00+00:00
1598601600,3.6654,3.95,3.6467,3.9479,,2020-08-28 08:00:00+00:00
1598616000,3.9444,3.9673,3.8128,3.8769,,2020-08-28 12:00:00+00:00
1598630400,3.8769,4.3,3.82,4.1871,,2020-08-28 16:00:00+00:00
1598644800,4.1875,4.3091,3.8972,4.0063,,2020-08-28 20:00:00+00:00
1598659200,4.007,4.1121,3.8751,3.9382,,2020-08-29 00:00:00+00:00
1598673600,3.9382,3.9676,3.7911,3.794,,2020-08-29 04:00:00+00:00
1598688000,3.794,4.0058,3.7748,3.8989,,2020-08-29 08:00:00+00:00
1598702400,3.8989,4.0667,3.8663,4.0502,,2020-08-29 12:00:00+00:00
1598716800,4.0381,4.1119,3.8701,3.97,,2020-08-29 16:00:00+00:00
1598731200,3.97,4.08,3.9362,3.9535,,2020-08-29 20:00:00+00:00
1598745600,3.9531,4.0262,3.9,4.0227,,2020-08-30 00:00:00+00:00
1598760000,4.0085,4.3645,3.9923,4.31,,2020-08-30 04:00:00+00:00
1598774400,4.31,4.5848,4.2843,4.5585,,2020-08-30 08:00:00+00:00
1598788800,4.55,4.7117,4.362,4.4275,,2020-08-30 12:00:00+00:00
1598803200,4.4185,4.6253,4.4,4.53,,2020-08-30 16:00:00+00:00
1598817600,4.5397,4.6029,4.352,4.4309,,2020-08-30 20:00:00+00:00
1598832000,4.4127,4.551,4.2787,4.339,,2020-08-31 00:00:00+00:00
1598846400,4.3326,4.35,4.1,4.1058,,2020-08-31 04:00:00+00:00
1598860800,4.1058,4.29,4.1028,4.2768,,2020-08-31 08:00:00+00:00
1598875200,4.2708,4.5,4.1439,4.3641,,2020-08-31 12:00:00+00:00
1598889600,4.364,4.7999,4.282,4.7997,,2020-08-31 16:00:00+00:00
1598904000,4.7879,4.8865,4.5373,4.7435,,2020-08-31 20:00:00+00:00
1598918400,4.7432,4.7948,4.5,4.7564,,2020-09-01 00:00:00+00:00
1598932800,4.7466,4.9475,4.574,4.69,,2020-09-01 04:00:00+00:00
1598947200,4.69,4.7469,4.513,4.5225,,2020-09-01 08:00:00+00:00
1598961600,4.5108,4.6,4.4409,4.4575,,2020-09-01 12:00:00+00:00
1598976000,4.4645,4.6232,4.4311,4.5959,,2020-09-01 16:00:00+00:00
1598990400,4.5959,4.6275,4.3,4.3397,,2020-09-01 20:00:00+00:00
1599004800,4.3213,4.3498,4.19,4.3492,,2020-09-02 00:00:00+00:00
1599019200,4.3345,4.3506,4.21,4.2366,,2020-09-02 04:00:00+00:00
1599033600,4.2366,4.2626,3.66,4.0717,,2020-09-02 08:00:00+00:00
1599048000,4.0855,4.1505,3.8553,4.0811,,2020-09-02 12:00:00+00:00
1599062400,4.0811,4.1654,3.8581,4.0782,,2020-09-02 16:00:00+00:00
1599076800,4.0782,4.195,3.9911,4.17,,2020-09-02 20:00:00+00:00
1599091200,4.17,4.1794,3.881,3.8978,,2020-09-03 00:00:00+00:00
1599105600,3.8977,4.38,3.8686,4.3796,,2020-09-03 04:00:00+00:00
1599120000,4.3729,4.459,4.0,4.1181,,2020-09-03 08:00:00+00:00
1599134400,4.1083,4.1332,3.5,3.8026,,2020-09-03 12:00:00+00:00
1599148800,3.8022,4.04,3.7401,3.8521,,2020-09-03 16:00:00+00:00
1599163200,3.8465,4.0,3.4772,3.5051,,2020-09-03 20:00:00+00:00
1599177600,3.5062,3.8346,3.4897,3.6169,,2020-09-04 00:00:00+00:00
1599192000,3.6171,3.82,3.4734,3.5284,,2020-09-04 04:00:00+00:00
1599206400,3.5256,3.8031,3.5256,3.5727,,2020-09-04 08:00:00+00:00
1599220800,3.5704,3.6633,3.1739,3.3369,,2020-09-04 12:00:00+00:00
1599235200,3.3374,3.538,3.25,3.5249,,2020-09-04 16:00:00+00:00
1599249600,3.5376,3.7,3.52,3.5301,,2020-09-04 20:00:00+00:00
1599264000,3.5301,3.6637,3.5301,3.553,,2020-09-05 00:00:00+00:00
1599278400,3.5531,3.5974,3.35,3.3853,,2020-09-05 04:00:00+00:00
1599292800,3.3854,3.3912,2.0926,2.4784,,2020-09-05 08:00:00+00:00
1599307200,2.4826,2.832,2.3758,2.65,,2020-09-05 12:00:00+00:00
1599321600,2.6581,2.7891,2.2466,2.3455,,2020-09-05 16:00:00+00:00
1599336000,2.337,2.6596,2.326,2.6052,,2020-09-05 20:00:00+00:00
1599350400,2.6119,2.7999,2.2575,2.3044,,2020-09-06 00:00:00+00:00
1599364800,2.3119,2.79,2.2742,2.788,,2020-09-06 04:00:00+00:00
1599379200,2.7809,2.9522,2.6335,2.9485,,2020-09-06 08:00:00+00:00
1599393600,2.9485,3.1389,2.7661,2.8906,,2020-09-06 12:00:00+00:00
1599408000,2.8911,3.0712,2.8497,2.9615,,2020-09-06 16:00:00+00:00
1599422400,2.96,3.18,2.9372,3.0941,,2020-09-06 20:00:00+00:00
1599436800,3.0785,3.1983,2.8671,2.9213,,2020-09-07 00:00:00+00:00
1599451200,2.9282,2.959,2.7815,2.8097,,2020-09-07 04:00:00+00:00
1599465600,2.8012,2.8932,2.5,2.53,,2020-09-07 08:00:00+00:00
1599480000,2.5395,2.752,2.38,2.6955,,2020-09-07 12:00:00+00:00
1599494400,2.6957,2.809,2.6,2.7,,2020-09-07 16:00:00+00:00
1599508800,2.7089,2.94,2.65,2.9237,,2020-09-07 20:00:00+00:00
1599523200,2.9237,2.9499,2.7445,2.76,,2020-09-08 00:00:00+00:00
1599537600,2.76,2.767,2.5926,2.6606,,2020-09-08 04:00:00+00:00
1599552000,2.663,2.6999,2.4462,2.4782,,2020-09-08 08:00:00+00:00
1599566400,2.4635,2.5802,2.4053,2.5109,,2020-09-08 12:00:00+00:00
1599580800,2.5111,2.5731,2.401,2.447,,2020-09-08 16:00:00+00:00
1599595200,2.4451,2.52,2.4,2.468,,2020-09-08 20:00:00+00:00
1599609600,2.468,2.4994,2.3821,2.4056,,2020-09-09 00:00:00+00:00
1599624000,2.4079,2.585,2.3947,2.57,,2020-09-09 04:00:00+00:00
1599638400,2.5652,2.7836,2.5379,2.7006,,2020-09-09 08:00:00+00:00
1599652800,2.7056,3.8838,2.6166,3.4599,,2020-09-09 12:00:00+00:00
1599667200,3.4559,3.6,3.185,3.4396,,2020-09-09 16:00:00+00:00
1599681600,3.4354,3.6476,3.3357,3.6001,,2020-09-09 20:00:00+00:00
1599696000,3.6107,3.7,3.4273,3.55,,2020-09-10 00:00:00+00:00
1599710400,3.549,3.875,3.3351,3.4001,,2020-09-10 04:00:00+00:00
1599724800,3.4001,3.6011,3.304,3.5488,,2020-09-10 08:00:00+00:00
1599739200,3.5393,3.85,3.4478,3.5358,,2020-09-10 12:00:00+00:00
1599753600,3.5358,3.5669,3.345,3.3998,,2020-09-10 16:00:00+00:00
1599768000,3.4,3.5,3.3551,3.4761,,2020-09-10 20:00:00+00:00
1599782400,3.4707,3.5036,3.0316,3.0851,,2020-09-11 00:00:00+00:00
1599796800,3.0801,3.2586,3.0425,3.181,,2020-09-11 04:00:00+00:00
1599811200,3.1811,3.2929,3.1087,3.1152,,2020-09-11 08:00:00+00:00
1599825600,3.1101,3.3399,3.1069,3.2556,,2020-09-11 12:00:00+00:00
1599840000,3.2556,3.42,3.2421,3.3082,,2020-09-11 16:00:00+00:00
1599854400,3.3155,3.45,3.3025,3.3965,,2020-09-11 20:00:00+00:00
1599868800,3.3967,3.409,3.3137,3.3274,,2020-09-12 00:00:00+00:00
1599883200,3.3276,3.3424,3.1904,3.244,,2020-09-12 04:00:00+00:00
1599897600,3.2499,3.3396,3.1494,3.322,,2020-09-12 08:00:00+00:00
1599912000,3.32,3.3245,3.1918,3.2672,,2020-09-12 12:00:00+00:00
1599926400,3.275,3.4623,3.2665,3.4579,,2020-09-12 16:00:00+00:00
1599940800,3.4579,3.47,3.3056,3.3316,,2020-09-12 20:00:00+00:00
1599955200,3.3386,3.3392,3.245,3.2951,,2020-09-13 00:00:00+00:00
1599969600,3.2931,3.3498,3.241,3.3108,,2020-09-13 04:00:00+00:00
1599984000,3.3093,3.47,3.145,3.1669,,2020-09-13 08:00:00+00:00
1599998400,3.1633,3.1873,3.0232,3.08,,2020-09-13 12:00:00+00:00
1600012800,3.0799,3.1982,2.9838,3.1619,,2020-09-13 16:00:00+00:00
1600027200,3.1619,3.2711,3.1295,3.2603,,2020-09-13 20:00:00+00:00
1600041600,3.2656,3.2656,3.0752,3.1463,,2020-09-14 00:00:00+00:00
1600056000,3.1461,3.41,3.0938,3.3711,,2020-09-14 04:00:00+00:00
1600070400,3.371,3.5393,3.2222,3.376,,2020-09-14 08:00:00+00:00
1600084800,3.3759,3.4888,3.314,3.3839,,2020-09-14 12:00:00+00:00
1600099200,3.38,3.42,3.25,3.2958,,2020-09-14 16:00:00+00:00
1600113600,3.2959,3.3505,3.24,3.2641,,2020-09-14 20:00:00+00:00
1600128000,3.264,3.3249,3.24,3.2528,,2020-09-15 00:00:00+00:00
1600142400,3.2507,3.2787,3.15,3.1861,,2020-09-15 04:00:00+00:00
1600156800,3.1819,3.2477,3.1251,3.2435,,2020-09-15 08:00:00+00:00
1600171200,3.2351,3.3,2.99,3.0847,,2020-09-15 12:00:00+00:00
1600185600,3.0768,3.129,3.0242,3.0442,,2020-09-15 16:00:00+00:00
1600200000,3.0426,3.1254,2.8955,2.9295,,2020-09-15 20:00:00+00:00
1600214400,2.9288,2.9293,2.5,2.6918,,2020-09-16 00:00:00+00:00
1600228800,2.691,2.7629,2.6185,2.744,,2020-09-16 04:00:00+00:00
1600243200,2.7425,2.7458,2.5251,2.5883,,2020-09-16 08:00:00+00:00
1600257600,2.5806,2.6233,2.4282,2.5405,,2020-09-16 12:00:00+00:00
1600272000,2.5414,2.6657,2.475,2.531,,2020-09-16 16:00:00+00:00
1600286400,2.5311,2.5759,2.5038,2.5327,,2020-09-16 20:00:00+00:00
1600300800,2.5376,2.6997,2.4649,2.4835,,2020-09-17 00:00:00+00:00
1600315200,2.4804,2.6042,2.4707,2.53,,2020-09-17 04:00:00+00:00
1600329600,2.531,2.5797,2.36,2.5449,,2020-09-17 08:00:00+00:00
1600344000,2.537,2.69,2.5051,2.6053,,2020-09-17 12:00:00+00:00
1600358400,2.6053,2.779,2.5987,2.769,,2020-09-17 16:00:00+00:00
1600372800,2.769,2.9389,2.718,2.8829,,2020-09-17 20:00:00+00:00
1600387200,2.883,2.96,2.726,2.8811,,2020-09-18 00:00:00+00:00
1600401600,2.881,2.9961,2.795,2.955,,2020-09-18 04:00:00+00:00
1600416000,2.9499,3.16,2.9059,3.0647,,2020-09-18 08:00:00+00:00
1600430400,3.0705,3.1484,2.8081,2.9044,,2020-09-18 12:00:00+00:00
1600444800,2.9056,3.145,2.8,3.1406,,2020-09-18 16:00:00+00:00
1600459200,3.1301,3.1588,3.0252,3.1144,,2020-09-18 20:00:00+00:00
1600473600,3.1084,3.2545,3.0615,3.116,,2020-09-19 00:00:00+00:00
1600488000,3.1161,3.17,3.0657,3.0801,,2020-09-19 04:00:00+00:00
1600502400,3.08,3.15,2.9564,3.0454,,2020-09-19 08:00:00+00:00
1600516800,3.0461,3.1851,2.9875,3.0122,,2020-09-19 12:00:00+00:00
1600531200,3.0207,3.16,3.0012,3.013,,2020-09-19 16:00:00+00:00
1600545600,3.0123,3.0938,2.9668,3.031,,2020-09-19 20:00:00+00:00
1600560000,3.0216,3.0319,2.8625,2.9213,,2020-09-20 00:00:00+00:00
1600574400,2.9126,2.9808,2.8876,2.9578,,2020-09-20 04:00:00+00:00
1600588800,2.9579,2.9995,2.9091,2.9621,,2020-09-20 08:00:00+00:00
1600603200,2.9713,2.9756,2.8,2.8115,,2020-09-20 12:00:00+00:00
1600617600,2.8115,2.8496,2.7,2.7875,,2020-09-20 16:00:00+00:00
1600632000,2.7916,2.9,2.712,2.8628,,2020-09-20 20:00:00+00:00
1600646400,2.8628,3.0397,2.8275,2.9935,,2020-09-21 00:00:00+00:00
1600660800,3.0,3.0383,2.7197,2.73,,2020-09-21 04:00:00+00:00
1600675200,2.7312,2.7625,2.4689,2.6194,,2020-09-21 08:00:00+00:00
1600689600,2.6114,2.7445,2.5,2.6832,,2020-09-21 12:00:00+00:00
1600704000,2.6821,2.8479,2.66,2.8336,,2020-09-21 16:00:00+00:00
1600718400,2.8344,2.8856,2.7514,2.7672,,2020-09-21 20:00:00+00:00
1600732800,2.7571,2.97,2.7192,2.892,,2020-09-22 00:00:00+00:00
1600747200,2.901,2.9817,2.65,2.6728,,2020-09-22 04:00:00+00:00
1600761600,2.666,2.887,2.6659,2.8184,,2020-09-22 08:00:00+00:00
1600776000,2.8082,3.0107,2.7886,2.8983,,2020-09-22 12:00:00+00:00
1600790400,2.8894,2.9999,2.8881,2.9538,,2020-09-22 16:00:00+00:00
1600804800,2.9479,2.9875,2.8656,2.9082,,2020-09-22 20:00:00+00:00
1600819200,2.9184,3.09,2.8321,2.8404,,2020-09-23 00:00:00+00:00
1600833600,2.8444,2.915,2.7428,2.7678,,2020-09-23 04:00:00+00:00
1600848000,2.7806,2.95,2.73,2.9251,,2020-09-23 08:00:00+00:00
1600862400,2.925,2.9981,2.8561,2.9142,,2020-09-23 12:00:00+00:00
1600876800,2.9142,3.0,2.772,2.79,,2020-09-23 16:00:00+00:00
1600891200,2.7945,2.8612,2.7001,2.8548,,2020-09-23 20:00:00+00:00
1600905600,2.855,2.98,2.7804,2.9561,,2020-09-24 00:00:00+00:00
1600920000,2.9594,3.0402,2.88,3.0402,,2020-09-24 04:00:00+00:00
1600934400,3.0362,3.039,2.925,3.0101,,2020-09-24 08:00:00+00:00
1600948800,3.012,3.03,2.8901,3.0284,,2020-09-24 12:00:00+00:00
1600963200,3.028,3.2488,3.0195,3.1641,,2020-09-24 16:00:00+00:00
1600977600,3.1702,3.2571,3.05,3.1433,,2020-09-24 20:00:00+00:00
1600992000,3.1409,3.1807,3.0047,3.0102,,2020-09-25 00:00:00+00:00
1601006400,3.0108,3.0527,2.9324,3.0077,,2020-09-25 04:00:00+00:00
1601020800,2.9985,3.052,2.9003,3.03,,2020-09-25 08:00:00+00:00
1601035200,3.03,3.1497,2.9806,3.1337,,2020-09-25 12:00:00+00:00
1601049600,3.1337,3.2398,3.124,3.2203,,2020-09-25 16:00:00+00:00
1601064000,3.2197,3.2766,3.18,3.1937,,2020-09-25 20:00:00+00:00
1601078400,3.185,3.2184,3.0718,3.1195,,2020-09-26 00:00:00+00:00
1601092800,3.1216,3.25,3.1029,3.1318,,2020-09-26 04:00:00+00:00
1601107200,3.1262,3.1575,3.0827,3.1494,,2020-09-26 08:00:00+00:00
1601121600,3.1435,3.1571,3.03,3.137,,2020-09-26 12:00:00+00:00
1601136000,3.1296,3.1542,3.03,3.0621,,2020-09-26 16:00:00+00:00
1601150400,3.0635,3.1463,3.0511,3.1287,,2020-09-26 20:00:00+00:00
1601164800,3.1292,3.1848,3.1191,3.135,,2020-09-27 00:00:00+00:00
1601179200,3.1385,3.1545,3.03,3.0659,,2020-09-27 04:00:00+00:00
1601193600,3.061,3.0737,2.9819,3.0632,,2020-09-27 08:00:00+00:00
1601208000,3.0564,3.1382,3.0401,3.1357,,2020-09-27 12:00:00+00:00
1601222400,3.1357,3.152,3.1019,3.1222,,2020-09-27 16:00:00+00:00
1601236800,3.123,3.1857,3.0868,3.1578,,2020-09-27 20:00:00+00:00
1601251200,3.1557,3.2109,3.0917,3.1055,,2020-09-28 00:00:00+00:00
1601265600,3.1035,3.1263,3.021,3.0642,,2020-09-28 04:00:00+00:00
1601280000,3.0626,3.0899,3.032,3.0358,,2020-09-28 08:00:00+00:00
1601294400,3.0358,3.0823,3.0175,3.072,,2020-09-28 12:00:00+00:00
1601308800,3.0741,3.0823,2.9925,3.0074,,2020-09-28 16:00:00+00:00
1601323200,3.0084,3.015,2.908,2.9599,,2020-09-28 20:00:00+00:00
1601337600,2.9549,3.027,2.91,2.9412,,2020-09-29 00:00:00+00:00
1601352000,2.9412,3.0051,2.9156,2.9866,,2020-09-29 04:00:00+00:00
1601366400,2.9873,3.0033,2.9438,2.9909,,2020-09-29 08:00:00+00:00
1601380800,2.991,3.019,2.9371,2.984,,2020-09-29 12:00:00+00:00
1601395200,2.984,2.9841,2.8735,2.8939,,2020-09-29 16:00:00+00:00
1601409600,2.8922,2.9685,2.8922,2.9505,,2020-09-29 20:00:00+00:00
1601424000,2.9447,2.9704,2.8941,2.9533,,2020-09-30 00:00:00+00:00
1601438400,2.9468,2.9838,2.9122,2.9172,,2020-09-30 04:00:00+00:00
1601452800,2.9201,2.9244,2.8449,2.8504,,2020-09-30 08:00:00+00:00
1601467200,2.845,2.9026,2.8228,2.8923,,2020-09-30 12:00:00+00:00
1601481600,2.8928,2.9079,2.8325,2.8498,,2020-09-30 16:00:00+00:00
1601496000,2.8417,2.9,2.8385,2.8967,,2020-09-30 20:00:00+00:00
1601510400,2.8967,2.95,2.8925,2.9191,,2020-10-01 00:00:00+00:00
1601524800,2.9247,2.9856,2.9225,2.9679,,2020-10-01 04:00:00+00:00
1601539200,2.9679,2.9889,2.9401,2.9516,,2020-10-01 08:00:00+00:00
1601553600,2.9563,2.961,2.85,2.85,,2020-10-01 12:00:00+00:00
1601568000,2.85,2.851,2.65,2.7617,,2020-10-01 16:00:00+00:00
1601582400,2.7617,2.8737,2.7352,2.8669,,2020-10-01 20:00:00+00:00
1601596800,2.8667,2.8873,2.8145,2.8665,,2020-10-02 00:00:00+00:00
1601611200,2.8675,2.8751,2.6339,2.6666,,2020-10-02 04:00:00+00:00
1601625600,2.6599,2.6703,2.42,2.4724,,2020-10-02 08:00:00+00:00
1601640000,2.4731,2.6618,2.4482,2.6123,,2020-10-02 12:00:00+00:00
1601654400,2.6103,2.6723,2.5822,2.6079,,2020-10-02 16:00:00+00:00
1601668800,2.6068,2.6544,2.5504,2.6232,,2020-10-02 20:00:00+00:00
1601683200,2.6231,2.6479,2.6037,2.6338,,2020-10-03 00:00:00+00:00
1601697600,2.6338,2.6462,2.6119,2.6359,,2020-10-03 04:00:00+00:00
1601712000,2.6337,2.6656,2.609,2.6633,,2020-10-03 08:00:00+00:00
1601726400,2.6654,2.6708,2.6316,2.635,,2020-10-03 12:00:00+00:00
1601740800,2.6315,2.6649,2.631,2.6566,,2020-10-03 16:00:00+00:00
1601755200,2.6523,2.6584,2.5356,2.5439,,2020-10-03 20:00:00+00:00
1601769600,2.542,2.5536,2.4511,2.5,,2020-10-04 00:00:00+00:00
1601784000,2.5002,2.5566,2.5002,2.5539,,2020-10-04 04:00:00+00:00
1601798400,2.5523,2.5898,2.5112,2.5377,,2020-10-04 08:00:00+00:00
1601812800,2.5322,2.5424,2.4551,2.4551,,2020-10-04 12:00:00+00:00
1601827200,2.4632,2.4939,2.42,2.4781,,2020-10-04 16:00:00+00:00
1601841600,2.4765,2.53,2.4739,2.5202,,2020-10-04 20:00:00+00:00
1601856000,2.5181,2.5694,2.5125,2.5167,,2020-10-05 00:00:00+00:00
1601870400,2.5166,2.5273,2.4561,2.4901,,2020-10-05 04:00:00+00:00
1601884800,2.4905,2.5445,2.4661,2.5282,,2020-10-05 08:00:00+00:00
1601899200,2.5224,2.6286,2.52,2.6139,,2020-10-05 12:00:00+00:00
1601913600,2.6185,2.6673,2.6001,2.618,,2020-10-05 16:00:00+00:00
1601928000,2.618,2.683,2.6066,2.6522,,2020-10-05 20:00:00+00:00
1601942400,2.6486,2.6604,2.59,2.59,,2020-10-06 00:00:00+00:00
1601956800,2.5898,2.6039,2.522,2.5298,,2020-10-06 04:00:00+00:00
1601971200,2.5269,2.555,2.366,2.3974,,2020-10-06 08:00:00+00:00
1601985600,2.3938,2.499,2.3448,2.4376,,2020-10-06 12:00:00+00:00
1602000000,2.4323,2.4371,2.26,2.2676,,2020-10-06 16:00:00+00:00
1602014400,2.2648,2.2797,2.13,2.174,,2020-10-06 20:00:00+00:00
1602028800,2.1721,2.2174,2.081,2.1822,,2020-10-07 00:00:00+00:00
1602043200,2.1861,2.3066,2.161,2.2604,,2020-10-07 04:00:00+00:00
1602057600,2.2588,2.2648,2.17,2.2119,,2020-10-07 08:00:00+00:00
1602072000,2.2118,2.2867,2.2118,2.2598,,2020-10-07 12:00:00+00:00
1602086400,2.2598,2.4083,2.2137,2.3276,,2020-10-07 16:00:00+00:00
1602100800,2.3275,2.3375,2.2504,2.3005,,2020-10-07 20:00:00+00:00
1602115200,2.3001,2.3133,2.2209,2.2459,,2020-10-08 00:00:00+00:00
1602129600,2.2403,2.2438,2.0123,2.0839,,2020-10-08 04:00:00+00:00
1602144000,2.0846,2.2077,2.0556,2.1653,,2020-10-08 08:00:00+00:00
1602158400,2.1679,2.4251,2.1494,2.4251,,2020-10-08 12:00:00+00:00
1602172800,2.425,2.4569,2.2916,2.32,,2020-10-08 16:00:00+00:00
1602187200,2.328,2.3853,2.31,2.3638,,2020-10-08 20:00:00+00:00
1602201600,2.3686,2.4299,2.303,2.3828,,2020-10-09 00:00:00+00:00
1602216000,2.3829,2.4144,2.3239,2.409,,2020-10-09 04:00:00+00:00
1602230400,2.4035,2.625,2.393,2.5417,,2020-10-09 08:00:00+00:00
1602244800,2.5465,2.63,2.5301,2.5926,,2020-10-09 12:00:00+00:00
1602259200,2.5925,2.6088,2.4671,2.4924,,2020-10-09 16:00:00+00:00
1602273600,2.4845,2.5775,2.4845,2.5314,,2020-10-09 20:00:00+00:00
1602288000,2.5274,2.6056,2.5212,2.5715,,2020-10-10 00:00:00+00:00
1602302400,2.5719,2.5774,2.47,2.5316,,2020-10-10 04:00:00+00:00
1602316800,2.5316,2.5797,2.4757,2.5026,,2020-10-10 08:00:00+00:00
1602331200,2.4957,2.5485,2.4696,2.5026,,2020-10-10 12:00:00+00:00
1602345600,2.498,2.5128,2.4342,2.4472,,2020-10-10 16:00:00+00:00
1602360000,2.4422,2.47,2.3873,2.3999,,2020-10-10 20:00:00+00:00
1602374400,2.3988,2.4167,2.3401,2.3469,,2020-10-11 00:00:00+00:00
1602388800,2.3462,2.3954,2.3431,2.3859,,2020-10-11 04:00:00+00:00
1602403200,2.3854,2.4607,2.3701,2.4562,,2020-10-11 08:00:00+00:00
1602417600,2.4535,2.46,2.38,2.4174,,2020-10-11 12:00:00+00:00
1602432000,2.4153,2.45,2.3775,2.4247,,2020-10-11 16:00:00+00:00
1602446400,2.4247,2.4302,2.3932,2.4227,,2020-10-11 20:00:00+00:00
1602460800,2.4228,2.5042,2.4132,2.4949,,2020-10-12 00:00:00+00:00
1602475200,2.4945,2.6,2.4714,2.5719,,2020-10-12 04:00:00+00:00
1602489600,2.5757,2.5902,2.4272,2.4704,,2020-10-12 08:00:00+00:00
1602504000,2.471,2.5718,2.4662,2.5372,,2020-10-12 12:00:00+00:00
1602518400,2.5435,2.6567,2.5394,2.6255,,2020-10-12 16:00:00+00:00
1602532800,2.6243,2.7044,2.561,2.5836,,2020-10-12 20:00:00+00:00
1602547200,2.5826,2.5867,2.4443,2.4726,,2020-10-13 00:00:00+00:00
1602561600,2.4716,2.5535,2.4492,2.4882,,2020-10-13 04:00:00+00:00
1602576000,2.4856,2.54,2.4457,2.5068,,2020-10-13 08:00:00+00:00
1602590400,2.5068,2.555,2.4,2.426,,2020-10-13 12:00:00+00:00
1602604800,2.426,2.4394,2.336,2.3632,,2020-10-13 16:00:00+00:00
1602619200,2.3633,2.435,2.3502,2.4062,,2020-10-13 20:00:00+00:00
1602633600,2.4061,2.4424,2.3786,2.3847,,2020-10-14 00:00:00+00:00
1602648000,2.382,2.4105,2.3541,2.3839,,2020-10-14 04:00:00+00:00
1602662400,2.3839,2.4009,2.3429,2.345,,2020-10-14 08:00:00+00:00
1602676800,2.3442,2.3977,2.253,2.2667,,2020-10-14 12:00:00+00:00
1602691200,2.2636,2.2797,2.2331,2.2588,,2020-10-14 16:00:00+00:00
1602705600,2.2552,2.32,2.2502,2.3107,,2020-10-14 20:00:00+00:00
1602720000,2.3108,2.3108,2.2321,2.258,,2020-10-15 00:00:00+00:00
1602734400,2.2559,2.3485,2.2331,2.3232,,2020-10-15 04:00:00+00:00
1602748800,2.3257,2.3325,2.1932,2.2439,,2020-10-15 08:00:00+00:00
1602763200,2.2456,2.2966,2.228,2.2921,,2020-10-15 12:00:00+00:00
1602777600,2.2893,2.3058,2.2506,2.2958,,2020-10-15 16:00:00+00:00
1602792000,2.297,2.3073,2.2631,2.2682,,2020-10-15 20:00:00+00:00
1602806400,2.2648,2.269,2.2127,2.2241,,2020-10-16 00:00:00+00:00
1602820800,2.2201,2.2201,2.1071,2.1344,,2020-10-16 04:00:00+00:00
1602835200,2.1305,2.19,2.1305,2.1739,,2020-10-16 08:00:00+00:00
1602849600,2.1745,2.1997,2.145,2.1957,,2020-10-16 12:00:00+00:00
1602864000,2.1954,2.253,2.139,2.1607,,2020-10-16 16:00:00+00:00
1602878400,2.1516,2.2086,2.1334,2.1398,,2020-10-16 20:00:00+00:00
1602892800,2.1374,2.2086,2.1107,2.2049,,2020-10-17 00:00:00+00:00
1602907200,2.2094,2.246,2.1954,2.2212,,2020-10-17 04:00:00+00:00
1602921600,2.2241,2.2462,2.2025,2.2145,,2020-10-17 08:00:00+00:00
1602936000,2.2121,2.2339,2.1573,2.1737,,2020-10-17 12:00:00+00:00
1602950400,2.1725,2.1881,2.16,2.1785,,2020-10-17 16:00:00+00:00
1602964800,2.1787,2.2106,2.174,2.2053,,2020-10-17 20:00:00+00:00
1602979200,2.2031,2.2297,2.1936,2.2107,,2020-10-18 00:00:00+00:00
1602993600,2.2107,2.2423,2.2076,2.2375,,2020-10-18 04:00:00+00:00
1603008000,2.2399,2.248,2.1897,2.1989,,2020-10-18 08:00:00+00:00
1603022400,2.1998,2.2449,2.1989,2.232,,2020-10-18 12:00:00+00:00
1603036800,2.2353,2.2595,2.2165,2.2319,,2020-10-18 16:00:00+00:00
1603051200,2.2288,2.2352,2.1763,2.215,,2020-10-18 20:00:00+00:00
1603065600,2.2137,2.2148,2.1105,2.1132,,2020-10-19 00:00:00+00:00
1603080000,2.1105,2.1229,2.0788,2.1084,,2020-10-19 04:00:00+00:00
1603094400,2.1075,2.1083,2.05,2.0643,,2020-10-19 08:00:00+00:00
1603108800,2.0629,2.1149,2.055,2.1039,,2020-10-19 12:00:00+00:00
1603123200,2.1091,2.11,2.0652,2.0947,,2020-10-19 16:00:00+00:00
1603137600,2.0972,2.1109,2.0512,2.0592,,2020-10-19 20:00:00+00:00
1603152000,2.0552,2.108,2.0349,2.0587,,2020-10-20 00:00:00+00:00
1603166400,2.0601,2.0628,1.9583,1.9789,,2020-10-20 04:00:00+00:00
1603180800,1.9788,1.98,1.8401,1.8505,,2020-10-20 08:00:00+00:00
1603195200,1.8506,1.9739,1.8486,1.896,,2020-10-20 12:00:00+00:00
1603209600,1.8969,1.9257,1.8694,1.8945,,2020-10-20 16:00:00+00:00
1603224000,1.8889,1.9434,1.878,1.885,,2020-10-20 20:00:00+00:00
1603238400,1.8873,1.98,1.8812,1.9773,,2020-10-21 00:00:00+00:00
1603252800,1.9773,2.0,1.9164,1.9287,,2020-10-21 04:00:00+00:00
1603267200,1.9293,1.94,1.9139,1.9182,,2020-10-21 08:00:00+00:00
1603281600,1.9193,2.11,1.887,1.989,,2020-10-21 12:00:00+00:00
1603296000,1.989,2.0034,1.8798,1.9122,,2020-10-21 16:00:00+00:00
1603310400,1.9083,1.9491,1.8415,1.8887,,2020-10-21 20:00:00+00:00
1603324800,1.8868,1.949,1.8481,1.9433,,2020-10-22 00:00:00+00:00
1603339200,1.9448,1.9875,1.94,1.978,,2020-10-22 04:00:00+00:00
1603353600,1.9766,2.0736,1.9755,2.0688,,2020-10-22 08:00:00+00:00
1603368000,2.0688,2.09,2.02,2.05,,2020-10-22 12:00:00+00:00
1603382400,2.0494,2.0677,2.01,2.01,,2020-10-22 16:00:00+00:00
1603396800,2.0086,2.0261,1.9392,1.9582,,2020-10-22 20:00:00+00:00
1603411200,1.9566,1.971,1.9073,1.95,,2020-10-23 00:00:00+00:00
1603425600,1.9475,1.9874,1.915,1.9216,,2020-10-23 04:00:00+00:00
1603440000,1.9257,1.9695,1.9199,1.9544,,2020-10-23 08:00:00+00:00
1603454400,1.9524,1.9902,1.9205,1.9229,,2020-10-23 12:00:00+00:00
1603468800,1.9251,1.9342,1.85,1.9335,,2020-10-23 16:00:00+00:00
1603483200,1.9314,1.9685,1.93,1.959,,2020-10-23 20:00:00+00:00
1603497600,1.9652,1.9663,1.9073,1.9333,,2020-10-24 00:00:00+00:00
1603512000,1.9366,1.9553,1.907,1.907,,2020-10-24 04:00:00+00:00
1603526400,1.9067,1.9346,1.899,1.9278,,2020-10-24 08:00:00+00:00
1603540800,1.9278,1.9632,1.9146,1.9316,,2020-10-24 12:00:00+00:00
1603555200,1.9303,1.973,1.9147,1.9377,,2020-10-24 16:00:00+00:00
1603569600,1.9359,1.9366,1.88,1.9142,,2020-10-24 20:00:00+00:00
1603584000,1.9175,1.9244,1.8001,1.9151,,2020-10-25 00:00:00+00:00
1603598400,1.9118,1.9239,1.8458,1.8817,,2020-10-25 04:00:00+00:00
1603612800,1.8806,1.8927,1.8712,1.8779,,2020-10-25 08:00:00+00:00
1603627200,1.8737,1.895,1.8328,1.8439,,2020-10-25 12:00:00+00:00
1603641600,1.8416,1.8669,1.815,1.826,,2020-10-25 16:00:00+00:00
1603656000,1.8282,1.837,1.76,1.7926,,2020-10-25 20:00:00+00:00
1603670400,1.7925,1.833,1.775,1.8302,,2020-10-26 00:00:00+00:00
1603684800,1.8275,1.8499,1.8235,1.8377,,2020-10-26 04:00:00+00:00
1603699200,1.8377,1.8525,1.8133,1.8434,,2020-10-26 08:00:00+00:00
1603713600,1.8417,1.8685,1.7699,1.7812,,2020-10-26 12:00:00+00:00
1603728000,1.7808,1.785,1.6121,1.6632,,2020-10-26 16:00:00+00:00
1603742400,1.6614,1.7015,1.6464,1.6799,,2020-10-26 20:00:00+00:00
1603756800,1.6771,1.715,1.6649,1.6693,,2020-10-27 00:00:00+00:00
1603771200,1.6705,1.6982,1.6475,1.6558,,2020-10-27 04:00:00+00:00
1603785600,1.6543,1.6975,1.5906,1.6849,,2020-10-27 08:00:00+00:00
1603800000,1.6861,1.75,1.6805,1.7327,,2020-10-27 12:00:00+00:00
1603814400,1.7307,1.75,1.6756,1.6962,,2020-10-27 16:00:00+00:00
1603828800,1.6925,1.7225,1.6717,1.711,,2020-10-27 20:00:00+00:00
1603843200,1.7084,1.7255,1.56,1.5752,,2020-10-28 00:00:00+00:00
1603857600,1.5722,1.5943,1.52,1.5472,,2020-10-28 04:00:00+00:00
1603872000,1.5472,1.599,1.4508,1.5563,,2020-10-28 08:00:00+00:00
1603886400,1.5542,1.6344,1.5316,1.5514,,2020-10-28 12:00:00+00:00
1603900800,1.5477,1.5477,1.4913,1.5,,2020-10-28 16:00:00+00:00
1603915200,1.5001,1.5711,1.4669,1.518,,2020-10-28 20:00:00+00:00
1603929600,1.5166,1.5729,1.5156,1.5724,,2020-10-29 00:00:00+00:00
1603944000,1.5744,1.5754,1.52,1.5253,,2020-10-29 04:00:00+00:00
1603958400,1.5245,1.5379,1.496,1.4971,,2020-10-29 08:00:00+00:00
1603972800,1.4954,1.5265,1.4513,1.4924,,2020-10-29 12:00:00+00:00
1603987200,1.4933,1.4948,1.4686,1.4724,,2020-10-29 16:00:00+00:00
1604001600,1.47,1.4893,1.4148,1.4327,,2020-10-29 20:00:00+00:00
1604016000,1.4328,1.4583,1.3891,1.4,,2020-10-30 00:00:00+00:00
1604030400,1.4,1.4151,1.3163,1.3746,,2020-10-30 04:00:00+00:00
1604044800,1.3774,1.4,1.3426,1.3791,,2020-10-30 08:00:00+00:00
1604059200,1.3792,1.4537,1.3751,1.4487,,2020-10-30 12:00:00+00:00
1604073600,1.4481,1.4726,1.4277,1.4623,,2020-10-30 16:00:00+00:00
1604088000,1.4624,1.4721,1.4365,1.4381,,2020-10-30 20:00:00+00:00
1604102400,1.4383,1.4864,1.4266,1.4864,,2020-10-31 00:00:00+00:00
1604116800,1.4864,1.5173,1.4729,1.5067,,2020-10-31 04:00:00+00:00
1604131200,1.5086,1.5193,1.4554,1.4788,,2020-10-31 08:00:00+00:00
1604145600,1.4787,1.522,1.4731,1.5175,,2020-10-31 12:00:00+00:00
1604160000,1.5227,1.534,1.4938,1.523,,2020-10-31 16:00:00+00:00
1604174400,1.523,1.558,1.5216,1.5497,,2020-10-31 20:00:00+00:00
1604188800,1.5497,1.5797,1.5303,1.5367,,2020-11-01 00:00:00+00:00
1604203200,1.5359,1.5544,1.5224,1.5533,,2020-11-01 04:00:00+00:00
1604217600,1.5546,1.5569,1.5137,1.5384,,2020-11-01 08:00:00+00:00
1604232000,1.5371,1.577,1.5286,1.5699,,2020-11-01 12:00:00+00:00
1604246400,1.5679,1.6292,1.567,1.5989,,2020-11-01 16:00:00+00:00
1604260800,1.5989,1.6463,1.59,1.608,,2020-11-01 20:00:00+00:00
1604275200,1.6076,1.6432,1.5846,1.5931,,2020-11-02 00:00:00+00:00
1604289600,1.5921,1.604,1.5801,1.5986,,2020-11-02 04:00:00+00:00
1604304000,1.5961,1.5982,1.48,1.4837,,2020-11-02 08:00:00+00:00
1604318400,1.4866,1.5023,1.4621,1.4871,,2020-11-02 12:00:00+00:00
1604332800,1.4871,1.4871,1.4689,1.4771,,2020-11-02 16:00:00+00:00
1604347200,1.4799,1.494,1.4705,1.4738,,2020-11-02 20:00:00+00:00
1604361600,1.4729,1.484,1.4322,1.44,,2020-11-03 00:00:00+00:00
1604376000,1.44,1.4536,1.4164,1.4492,,2020-11-03 04:00:00+00:00
1604390400,1.4484,1.4664,1.4309,1.4481,,2020-11-03 08:00:00+00:00
1604404800,1.4472,1.4747,1.421,1.4373,,2020-11-03 12:00:00+00:00
1604419200,1.4395,1.4422,1.415,1.4366,,2020-11-03 16:00:00+00:00
1604433600,1.4373,1.4412,1.4062,1.4118,,2020-11-03 20:00:00+00:00
1604448000,1.4123,1.4144,1.3454,1.35,,2020-11-04 00:00:00+00:00
1604462400,1.3534,1.3693,1.3435,1.3526,,2020-11-04 04:00:00+00:00
1604476800,1.3498,1.4,1.3455,1.3586,,2020-11-04 08:00:00+00:00
1604491200,1.3584,1.3664,1.2788,1.2985,,2020-11-04 12:00:00+00:00
1604505600,1.2985,1.4083,1.2733,1.3903,,2020-11-04 16:00:00+00:00
1604520000,1.392,1.4098,1.385,1.3912,,2020-11-04 20:00:00+00:00
1604534400,1.3895,1.4089,1.3894,1.4025,,2020-11-05 00:00:00+00:00
1604548800,1.4025,1.4329,1.4022,1.4229,,2020-11-05 04:00:00+00:00
1604563200,1.4235,1.4249,1.3421,1.3443,,2020-11-05 08:00:00+00:00
1604577600,1.3435,1.4928,1.3,1.4324,,2020-11-05 12:00:00+00:00
1604592000,1.4323,1.4783,1.3902,1.4199,,2020-11-05 16:00:00+00:00
1604606400,1.4202,1.4212,1.3864,1.4007,,2020-11-05 20:00:00+00:00
1604620800,1.403,1.5513,1.3946,1.5359,,2020-11-06 00:00:00+00:00
1604635200,1.5411,1.65,1.5379,1.6397,,2020-11-06 04:00:00+00:00
1604649600,1.6377,1.7618,1.6015,1.7132,,2020-11-06 08:00:00+00:00
1604664000,1.7138,1.7999,1.6606,1.6899,,2020-11-06 12:00:00+00:00
1604678400,1.6959,1.8942,1.6959,1.7988,,2020-11-06 16:00:00+00:00
1604692800,1.799,1.9482,1.7402,1.9,,2020-11-06 20:00:00+00:00
1604707200,1.9069,2.3705,1.9029,2.1397,,2020-11-07 00:00:00+00:00
1604721600,2.1342,2.3,2.1074,2.2113,,2020-11-07 04:00:00+00:00
1604736000,2.2133,2.45,2.1502,2.3994,,2020-11-07 08:00:00+00:00
1604750400,2.3985,2.4975,1.905,2.1707,,2020-11-07 12:00:00+00:00
1604764800,2.166,2.2301,1.8294,1.8915,,2020-11-07 16:00:00+00:00
1604779200,1.8879,2.11,1.8276,2.0215,,2020-11-07 20:00:00+00:00
1604793600,2.0264,2.1984,1.9662,2.0469,,2020-11-08 00:00:00+00:00
1604808000,2.047,2.0729,1.9751,1.9891,,2020-11-08 04:00:00+00:00
1604822400,1.9891,2.1779,1.9608,2.1674,,2020-11-08 08:00:00+00:00
1604836800,2.1668,2.2754,2.0701,2.2442,,2020-11-08 12:00:00+00:00
1604851200,2.2441,2.2825,2.118,2.1399,,2020-11-08 16:00:00+00:00
1604865600,2.1395,2.18,2.0384,2.1558,,2020-11-08 20:00:00+00:00
1604880000,2.1515,2.1991,2.077,2.1,,2020-11-09 00:00:00+00:00
1604894400,2.0977,2.1065,2.035,2.0506,,2020-11-09 04:00:00+00:00
1604908800,2.0416,2.1854,2.02,2.16,,2020-11-09 08:00:00+00:00
1604923200,2.1617,2.1775,1.9615,1.9799,,2020-11-09 12:00:00+00:00
1604937600,1.9762,2.06,1.9456,2.0544,,2020-11-09 16:00:00+00:00
1604952000,2.059,2.0763,2.0,2.0299,,2020-11-09 20:00:00+00:00
1604966400,2.0383,2.1426,2.008,2.1367,,2020-11-10 00:00:00+00:00
1604980800,2.14,2.1538,2.09,2.1302,,2020-11-10 04:00:00+00:00
1604995200,2.1314,2.2437,2.1049,2.1404,,2020-11-10 08:00:00+00:00
1605009600,2.1394,2.2393,2.1303,2.1855,,2020-11-10 12:00:00+00:00
1605024000,2.184,2.2995,2.1839,2.2478,,2020-11-10 16:00:00+00:00
1605038400,2.2453,2.3257,2.2385,2.2661,,2020-11-10 20:00:00+00:00
1605052800,2.2665,2.3,2.2467,2.261,,2020-11-11 00:00:00+00:00
1605067200,2.2647,2.2785,2.1754,2.2167,,2020-11-11 04:00:00+00:00
1605081600,2.2133,2.2204,2.1019,2.1039,,2020-11-11 08:00:00+00:00
1605096000,2.1038,2.133,2.078,2.1164,,2020-11-11 12:00:00+00:00
1605110400,2.1197,2.16,2.0126,2.0331,,2020-11-11 16:00:00+00:00
1605124800,2.0377,2.0441,1.9673,2.0,,2020-11-11 20:00:00+00:00
1605139200,2.0,2.0561,1.9104,2.0075,,2020-11-12 00:00:00+00:00
1605153600,2.012,2.06,2.0024,2.0413,,2020-11-12 04:00:00+00:00
1605168000,2.0422,2.0504,1.9418,1.9701,,2020-11-12 08:00:00+00:00
1605182400,1.9651,1.9909,1.9,1.9054,,2020-11-12 12:00:00+00:00
1605196800,1.9054,1.9061,1.825,1.8652,,2020-11-12 16:00:00+00:00
1605211200,1.8648,1.9089,1.8518,1.9089,,2020-11-12 20:00:00+00:00
1605225600,1.9089,1.9759,1.8997,1.9539,,2020-11-13 00:00:00+00:00
1605240000,1.9578,1.9721,1.9131,1.9517,,2020-11-13 04:00:00+00:00
1605254400,1.9502,2.05,1.9358,2.0018,,2020-11-13 08:00:00+00:00
1605268800,2.007,2.0808,1.9891,2.0264,,2020-11-13 12:00:00+00:00
1605283200,2.0339,2.0663,1.9644,2.0156,,2020-11-13 16:00:00+00:00
1605297600,2.0106,2.0586,1.9898,2.0141,,2020-11-13 20:00:00+00:00
1605312000,2.0222,2.0374,1.995,2.0231,,2020-11-14 00:00:00+00:00
1605326400,2.0223,2.0264,1.95,1.9576,,2020-11-14 04:00:00+00:00
1605340800,1.9573,1.9675,1.869,1.9046,,2020-11-14 08:00:00+00:00
1605355200,1.9017,1.957,1.8906,1.9215,,2020-11-14 12:00:00+00:00
1605369600,1.9131,1.9595,1.8788,1.9369,,2020-11-14 16:00:00+00:00
1605384000,1.9358,1.9509,1.915,1.9182,,2020-11-14 20:00:00+00:00
1605398400,1.9204,1.9768,1.9133,1.9669,,2020-11-15 00:00:00+00:00
1605412800,1.9694,2.1,1.96,2.0998,,2020-11-15 04:00:00+00:00
1605427200,2.0978,2.2025,2.0621,2.1223,,2020-11-15 08:00:00+00:00
1605441600,2.1223,2.1964,2.1054,2.1964,,2020-11-15 12:00:00+00:00
1605456000,2.1965,2.218,2.0263,2.0293,,2020-11-15 16:00:00+00:00
1605470400,2.0291,2.0535,1.929,2.0407,,2020-11-15 20:00:00+00:00
1605484800,2.039,2.1601,1.9858,2.1554,,2020-11-16 00:00:00+00:00
1605499200,2.1591,2.26,2.1554,2.1876,,2020-11-16 04:00:00+00:00
1605513600,2.19,2.3497,2.1712,2.2748,,2020-11-16 08:00:00+00:00
1605528000,2.2704,2.37,2.256,2.2878,,2020-11-16 12:00:00+00:00
1605542400,2.2877,2.3012,2.1801,2.2422,,2020-11-16 16:00:00+00:00
1605556800,2.2422,2.2863,2.2206,2.2626,,2020-11-16 20:00:00+00:00
1605571200,2.2665,2.3277,2.2625,2.2954,,2020-11-17 00:00:00+00:00
1605585600,2.2963,2.3262,2.2333,2.2467,,2020-11-17 04:00:00+00:00
1605600000,2.2478,2.2772,2.1903,2.2197,,2020-11-17 08:00:00+00:00
1605614400,2.2244,2.33,2.1457,2.1658,,2020-11-17 12:00:00+00:00
1605628800,2.1658,2.2499,2.125,2.2339,,2020-11-17 16:00:00+00:00
1605643200,2.2339,2.2384,2.16,2.1998,,2020-11-17 20:00:00+00:00
1605657600,2.1962,2.2173,2.1728,2.1807,,2020-11-18 00:00:00+00:00
1605672000,2.1819,2.197,2.025,2.1289,,2020-11-18 04:00:00+00:00
1605686400,2.1263,2.1423,2.0771,2.08,,2020-11-18 08:00:00+00:00
1605700800,2.0781,2.0842,2.0001,2.0678,,2020-11-18 12:00:00+00:00
1605715200,2.0628,2.134,2.05,2.0989,,2020-11-18 16:00:00+00:00
1605729600,2.098,2.1376,2.0774,2.1153,,2020-11-18 20:00:00+00:00
1605744000,2.1122,2.1254,2.0582,2.0637,,2020-11-19 00:00:00+00:00
1605758400,2.0638,2.0934,2.0372,2.0642,,2020-11-19 04:00:00+00:00
1605772800,2.0625,2.072,2.0136,2.0676,,2020-11-19 08:00:00+00:00
1605787200,2.0676,2.1848,2.0601,2.1538,,2020-11-19 12:00:00+00:00
1605801600,2.1532,2.1778,2.098,2.1066,,2020-11-19 16:00:00+00:00
1605816000,2.1023,2.1301,2.03,2.085,,2020-11-19 20:00:00+00:00
1605830400,2.0841,2.1108,2.0521,2.1062,,2020-11-20 00:00:00+00:00
1605844800,2.1054,2.1724,2.0864,2.1724,,2020-11-20 04:00:00+00:00
1605859200,2.1673,2.21,2.1611,2.1867,,2020-11-20 08:00:00+00:00
1605873600,2.1868,2.2387,2.1289,2.1506,,2020-11-20 12:00:00+00:00
1605888000,2.1596,2.1691,2.1219,2.1447,,2020-11-20 16:00:00+00:00
1605902400,2.1456,2.1607,2.0844,2.1033,,2020-11-20 20:00:00+00:00
1605916800,2.0999,2.1457,2.0599,2.0624,,2020-11-21 00:00:00+00:00
1605931200,2.0621,2.17,2.0351,2.1687,,2020-11-21 04:00:00+00:00
1605945600,2.1687,2.2427,2.1456,2.1652,,2020-11-21 08:00:00+00:00
1605960000,2.1685,2.4,2.14,2.395,,2020-11-21 12:00:00+00:00
1605974400,2.395,2.51,2.2621,2.4512,,2020-11-21 16:00:00+00:00
1605988800,2.4514,2.4514,2.2913,2.3822,,2020-11-21 20:00:00+00:00
1606003200,2.3825,2.4201,2.1,2.2195,,2020-11-22 00:00:00+00:00
1606017600,2.2159,2.222,2.101,2.2044,,2020-11-22 04:00:00+00:00
1606032000,2.204,2.25,2.04,2.1003,,2020-11-22 08:00:00+00:00
1606046400,2.1003,2.2155,2.0846,2.18,,2020-11-22 12:00:00+00:00
1606060800,2.1762,2.28,2.1378,2.273,,2020-11-22 16:00:00+00:00
1606075200,2.2729,2.28,2.139,2.1514,,2020-11-22 20:00:00+00:00
1606089600,2.161,2.2507,2.112,2.231,,2020-11-23 00:00:00+00:00
1606104000,2.2291,2.3199,2.2254,2.2662,,2020-11-23 04:00:00+00:00
1606118400,2.2692,2.3635,2.2571,2.2957,,2020-11-23 08:00:00+00:00
1606132800,2.2957,2.3253,2.1851,2.2034,,2020-11-23 12:00:00+00:00
1606147200,2.205,2.2673,2.15,2.2326,,2020-11-23 16:00:00+00:00
1606161600,2.2323,2.32,2.217,2.2786,,2020-11-23 20:00:00+00:00
1606176000,2.2786,2.44,2.2239,2.386,,2020-11-24 00:00:00+00:00
1606190400,2.3824,2.4575,2.2,2.3666,,2020-11-24 04:00:00+00:00
1606204800,2.3666,2.4731,2.16,2.2313,,2020-11-24 08:00:00+00:00
1606219200,2.2238,2.2533,2.1338,2.2312,,2020-11-24 12:00:00+00:00
1606233600,2.2386,2.2889,2.19,2.2669,,2020-11-24 16:00:00+00:00
1606248000,2.2655,2.294,2.2095,2.2823,,2020-11-24 20:00:00+00:00
1606262400,2.2795,2.3753,2.1703,2.1969,,2020-11-25 00:00:00+00:00
1606276800,2.1967,2.2654,2.18,2.2475,,2020-11-25 04:00:00+00:00
1606291200,2.2476,2.3488,2.2244,2.2956,,2020-11-25 08:00:00+00:00
1606305600,2.2979,2.4609,2.2827,2.417,,2020-11-25 12:00:00+00:00
1606320000,2.42,2.49,2.3634,2.4167,,2020-11-25 16:00:00+00:00
1606334400,2.4166,2.4382,2.1999,2.2661,,2020-11-25 20:00:00+00:00
1606348800,2.2653,2.3101,1.782,1.936,,2020-11-26 00:00:00+00:00
1606363200,1.936,1.9617,1.8111,1.8298,,2020-11-26 04:00:00+00:00
1606377600,1.8377,1.8941,1.7212,1.8408,,2020-11-26 08:00:00+00:00
1606392000,1.8392,1.8726,1.8,1.8278,,2020-11-26 12:00:00+00:00
1606406400,1.8276,1.8384,1.7334,1.7963,,2020-11-26 16:00:00+00:00
1606420800,1.7988,1.9195,1.7953,1.9111,,2020-11-26 20:00:00+00:00
1606435200,1.9117,2.04,1.8926,1.95,,2020-11-27 00:00:00+00:00
1606449600,1.9574,1.9714,1.9123,1.9149,,2020-11-27 04:00:00+00:00
1606464000,1.9212,1.9255,1.8018,1.8284,,2020-11-27 08:00:00+00:00
1606478400,1.8266,1.9464,1.78,1.78,,2020-11-27 12:00:00+00:00
1606492800,1.78,1.8322,1.7694,1.8127,,2020-11-27 16:00:00+00:00
1606507200,1.8157,1.8636,1.8028,1.861,,2020-11-27 20:00:00+00:00
1606521600,1.8644,1.8753,1.8323,1.8427,,2020-11-28 00:00:00+00:00
1606536000,1.8427,1.8717,1.8226,1.8351,,2020-11-28 04:00:00+00:00
1606550400,1.8366,1.8715,1.8016,1.8662,,2020-11-28 08:00:00+00:00
1606564800,1.8662,1.938,1.8507,1.9254,,2020-11-28 12:00:00+00:00
1606579200,1.93,1.94,1.8989,1.9145,,2020-11-28 16:00:00+00:00
1606593600,1.9144,1.9144,1.8651,1.8868,,2020-11-28 20:00:00+00:00
1606608000,1.8858,1.8964,1.85,1.8949,,2020-11-29 00:00:00+00:00
1606622400,1.886,1.8933,1.861,1.8899,,2020-11-29 04:00:00+00:00
1606636800,1.8906,1.947,1.8894,1.9275,,2020-11-29 08:00:00+00:00
1606651200,1.9267,1.9396,1.8947,1.915,,2020-11-29 12:00:00+00:00
1606665600,1.915,1.917,1.8666,1.8721,,2020-11-29 16:00:00+00:00
1606680000,1.8729,1.9249,1.8665,1.9153,,2020-11-29 20:00:00+00:00
1606694400,1.9184,1.9815,1.9184,1.9662,,2020-11-30 00:00:00+00:00
1606708800,1.9678,1.9683,1.9363,1.9453,,2020-11-30 04:00:00+00:00
1606723200,1.9453,1.9611,1.9034,1.9607,,2020-11-30 08:00:00+00:00
1606737600,1.9607,2.0182,1.9382,1.9586,,2020-11-30 12:00:00+00:00
1606752000,1.96,2.0133,1.956,1.968,,2020-11-30 16:00:00+00:00
1606766400,1.9639,1.9873,1.9501,1.9665,,2020-11-30 20:00:00+00:00
1606780800,1.9641,1.99,1.9333,1.9705,,2020-12-01 00:00:00+00:00
1606795200,1.9708,2.1404,1.9705,2.1249,,2020-12-01 04:00:00+00:00
1606809600,2.1249,2.1305,2.0262,2.067,,2020-12-01 08:00:00+00:00
1606824000,2.0673,2.098,1.9168,2.046,,2020-12-01 12:00:00+00:00
1606838400,2.0461,2.0652,1.9606,2.005,,2020-12-01 16:00:00+00:00
1606852800,1.9997,2.0423,1.9718,1.9738,,2020-12-01 20:00:00+00:00
1606867200,1.9702,2.085,1.9333,2.0188,,2020-12-02 00:00:00+00:00
1606881600,2.0261,2.065,1.9863,2.0601,,2020-12-02 04:00:00+00:00
1606896000,2.06,2.0988,2.0363,2.0874,,2020-12-02 08:00:00+00:00
1606910400,2.0872,2.1498,2.0447,2.1172,,2020-12-02 12:00:00+00:00
1606924800,2.1178,2.2098,2.091,2.1356,,2020-12-02 16:00:00+00:00
1606939200,2.1348,2.1348,2.0905,2.1209,,2020-12-02 20:00:00+00:00
1606953600,2.119,2.1491,2.074,2.1438,,2020-12-03 00:00:00+00:00
1606968000,2.1438,2.2258,2.1205,2.1803,,2020-12-03 04:00:00+00:00
1606982400,2.1816,2.2234,2.1755,2.2072,,2020-12-03 08:00:00+00:00
1606996800,2.2073,2.2279,2.1048,2.1074,,2020-12-03 12:00:00+00:00
1607011200,2.1101,2.136,2.08,2.1138,,2020-12-03 16:00:00+00:00
1607025600,2.1163,2.1217,2.086,2.0967,,2020-12-03 20:00:00+00:00
1607040000,2.0967,2.1123,2.0061,2.0109,,2020-12-04 00:00:00+00:00
1607054400,2.0113,2.0785,2.0015,2.0404,,2020-12-04 04:00:00+00:00
1607068800,2.0404,2.0798,1.9506,1.9507,,2020-12-04 08:00:00+00:00
1607083200,1.9506,1.9884,1.935,1.9659,,2020-12-04 12:00:00+00:00
1607097600,1.9646,1.9646,1.9321,1.9449,,2020-12-04 16:00:00+00:00
1607112000,1.9434,1.9447,1.836,1.8535,,2020-12-04 20:00:00+00:00
1607126400,1.8507,1.8703,1.82,1.864,,2020-12-05 00:00:00+00:00
1607140800,1.8659,1.901,1.851,1.8922,,2020-12-05 04:00:00+00:00
1607155200,1.893,1.9353,1.893,1.9119,,2020-12-05 08:00:00+00:00
1607169600,1.9132,1.946,1.888,1.935,,2020-12-05 12:00:00+00:00
1607184000,1.9348,1.9799,1.9262,1.9761,,2020-12-05 16:00:00+00:00
1607198400,1.9761,1.983,1.9471,1.9795,,2020-12-05 20:00:00+00:00
1607212800,1.9795,1.9907,1.9181,1.9223,,2020-12-06 00:00:00+00:00
1607227200,1.9211,1.9381,1.9026,1.9381,,2020-12-06 04:00:00+00:00
1607241600,1.9381,1.9399,1.8494,1.8768,,2020-12-06 08:00:00+00:00
1607256000,1.8775,1.8783,1.7956,1.8432,,2020-12-06 12:00:00+00:00
1607270400,1.8431,1.8621,1.8318,1.8491,,2020-12-06 16:00:00+00:00
1607284800,1.8496,1.86,1.8389,1.8505,,2020-12-06 20:00:00+00:00
1607299200,1.8515,1.8535,1.8395,1.8399,,2020-12-07 00:00:00+00:00
1607313600,1.8396,1.855,1.8349,1.8528,,2020-12-07 04:00:00+00:00
1607328000,1.852,1.8521,1.8198,1.827,,2020-12-07 08:00:00+00:00
1607342400,1.8269,1.8926,1.8255,1.8896,,2020-12-07 12:00:00+00:00
1607356800,1.8902,1.899,1.8145,1.8164,,2020-12-07 16:00:00+00:00
1607371200,1.8156,1.8341,1.8088,1.8272,,2020-12-07 20:00:00+00:00
1607385600,1.8301,1.8301,1.7737,1.7916,,2020-12-08 00:00:00+00:00
1607400000,1.7911,1.8139,1.781,1.7942,,2020-12-08 04:00:00+00:00
1607414400,1.7918,1.7948,1.6475,1.6792,,2020-12-08 08:00:00+00:00
1607428800,1.6762,1.7149,1.6551,1.7081,,2020-12-08 12:00:00+00:00
1607443200,1.7062,1.7623,1.6976,1.7361,,2020-12-08 16:00:00+00:00
1607457600,1.7357,1.7357,1.6211,1.6631,,2020-12-08 20:00:00+00:00
1607472000,1.66,1.6729,1.6407,1.6569,,2020-12-09 00:00:00+00:00
1607486400,1.6584,1.6594,1.5516,1.5516,,2020-12-09 04:00:00+00:00
1607500800,1.5517,1.6346,1.5,1.6313,,2020-12-09 08:00:00+00:00
1607515200,1.6293,1.6532,1.6074,1.6461,,2020-12-09 12:00:00+00:00
1607529600,1.6485,1.6497,1.6,1.6131,,2020-12-09 16:00:00+00:00
1607544000,1.6128,1.6777,1.6095,1.6592,,2020-12-09 20:00:00+00:00
1607558400,1.6599,1.6664,1.6151,1.6179,,2020-12-10 00:00:00+00:00
1607572800,1.6171,1.6266,1.579,1.5922,,2020-12-10 04:00:00+00:00
1607587200,1.5912,1.6426,1.55,1.5737,,2020-12-10 08:00:00+00:00
1607601600,1.5715,1.5965,1.5395,1.5661,,2020-12-10 12:00:00+00:00
1607616000,1.5664,1.6173,1.5592,1.6123,,2020-12-10 16:00:00+00:00
1607630400,1.6121,1.621,1.5683,1.5683,,2020-12-10 20:00:00+00:00
1607644800,1.5739,1.5774,1.4888,1.5146,,2020-12-11 00:00:00+00:00
1607659200,1.5129,1.5235,1.4737,1.5035,,2020-12-11 04:00:00+00:00
1607673600,1.5049,1.5231,1.4493,1.45,,2020-12-11 08:00:00+00:00
1607688000,1.45,1.4978,1.4328,1.4934,,2020-12-11 12:00:00+00:00
1607702400,1.4919,1.4919,1.4529,1.4739,,2020-12-11 16:00:00+00:00
1607716800,1.475,1.5,1.4367,1.4389,,2020-12-11 20:00:00+00:00
1607731200,1.4368,1.5194,1.4366,1.4882,,2020-12-12 00:00:00+00:00
1607745600,1.4873,1.5239,1.4803,1.5051,,2020-12-12 04:00:00+00:00
1607760000,1.5053,1.5342,1.4942,1.5327,,2020-12-12 08:00:00+00:00
1607774400,1.5325,1.5382,1.4631,1.4739,,2020-12-12 12:00:00+00:00
1607788800,1.4758,1.5165,1.4667,1.512,,2020-12-12 16:00:00+00:00
1607803200,1.512,1.5172,1.4881,1.4912,,2020-12-12 20:00:00+00:00
1607817600,1.4909,1.4983,1.4702,1.4711,,2020-12-13 00:00:00+00:00
1607832000,1.4721,1.5218,1.4578,1.5183,,2020-12-13 04:00:00+00:00
1607846400,1.5183,1.567,1.5171,1.5592,,2020-12-13 08:00:00+00:00
1607860800,1.5578,1.7,1.5543,1.5848,,2020-12-13 12:00:00+00:00
1607875200,1.5848,1.6155,1.5848,1.5859,,2020-12-13 16:00:00+00:00
1607889600,1.5854,1.5869,1.5429,1.5701,,2020-12-13 20:00:00+00:00
1607904000,1.5651,1.6,1.5411,1.5948,,2020-12-14 00:00:00+00:00
1607918400,1.5946,1.5981,1.5745,1.5873,,2020-12-14 04:00:00+00:00
1607932800,1.587,1.6253,1.5331,1.5467,,2020-12-14 08:00:00+00:00
1607947200,1.5467,1.5809,1.5224,1.563,,2020-12-14 12:00:00+00:00
1607961600,1.5657,1.566,1.5412,1.5507,,2020-12-14 16:00:00+00:00
1607976000,1.5504,1.608,1.5411,1.5946,,2020-12-14 20:00:00+00:00
1607990400,1.594,1.7715,1.5875,1.7368,,2020-12-15 00:00:00+00:00
1608004800,1.7367,1.7367,1.6527,1.7256,,2020-12-15 04:00:00+00:00
1608019200,1.7264,1.8039,1.6665,1.7723,,2020-12-15 08:00:00+00:00
1608033600,1.772,1.7875,1.7142,1.7294,,2020-12-15 12:00:00+00:00
1608048000,1.7303,1.7645,1.7021,1.747,,2020-12-15 16:00:00+00:00
1608062400,1.748,1.7623,1.7003,1.7586,,2020-12-15 20:00:00+00:00
1608076800,1.7577,1.7622,1.6025,1.6278,,2020-12-16 00:00:00+00:00
1608091200,1.6293,1.687,1.6204,1.6574,,2020-12-16 04:00:00+00:00
1608105600,1.6593,1.6852,1.6312,1.6391,,2020-12-16 08:00:00+00:00
1608120000,1.6392,1.7691,1.62,1.7343,,2020-12-16 12:00:00+00:00
1608134400,1.7343,1.7498,1.6865,1.6985,,2020-12-16 16:00:00+00:00
1608148800,1.7033,1.7919,1.6944,1.7829,,2020-12-16 20:00:00+00:00
1608163200,1.78,1.8064,1.6902,1.7104,,2020-12-17 00:00:00+00:00
1608177600,1.712,1.7437,1.6786,1.7371,,2020-12-17 04:00:00+00:00
1608192000,1.7388,1.8,1.67,1.7367,,2020-12-17 08:00:00+00:00
1608206400,1.7367,1.7544,1.7056,1.7375,,2020-12-17 12:00:00+00:00
1608220800,1.7415,1.7632,1.6587,1.6724,,2020-12-17 16:00:00+00:00
1608235200,1.6699,1.7028,1.6382,1.68,,2020-12-17 20:00:00+00:00
1608249600,1.6769,1.6836,1.6307,1.6729,,2020-12-18 00:00:00+00:00
1608264000,1.6671,1.6877,1.649,1.6802,,2020-12-18 04:00:00+00:00
1608278400,1.681,1.7077,1.6661,1.6757,,2020-12-18 08:00:00+00:00
1608292800,1.6781,1.69,1.6343,1.6444,,2020-12-18 12:00:00+00:00
1608307200,1.6466,1.6867,1.6379,1.6675,,2020-12-18 16:00:00+00:00
1608321600,1.669,1.7014,1.6622,1.7014,,2020-12-18 20:00:00+00:00
1608336000,1.6987,1.7522,1.6968,1.748,,2020-12-19 00:00:00+00:00
1608350400,1.7472,1.7488,1.695,1.7155,,2020-12-19 04:00:00+00:00
1608364800,1.7177,1.7677,1.7001,1.7493,,2020-12-19 08:00:00+00:00
1608379200,1.7492,1.7614,1.6841,1.7,,2020-12-19 12:00:00+00:00
1608393600,1.7045,1.7181,1.675,1.6856,,2020-12-19 16:00:00+00:00
1608408000,1.6848,1.6901,1.6595,1.6707,,2020-12-19 20:00:00+00:00
1608422400,1.6706,1.6706,1.632,1.6417,,2020-12-20 00:00:00+00:00
1608436800,1.6411,1.6698,1.61,1.6681,,2020-12-20 04:00:00+00:00
1608451200,1.6691,1.6889,1.649,1.6615,,2020-12-20 08:00:00+00:00
1608465600,1.6609,1.6673,1.6245,1.6447,,2020-12-20 12:00:00+00:00
1608480000,1.6457,1.647,1.5582,1.5633,,2020-12-20 16:00:00+00:00
1608494400,1.5625,1.6072,1.521,1.5635,,2020-12-20 20:00:00+00:00
1608508800,1.5605,1.6193,1.5369,1.6162,,2020-12-21 00:00:00+00:00
1608523200,1.617,1.62,1.5612,1.6002,,2020-12-21 04:00:00+00:00
1608537600,1.6002,1.6036,1.5027,1.5133,,2020-12-21 08:00:00+00:00
1608552000,1.5111,1.5305,1.49,1.5186,,2020-12-21 12:00:00+00:00
1608566400,1.5189,1.55,1.5186,1.5326,,2020-12-21 16:00:00+00:00
1608580800,1.5321,1.56,1.5256,1.5331,,2020-12-21 20:00:00+00:00
1608595200,1.5354,1.5587,1.5117,1.549,,2020-12-22 00:00:00+00:00
1608609600,1.5472,1.56,1.5,1.5133,,2020-12-22 04:00:00+00:00
1608624000,1.5119,1.54,1.47,1.5173,,2020-12-22 08:00:00+00:00
1608638400,1.5182,1.5799,1.5099,1.5506,,2020-12-22 12:00:00+00:00
1608652800,1.5518,1.5596,1.5175,1.5353,,2020-12-22 16:00:00+00:00
1608667200,1.5367,1.5474,1.4734,1.49,,2020-12-22 20:00:00+00:00
1608681600,1.49,1.5126,1.4561,1.4667,,2020-12-23 00:00:00+00:00
1608696000,1.4658,1.4679,1.3735,1.3972,,2020-12-23 04:00:00+00:00
1608710400,1.3931,1.4117,1.2867,1.3197,,2020-12-23 08:00:00+00:00
1608724800,1.3159,1.3845,1.2882,1.295,,2020-12-23 12:00:00+00:00
1608739200,1.2948,1.3103,1.2776,1.2993,,2020-12-23 16:00:00+00:00
1608753600,1.2991,1.305,1.0301,1.198,,2020-12-23 20:00:00+00:00
1608768000,1.1987,1.2891,1.1652,1.2547,,2020-12-24 00:00:00+00:00
1608782400,1.2567,1.2922,1.2222,1.2719,,2020-12-24 04:00:00+00:00
1608796800,1.2719,1.3062,1.251,1.2857,,2020-12-24 08:00:00+00:00
1608811200,1.2845,1.3213,1.2715,1.3151,,2020-12-24 12:00:00+00:00
1608825600,1.3151,1.3293,1.2955,1.326,,2020-12-24 16:00:00+00:00
1608840000,1.3252,1.3888,1.3148,1.3612,,2020-12-24 20:00:00+00:00
1608854400,1.3641,1.4599,1.3417,1.4257,,2020-12-25 00:00:00+00:00
1608868800,1.4258,1.4394,1.397,1.418,,2020-12-25 04:00:00+00:00
1608883200,1.4209,1.45,1.4021,1.4087,,2020-12-25 08:00:00+00:00
1608897600,1.4111,1.4241,1.3719,1.3811,,2020-12-25 12:00:00+00:00
1608912000,1.382,1.4337,1.3604,1.4283,,2020-12-25 16:00:00+00:00
1608926400,1.4249,1.4486,1.4235,1.4464,,2020-12-25 20:00:00+00:00
1608940800,1.4488,1.4497,1.4248,1.4248,,2020-12-26 00:00:00+00:00
1608955200,1.4258,1.4263,1.3689,1.3776,,2020-12-26 04:00:00+00:00
1608969600,1.3764,1.3981,1.3442,1.3789,,2020-12-26 08:00:00+00:00
1608984000,1.3785,1.3879,1.3398,1.3604,,2020-12-26 12:00:00+00:00
1608998400,1.3594,1.3963,1.3454,1.3517,,2020-12-26 16:00:00+00:00
1609012800,1.3492,1.3569,1.3118,1.3258,,2020-12-26 20:00:00+00:00
1609027200,1.324,1.3397,1.3,1.3188,,2020-12-27 00:00:00+00:00
1609041600,1.319,1.3261,1.3057,1.3066,,2020-12-27 04:00:00+00:00
1609056000,1.3081,1.3132,1.28,1.2974,,2020-12-27 08:00:00+00:00
1609070400,1.2921,1.4014,1.2616,1.4014,,2020-12-27 12:00:00+00:00
1609084800,1.4012,1.417,1.332,1.3547,,2020-12-27 16:00:00+00:00
1609099200,1.3534,1.3554,1.2838,1.3037,,2020-12-27 20:00:00+00:00
1609113600,1.3041,1.3571,1.2867,1.3306,,2020-12-28 00:00:00+00:00
1609128000,1.3308,1.3636,1.3138,1.3537,,2020-12-28 04:00:00+00:00
1609142400,1.3548,1.3904,1.35,1.3842,,2020-12-28 08:00:00+00:00
1609156800,1.3836,1.4152,1.346,1.3943,,2020-12-28 12:00:00+00:00
1609171200,1.3965,1.4488,1.3922,1.426,,2020-12-28 16:00:00+00:00
1609185600,1.4258,1.5223,1.425,1.5172,,2020-12-28 20:00:00+00:00
1609200000,1.5187,1.5582,1.4388,1.4471,,2020-12-29 00:00:00+00:00
1609214400,1.4467,1.5673,1.4428,1.5461,,2020-12-29 04:00:00+00:00
1609228800,1.5479,1.6498,1.5224,1.5767,,2020-12-29 08:00:00+00:00
1609243200,1.5795,1.6276,1.5354,1.5584,,2020-12-29 12:00:00+00:00
1609257600,1.5562,1.6571,1.5074,1.6515,,2020-12-29 16:00:00+00:00
1609272000,1.6498,1.735,1.6231,1.6704,,2020-12-29 20:00:00+00:00
1609286400,1.6734,1.6903,1.6177,1.6374,,2020-12-30 00:00:00+00:00
1609300800,1.6375,1.6628,1.5778,1.578,,2020-12-30 04:00:00+00:00
1609315200,1.5781,1.637,1.5401,1.5787,,2020-12-30 08:00:00+00:00
1609329600,1.5787,1.5888,1.5388,1.5766,,2020-12-30 12:00:00+00:00
1609344000,1.5786,1.6104,1.5527,1.5712,,2020-12-30 16:00:00+00:00
1609358400,1.5739,1.5783,1.5235,1.535,,2020-12-30 20:00:00+00:00
1609372800,1.5337,1.5426,1.4723,1.4945,,2020-12-31 00:00:00+00:00
1609387200,1.4945,1.54,1.488,1.5248,,2020-12-31 04:00:00+00:00
1609401600,1.5235,1.5372,1.4771,1.4912,,2020-12-31 08:00:00+00:00
1609416000,1.4908,1.5068,1.42,1.4581,,2020-12-31 12:00:00+00:00
1609430400,1.4573,1.5523,1.4527,1.5495,,2020-12-31 16:00:00+00:00
1609444800,1.5499,1.5506,1.4906,1.5073,,2020-12-31 20:00:00+00:00
1609459200,1.5088,1.61,1.499,1.6029,,2021-01-01 00:00:00+00:00
1609473600,1.6029,1.641,1.5824,1.6196,,2021-01-01 04:00:00+00:00
1609488000,1.6183,1.649,1.5701,1.6272,,2021-01-01 08:00:00+00:00
1609502400,1.6275,1.6579,1.5808,1.6463,,2021-01-01 12:00:00+00:00
1609516800,1.6478,1.8327,1.6155,1.7256,,2021-01-01 16:00:00+00:00
1609531200,1.726,1.86,1.7142,1.8421,,2021-01-01 20:00:00+00:00
1609545600,1.8421,1.9071,1.7244,1.8614,,2021-01-02 00:00:00+00:00
1609560000,1.8632,1.8633,1.7453,1.7523,,2021-01-02 04:00:00+00:00
1609574400,1.7526,1.7954,1.7158,1.7655,,2021-01-02 08:00:00+00:00
1609588800,1.7638,1.8553,1.7116,1.7793,,2021-01-02 12:00:00+00:00
1609603200,1.7799,2.0,1.75,1.9176,,2021-01-02 16:00:00+00:00
1609617600,1.9188,1.9205,1.7508,1.7999,,2021-01-02 20:00:00+00:00
1609632000,1.7998,1.95,1.7973,1.9462,,2021-01-03 00:00:00+00:00
1609646400,1.9467,2.1,1.9143,2.0709,,2021-01-03 04:00:00+00:00
1609660800,2.0662,2.38,2.0642,2.2657,,2021-01-03 08:00:00+00:00
1609675200,2.2657,2.3384,1.9893,2.0742,,2021-01-03 12:00:00+00:00
1609689600,2.074,2.1107,1.8938,1.9638,,2021-01-03 16:00:00+00:00
1609704000,1.9638,2.185,1.9472,2.1779,,2021-01-03 20:00:00+00:00
1609718400,2.1789,2.4,2.1,2.3094,,2021-01-04 00:00:00+00:00
1609732800,2.309,2.3758,2.0827,2.1168,,2021-01-04 04:00:00+00:00
1609747200,2.1153,2.2138,1.86,2.0429,,2021-01-04 08:00:00+00:00
1609761600,2.0429,2.3478,2.0198,2.2786,,2021-01-04 12:00:00+00:00
1609776000,2.2757,2.45,2.1179,2.4397,,2021-01-04 16:00:00+00:00
1609790400,2.4397,2.4989,2.18,2.4909,,2021-01-04 20:00:00+00:00
1609804800,2.4911,2.5093,2.1673,2.1927,,2021-01-05 00:00:00+00:00
1609819200,2.1927,2.257,2.0621,2.1864,,2021-01-05 04:00:00+00:00
1609833600,2.1867,2.3977,2.1696,2.384,,2021-01-05 08:00:00+00:00
1609848000,2.3882,2.4096,2.1502,2.1948,,2021-01-05 12:00:00+00:00
1609862400,2.1948,2.3473,2.1714,2.2341,,2021-01-05 16:00:00+00:00
1609876800,2.2385,2.2591,2.1104,2.1636,,2021-01-05 20:00:00+00:00
1609891200,2.1636,2.1761,1.9692,1.9893,,2021-01-06 00:00:00+00:00
1609905600,1.9893,2.0681,1.9345,2.0192,,2021-01-06 04:00:00+00:00
1609920000,2.0165,2.1187,1.9734,2.08,,2021-01-06 08:00:00+00:00
1609934400,2.0825,2.189,2.0523,2.0813,,2021-01-06 12:00:00+00:00
1609948800,2.0801,2.1265,1.9743,1.981,,2021-01-06 16:00:00+00:00
1609963200,1.9754,2.051,1.9017,1.9414,,2021-01-06 20:00:00+00:00
1609977600,1.9404,2.45,1.9214,2.1755,,2021-01-07 00:00:00+00:00
1609992000,2.1804,2.2785,2.1263,2.1264,,2021-01-07 04:00:00+00:00
1610006400,2.126,2.3896,2.005,2.2037,,2021-01-07 08:00:00+00:00
1610020800,2.2036,2.65,2.1883,2.3834,,2021-01-07 12:00:00+00:00
1610035200,2.3831,2.4499,2.1555,2.3626,,2021-01-07 16:00:00+00:00
1610049600,2.3629,2.423,2.3283,2.3635,,2021-01-07 20:00:00+00:00
1610064000,2.3655,2.4245,2.175,2.2619,,2021-01-08 00:00:00+00:00
1610078400,2.2616,2.4295,2.1925,2.4095,,2021-01-08 04:00:00+00:00
1610092800,2.4054,3.4,2.193,3.1519,,2021-01-08 08:00:00+00:00
1610107200,3.1555,3.8,3.0916,3.2992,,2021-01-08 12:00:00+00:00
1610121600,3.3027,3.5437,3.1826,3.2105,,2021-01-08 16:00:00+00:00
1610136000,3.2034,3.2496,3.0,3.2214,,2021-01-08 20:00:00+00:00
1610150400,3.212,3.2724,3.0407,3.1638,,2021-01-09 00:00:00+00:00
1610164800,3.161,3.34,3.0603,3.0834,,2021-01-09 04:00:00+00:00
1610179200,3.084,3.344,3.0725,3.1358,,2021-01-09 08:00:00+00:00
1610193600,3.1358,3.2401,3.0729,3.1066,,2021-01-09 12:00:00+00:00
1610208000,3.1011,3.6998,2.93,3.6238,,2021-01-09 16:00:00+00:00
1610222400,3.6317,3.6772,3.3642,3.3829,,2021-01-09 20:00:00+00:00
1610236800,3.3734,3.6605,3.3151,3.5265,,2021-01-10 00:00:00+00:00
1610251200,3.5265,3.7517,3.52,3.733,,2021-01-10 04:00:00+00:00
1610265600,3.733,3.7353,3.165,3.2501,,2021-01-10 08:00:00+00:00
1610280000,3.2501,3.4293,3.2038,3.4137,,2021-01-10 12:00:00+00:00
1610294400,3.4153,3.4599,3.2563,3.3251,,2021-01-10 16:00:00+00:00
1610308800,3.326,3.5,3.1556,3.449,,2021-01-10 20:00:00+00:00
1610323200,3.4455,3.5282,3.0376,3.1376,,2021-01-11 00:00:00+00:00
1610337600,3.1438,3.201,2.8362,2.9946,,2021-01-11 04:00:00+00:00
1610352000,2.9991,3.1509,2.8487,2.8589,,2021-01-11 08:00:00+00:00
1610366400,2.8648,2.9896,2.667,2.7598,,2021-01-11 12:00:00+00:00
1610380800,2.7584,2.9069,2.5795,2.8578,,2021-01-11 16:00:00+00:00
1610395200,2.8579,3.1165,2.8206,3.1016,,2021-01-11 20:00:00+00:00
1610409600,3.1016,3.2799,3.058,3.2708,,2021-01-12 00:00:00+00:00
1610424000,3.271,3.4999,3.2629,3.3824,,2021-01-12 04:00:00+00:00
1610438400,3.3824,3.4695,3.293,3.4185,,2021-01-12 08:00:00+00:00
1610452800,3.4207,3.478,3.15,3.3039,,2021-01-12 12:00:00+00:00
1610467200,3.3064,3.88,3.3064,3.6777,,2021-01-12 16:00:00+00:00
1610481600,3.6754,3.6944,3.4504,3.6354,,2021-01-12 20:00:00+00:00
1610496000,3.6354,3.637,3.4425,3.5128,,2021-01-13 00:00:00+00:00
1610510400,3.5136,3.5219,3.2633,3.4868,,2021-01-13 04:00:00+00:00
1610524800,3.4888,3.4895,3.265,3.3708,,2021-01-13 08:00:00+00:00
1610539200,3.3656,3.566,3.3264,3.5398,,2021-01-13 12:00:00+00:00
1610553600,3.5407,3.5604,3.4455,3.4831,,2021-01-13 16:00:00+00:00
1610568000,3.4831,3.6309,3.392,3.5242,,2021-01-13 20:00:00+00:00
1610582400,3.5243,3.5387,3.3616,3.3844,,2021-01-14 00:00:00+00:00
1610596800,3.3844,3.5,3.3263,3.404,,2021-01-14 04:00:00+00:00
1610611200,3.4045,3.475,3.3574,3.4219,,2021-01-14 08:00:00+00:00
1610625600,3.4218,3.5955,3.3645,3.4899,,2021-01-14 12:00:00+00:00
1610640000,3.4951,3.5072,3.1814,3.2886,,2021-01-14 16:00:00+00:00
1610654400,3.2892,3.3242,3.2,3.2921,,2021-01-14 20:00:00+00:00
1610668800,3.2921,3.4489,3.2766,3.3278,,2021-01-15 00:00:00+00:00
1610683200,3.3278,3.3899,3.2443,3.3711,,2021-01-15 04:00:00+00:00
1610697600,3.3711,3.4213,3.3233,3.3747,,2021-01-15 08:00:00+00:00
1610712000,3.3715,3.4167,3.09,3.1006,,2021-01-15 12:00:00+00:00
1610726400,3.1004,3.1977,2.9618,3.1615,,2021-01-15 16:00:00+00:00
1610740800,3.1615,3.2708,3.1284,3.2475,,2021-01-15 20:00:00+00:00
1610755200,3.2479,3.4622,3.2463,3.453,,2021-01-16 00:00:00+00:00
1610769600,3.4507,3.5153,3.3728,3.4574,,2021-01-16 04:00:00+00:00
1610784000,3.4611,3.5554,3.4,3.4122,,2021-01-16 08:00:00+00:00
1610798400,3.4122,3.4489,3.2769,3.4024,,2021-01-16 12:00:00+00:00
1610812800,3.4024,3.649,3.3164,3.5853,,2021-01-16 16:00:00+00:00
1610827200,3.5837,3.7081,3.3,3.4247,,2021-01-16 20:00:00+00:00
1610841600,3.4251,3.7177,3.3,3.7127,,2021-01-17 00:00:00+00:00
1610856000,3.7127,3.8297,3.3511,3.3926,,2021-01-17 04:00:00+00:00
1610870400,3.388,3.6085,3.3086,3.6009,,2021-01-17 08:00:00+00:00
1610884800,3.6009,3.6198,3.4572,3.5505,,2021-01-17 12:00:00+00:00
1610899200,3.5567,3.9869,3.524,3.7862,,2021-01-17 16:00:00+00:00
1610913600,3.7881,3.9876,3.7567,3.8268,,2021-01-17 20:00:00+00:00
1610928000,3.8243,3.8997,3.6167,3.7607,,2021-01-18 00:00:00+00:00
1610942400,3.7582,4.0254,3.7204,4.0138,,2021-01-18 04:00:00+00:00
1610956800,4.0084,4.17,3.86,3.9122,,2021-01-18 08:00:00+00:00
1610971200,3.9128,4.0288,3.8517,3.9574,,2021-01-18 12:00:00+00:00
1610985600,3.9654,4.0359,3.865,3.9021,,2021-01-18 16:00:00+00:00
1611000000,3.9045,3.9146,3.7487,3.7868,,2021-01-18 20:00:00+00:00
1611014400,3.7873,4.0498,3.7508,3.961,,2021-01-19 00:00:00+00:00
1611028800,3.9609,4.01,3.7731,3.8123,,2021-01-19 04:00:00+00:00
1611043200,3.8123,3.9493,3.81,3.9,,2021-01-19 08:00:00+00:00
1611057600,3.9,3.91,3.8,3.8336,,2021-01-19 12:00:00+00:00
1611072000,3.8336,3.8578,3.6,3.6295,,2021-01-19 16:00:00+00:00
1611086400,3.6316,3.72,3.6059,3.6287,,2021-01-19 20:00:00+00:00
1611100800,3.6288,3.7286,3.5273,3.5447,,2021-01-20 00:00:00+00:00
1611115200,3.5447,3.6278,3.5347,3.6119,,2021-01-20 04:00:00+00:00
1611129600,3.6117,3.6269,3.3627,3.4125,,2021-01-20 08:00:00+00:00
1611144000,3.4125,3.6275,3.34,3.5158,,2021-01-20 12:00:00+00:00
1611158400,3.5144,3.6839,3.4448,3.674,,2021-01-20 16:00:00+00:00
1611172800,3.674,3.7413,3.642,3.7166,,2021-01-20 20:00:00+00:00
1611187200,3.7199,3.7411,3.5041,3.53,,2021-01-21 00:00:00+00:00
1611201600,3.5268,3.5937,3.51,3.551,,2021-01-21 04:00:00+00:00
1611216000,3.5579,3.5579,3.365,3.4842,,2021-01-21 08:00:00+00:00
1611230400,3.4841,3.5041,3.3,3.3077,,2021-01-21 12:00:00+00:00
1611244800,3.3052,3.3843,3.2374,3.3156,,2021-01-21 16:00:00+00:00
1611259200,3.3154,3.3231,2.9717,2.9899,,2021-01-21 20:00:00+00:00
1611273600,2.9893,3.1939,2.5295,3.1587,,2021-01-22 00:00:00+00:00
1611288000,3.1586,3.1885,3.0134,3.0813,,2021-01-22 04:00:00+00:00
1611302400,3.0959,3.2268,3.0552,3.2165,,2021-01-22 08:00:00+00:00
1611316800,3.2164,3.45,3.2061,3.3916,,2021-01-22 12:00:00+00:00
1611331200,3.3902,3.4992,3.3479,3.4243,,2021-01-22 16:00:00+00:00
1611345600,3.4302,3.4377,3.304,3.3352,,2021-01-22 20:00:00+00:00
1611360000,3.3302,3.4233,3.3056,3.4226,,2021-01-23 00:00:00+00:00
1611374400,3.4187,3.5555,3.4098,3.5515,,2021-01-23 04:00:00+00:00
1611388800,3.554,3.6,3.4414,3.457,,2021-01-23 08:00:00+00:00
1611403200,3.4514,3.55,3.4476,3.4722,,2021-01-23 12:00:00+00:00
1611417600,3.4806,3.5364,3.4577,3.514,,2021-01-23 16:00:00+00:00
1611432000,3.5183,3.55,3.4637,3.5079,,2021-01-23 20:00:00+00:00
1611446400,3.5018,3.5771,3.4781,3.5555,,2021-01-24 00:00:00+00:00
1611460800,3.5555,3.7292,3.5472,3.725,,2021-01-24 04:00:00+00:00
1611475200,3.7276,3.79,3.7018,3.7419,,2021-01-24 08:00:00+00:00
1611489600,3.745,3.7559,3.5674,3.5936,,2021-01-24 12:00:00+00:00
1611504000,3.5987,3.641,3.5205,3.55,,2021-01-24 16:00:00+00:00
1611518400,3.5456,3.6394,3.5413,3.6278,,2021-01-24 20:00:00+00:00
1611532800,3.6287,3.6984,3.54,3.5469,,2021-01-25 00:00:00+00:00
1611547200,3.5483,3.6174,3.48,3.5177,,2021-01-25 04:00:00+00:00
1611561600,3.517,3.598,3.4398,3.5729,,2021-01-25 08:00:00+00:00
1611576000,3.5747,3.7162,3.4535,3.7116,,2021-01-25 12:00:00+00:00
1611590400,3.7116,3.9928,3.601,3.893,,2021-01-25 16:00:00+00:00
1611604800,3.893,3.9197,3.653,3.7038,,2021-01-25 20:00:00+00:00
1611619200,3.7036,3.961,3.6871,3.7328,,2021-01-26 00:00:00+00:00
1611633600,3.7328,3.8452,3.7053,3.7513,,2021-01-26 04:00:00+00:00
1611648000,3.7507,4.05,3.7347,4.017,,2021-01-26 08:00:00+00:00
1611662400,4.0165,4.0703,3.6478,3.7882,,2021-01-26 12:00:00+00:00
1611676800,3.7883,4.034,3.7403,4.0224,,2021-01-26 16:00:00+00:00
1611691200,4.0234,4.097,3.9792,4.041,,2021-01-26 20:00:00+00:00
1611705600,4.0418,4.0422,3.8379,3.8438,,2021-01-27 00:00:00+00:00
1611720000,3.8489,3.8743,3.7101,3.7858,,2021-01-27 04:00:00+00:00
1611734400,3.7791,3.781,3.6233,3.6313,,2021-01-27 08:00:00+00:00
1611748800,3.6254,3.7457,3.5114,3.7253,,2021-01-27 12:00:00+00:00
1611763200,3.7248,3.7602,3.6384,3.7011,,2021-01-27 16:00:00+00:00
1611777600,3.7021,3.7716,3.66,3.675,,2021-01-27 20:00:00+00:00
1611792000,3.664,3.7387,3.6,3.7319,,2021-01-28 00:00:00+00:00
1611806400,3.7289,3.7969,3.7289,3.7604,,2021-01-28 04:00:00+00:00
1611820800,3.7634,3.8478,3.7358,3.8235,,2021-01-28 08:00:00+00:00
1611835200,3.8235,3.96,3.7923,3.8884,,2021-01-28 12:00:00+00:00
1611849600,3.8887,3.9205,3.8431,3.8542,,2021-01-28 16:00:00+00:00
1611864000,3.851,3.877,3.79,3.81,,2021-01-28 20:00:00+00:00
1611878400,3.8092,3.8742,3.7875,3.7875,,2021-01-29 00:00:00+00:00
1611892800,3.7907,3.7935,3.6277,3.6664,,2021-01-29 04:00:00+00:00
1611907200,3.6662,3.7551,3.6,3.728,,2021-01-29 08:00:00+00:00
1611921600,3.7249,3.857,3.7019,3.813,,2021-01-29 12:00:00+00:00
1611936000,3.8133,3.845,3.7036,3.7388,,2021-01-29 16:00:00+00:00
1611950400,3.7375,3.912,3.7184,3.8293,,2021-01-29 20:00:00+00:00
1611964800,3.8301,3.9188,3.8136,3.8286,,2021-01-30 00:00:00+00:00
1611979200,3.8284,3.84,3.7667,3.8328,,2021-01-30 04:00:00+00:00
1611993600,3.8361,3.93,3.8001,3.881,,2021-01-30 08:00:00+00:00
1612008000,3.8873,4.0965,3.8556,4.0426,,2021-01-30 12:00:00+00:00
1612022400,4.0426,4.2116,3.9447,4.02,,2021-01-30 16:00:00+00:00
1612036800,4.0239,4.3179,4.02,4.228,,2021-01-30 20:00:00+00:00
1612051200,4.228,4.3453,4.154,4.324,,2021-01-31 00:00:00+00:00
1612065600,4.324,4.55,4.3209,4.4867,,2021-01-31 04:00:00+00:00
1612080000,4.4892,4.805,4.4659,4.55,,2021-01-31 08:00:00+00:00
1612094400,4.55,4.5771,4.1599,4.2266,,2021-01-31 12:00:00+00:00
1612108800,4.2266,4.3952,4.1798,4.2924,,2021-01-31 16:00:00+00:00
1612123200,4.296,4.3543,4.2438,4.2525,,2021-01-31 20:00:00+00:00
1612137600,4.2568,4.2595,4.1075,4.2186,,2021-02-01 00:00:00+00:00
1612152000,4.2204,4.2293,4.1327,4.1719,,2021-02-01 04:00:00+00:00
1612166400,4.1656,4.41,4.13,4.3697,,2021-02-01 08:00:00+00:00
1612180800,4.3734,4.3955,4.1937,4.2058,,2021-02-01 12:00:00+00:00
1612195200,4.2103,4.495,4.2042,4.495,,2021-02-01 16:00:00+00:00
1612209600,4.4923,4.617,4.3958,4.6148,,2021-02-01 20:00:00+00:00
1612224000,4.6148,4.92,4.4632,4.8068,,2021-02-02 00:00:00+00:00
1612238400,4.8039,5.03,4.7437,4.956,,2021-02-02 04:00:00+00:00
1612252800,4.9562,5.3585,4.9562,5.22,,2021-02-02 08:00:00+00:00
1612267200,5.22,5.25,5.024,5.0612,,2021-02-02 12:00:00+00:00
1612281600,5.0523,5.2666,5.03,5.1654,,2021-02-02 16:00:00+00:00
1612296000,5.1654,5.4026,5.1109,5.2331,,2021-02-02 20:00:00+00:00
1612310400,5.243,5.3039,5.0929,5.1036,,2021-02-03 00:00:00+00:00
1612324800,5.0972,5.2493,5.0513,5.1877,,2021-02-03 04:00:00+00:00
1612339200,5.1862,5.2284,5.1243,5.2239,,2021-02-03 08:00:00+00:00
1612353600,5.2233,5.63,5.18,5.6068,,2021-02-03 12:00:00+00:00
1612368000,5.6051,5.6579,5.4284,5.4554,,2021-02-03 16:00:00+00:00
1612382400,5.4554,5.783,5.4437,5.7311,,2021-02-03 20:00:00+00:00
1612396800,5.7339,6.0788,5.6612,5.911,,2021-02-04 00:00:00+00:00
1612411200,5.9109,6.0338,5.8215,5.8314,,2021-02-04 04:00:00+00:00
1612425600,5.8314,5.8745,5.5676,5.7631,,2021-02-04 08:00:00+00:00
1612440000,5.7627,5.9515,5.6332,5.7092,,2021-02-04 12:00:00+00:00
1612454400,5.7107,5.9379,5.6559,5.886,,2021-02-04 16:00:00+00:00
1612468800,5.886,6.5426,5.886,6.4085,,2021-02-04 20:00:00+00:00
1612483200,6.4181,6.8649,6.4086,6.8451,,2021-02-05 00:00:00+00:00
1612497600,6.8451,6.9306,6.6933,6.7668,,2021-02-05 04:00:00+00:00
1612512000,6.7665,6.8058,6.5877,6.6629,,2021-02-05 08:00:00+00:00
1612526400,6.6629,7.0,6.6256,6.9316,,2021-02-05 12:00:00+00:00
1612540800,6.9411,7.1438,6.641,6.716,,2021-02-05 16:00:00+00:00
1612555200,6.7182,6.7765,6.6268,6.7005,,2021-02-05 20:00:00+00:00
1612569600,6.7001,6.8181,5.9528,6.1457,,2021-02-06 00:00:00+00:00
1612584000,6.1436,6.1436,5.8848,5.9809,,2021-02-06 04:00:00+00:00
1612598400,5.9769,6.2601,5.9769,6.0033,,2021-02-06 08:00:00+00:00
1612612800,6.0057,6.0767,5.7718,5.7933,,2021-02-06 12:00:00+00:00
1612627200,5.7925,6.112,5.7,6.085,,2021-02-06 16:00:00+00:00
1612641600,6.0823,6.3572,6.0658,6.1225,,2021-02-06 20:00:00+00:00
1612656000,6.1219,6.1889,5.853,5.9017,,2021-02-07 00:00:00+00:00
1612670400,5.9017,5.9666,5.75,5.9079,,2021-02-07 04:00:00+00:00
1612684800,5.9079,6.6914,5.9079,6.6591,,2021-02-07 08:00:00+00:00
1612699200,6.66,6.8807,6.1888,6.4551,,2021-02-07 12:00:00+00:00
1612713600,6.4599,6.7054,6.11,6.5442,,2021-02-07 16:00:00+00:00
1612728000,6.5482,6.6976,6.4666,6.6976,,2021-02-07 20:00:00+00:00
1612742400,6.6931,6.7325,6.4554,6.6459,,2021-02-08 00:00:00+00:00
1612756800,6.6367,7.6389,6.6337,7.5587,,2021-02-08 04:00:00+00:00
1612771200,7.5577,7.7158,7.3686,7.4868,,2021-02-08 08:00:00+00:00
1612785600,7.4876,7.8226,7.0,7.7551,,2021-02-08 12:00:00+00:00
1612800000,7.755,8.078,7.5248,8.0344,,2021-02-08 16:00:00+00:00
1612814400,8.0336,8.0711,7.8123,7.855,,2021-02-08 20:00:00+00:00
1612828800,7.8651,8.4945,7.678,8.328,,2021-02-09 00:00:00+00:00
1612843200,8.3319,8.4158,7.68,8.0645,,2021-02-09 04:00:00+00:00
1612857600,8.07,8.4377,7.6801,7.7596,,2021-02-09 08:00:00+00:00
1612872000,7.7478,7.8111,7.55,7.695,,2021-02-09 12:00:00+00:00
1612886400,7.6945,7.9438,7.5949,7.9164,,2021-02-09 16:00:00+00:00
1612900800,7.9268,8.0,7.7876,7.8005,,2021-02-09 20:00:00+00:00
1612915200,7.8005,8.3787,7.7259,8.3096,,2021-02-10 00:00:00+00:00
1612929600,8.3005,8.3095,8.0688,8.1681,,2021-02-10 04:00:00+00:00
1612944000,8.1681,8.4,8.1546,8.2456,,2021-02-10 08:00:00+00:00
1612958400,8.2456,8.2811,7.26,7.7806,,2021-02-10 12:00:00+00:00
1612972800,7.7833,8.3763,7.6435,8.3573,,2021-02-10 16:00:00+00:00
1612987200,8.3561,9.09,8.2818,9.09,,2021-02-10 20:00:00+00:00
1613001600,9.0897,9.26,8.72,8.9489,,2021-02-11 00:00:00+00:00
1613016000,8.9554,9.5998,8.9397,9.4559,,2021-02-11 04:00:00+00:00
1613030400,9.4522,9.7425,9.0652,9.159,,2021-02-11 08:00:00+00:00
1613044800,9.1578,9.4574,9.1308,9.2748,,2021-02-11 12:00:00+00:00
1613059200,9.2689,9.4085,8.9989,9.1219,,2021-02-11 16:00:00+00:00
1613073600,9.1188,9.2842,8.8853,9.2004,,2021-02-11 20:00:00+00:00
1613088000,9.2058,9.6464,9.0353,9.4242,,2021-02-12 00:00:00+00:00
1613102400,9.418,9.4328,9.144,9.3377,,2021-02-12 04:00:00+00:00
1613116800,9.3325,9.8874,9.2914,9.7662,,2021-02-12 08:00:00+00:00
1613131200,9.7662,9.93,9.2066,9.5419,,2021-02-12 12:00:00+00:00
1613145600,9.5404,9.7335,9.4233,9.4421,,2021-02-12 16:00:00+00:00
1613160000,9.4525,9.4984,9.1976,9.2,,2021-02-12 20:00:00+00:00
1613174400,9.2007,9.406,9.1403,9.3941,,2021-02-13 00:00:00+00:00
1613188800,9.3948,9.5117,9.1323,9.1451,,2021-02-13 04:00:00+00:00
1613203200,9.15,9.339,8.6596,8.8609,,2021-02-13 08:00:00+00:00
1613217600,8.8762,9.1546,8.6857,9.067,,2021-02-13 12:00:00+00:00
1613232000,9.07,9.1558,8.8647,8.8884,,2021-02-13 16:00:00+00:00
1613246400,8.8959,8.8959,8.658,8.7441,,2021-02-13 20:00:00+00:00
1613260800,8.7448,9.23,8.567,8.9088,,2021-02-14 00:00:00+00:00
1613275200,8.9199,9.0276,8.578,8.7083,,2021-02-14 04:00:00+00:00
1613289600,8.714,8.7419,8.5501,8.5699,,2021-02-14 08:00:00+00:00
1613304000,8.5699,8.8236,8.5293,8.6773,,2021-02-14 12:00:00+00:00
1613318400,8.6827,8.9933,8.6632,8.8517,,2021-02-14 16:00:00+00:00
1613332800,8.8412,8.9102,8.7055,8.7158,,2021-02-14 20:00:00+00:00
1613347200,8.7234,8.7988,7.7,8.1148,,2021-02-15 00:00:00+00:00
1613361600,8.1193,8.3174,7.9034,8.2892,,2021-02-15 04:00:00+00:00
1613376000,8.2909,8.6445,8.19,8.6276,,2021-02-15 08:00:00+00:00
1613390400,8.628,9.1398,8.5,8.9132,,2021-02-15 12:00:00+00:00
1613404800,8.9147,9.38,8.8333,9.1943,,2021-02-15 16:00:00+00:00
1613419200,9.1941,9.3171,8.661,8.8516,,2021-02-15 20:00:00+00:00
1613433600,8.866,9.0,8.5798,8.9037,,2021-02-16 00:00:00+00:00
1613448000,8.8988,8.8988,8.484,8.7211,,2021-02-16 04:00:00+00:00
1613462400,8.7288,8.7923,8.5736,8.575,,2021-02-16 08:00:00+00:00
1613476800,8.5809,8.71,8.3778,8.3899,,2021-02-16 12:00:00+00:00
1613491200,8.3813,8.4082,8.0103,8.1417,,2021-02-16 16:00:00+00:00
1613505600,8.1487,8.3169,7.9601,8.3002,,2021-02-16 20:00:00+00:00
1613520000,8.3035,8.3196,7.6885,7.7125,,2021-02-17 00:00:00+00:00
1613534400,7.7057,7.9758,7.5182,7.9487,,2021-02-17 04:00:00+00:00
1613548800,7.9603,8.1821,7.8321,8.1048,,2021-02-17 08:00:00+00:00
1613563200,8.1084,8.3542,8.0243,8.2319,,2021-02-17 12:00:00+00:00
1613577600,8.2319,8.45,8.1,8.4013,,2021-02-17 16:00:00+00:00
1613592000,8.3942,8.4219,8.2033,8.2357,,2021-02-17 20:00:00+00:00
1613606400,8.2412,8.5935,8.23,8.4599,,2021-02-18 00:00:00+00:00
1613620800,8.4599,8.6475,8.4408,8.5484,,2021-02-18 04:00:00+00:00
1613635200,8.5484,8.5846,8.4238,8.5178,,2021-02-18 08:00:00+00:00
1613649600,8.5178,9.2467,8.4125,9.241,,2021-02-18 12:00:00+00:00
1613664000,9.2368,9.32,8.9336,9.033,,2021-02-18 16:00:00+00:00
1613678400,9.0432,9.08,8.9151,8.9771,,2021-02-18 20:00:00+00:00
1613692800,8.988,9.1028,8.5257,8.6818,,2021-02-19 00:00:00+00:00
1613707200,8.6719,9.5042,8.5574,9.4914,,2021-02-19 04:00:00+00:00
1613721600,9.4914,9.8907,9.327,9.8492,,2021-02-19 08:00:00+00:00
1613736000,9.8492,11.85,9.8379,10.9513,,2021-02-19 12:00:00+00:00
1613750400,10.9511,11.5385,10.9097,11.4696,,2021-02-19 16:00:00+00:00
1613764800,11.4696,11.5381,10.8474,11.4912,,2021-02-19 20:00:00+00:00
1613779200,11.4845,11.8327,10.8478,11.1003,,2021-02-20 00:00:00+00:00
1613793600,11.1031,11.3509,10.9037,10.9037,,2021-02-20 04:00:00+00:00
1613808000,10.9048,11.0915,10.6136,10.7923,,2021-02-20 08:00:00+00:00
1613822400,10.78,10.9806,9.754,10.2533,,2021-02-20 12:00:00+00:00
1613836800,10.2533,10.605,10.2064,10.4481,,2021-02-20 16:00:00+00:00
1613851200,10.4502,10.4948,9.7926,9.9869,,2021-02-20 20:00:00+00:00
1613865600,9.9849,10.4459,9.8101,10.2116,,2021-02-21 00:00:00+00:00
1613880000,10.2135,10.2812,9.99,10.0302,,2021-02-21 04:00:00+00:00
1613894400,10.0295,10.7446,9.9664,10.7298,,2021-02-21 08:00:00+00:00
1613908800,10.7283,10.99,10.409,10.599,,2021-02-21 12:00:00+00:00
1613923200,10.5967,11.6707,10.5831,11.3097,,2021-02-21 16:00:00+00:00
1613937600,11.31,11.3157,10.8116,11.0753,,2021-02-21 20:00:00+00:00
1613952000,11.0738,11.1355,10.4726,10.5136,,2021-02-22 00:00:00+00:00
1613966400,10.505,10.7612,10.3,10.6552,,2021-02-22 04:00:00+00:00
1613980800,10.6651,10.86,9.6726,9.9162,,2021-02-22 08:00:00+00:00
1613995200,9.9162,10.5,9.1,10.2709,,2021-02-22 12:00:00+00:00
1614009600,10.2747,14.0238,10.1716,13.32,,2021-02-22 16:00:00+00:00
1614024000,13.3165,14.8,13.0,14.4191,,2021-02-22 20:00:00+00:00
1614038400,14.4176,15.2422,13.5476,13.993,,2021-02-23 00:00:00+00:00
1614052800,13.9867,14.1881,12.55,13.1238,,2021-02-23 04:00:00+00:00
1614067200,13.1146,14.7998,11.47,14.0057,,2021-02-23 08:00:00+00:00
1614081600,14.0086,15.8888,13.2086,15.3902,,2021-02-23 12:00:00+00:00
1614096000,15.4,15.8,14.23,14.2602,,2021-02-23 16:00:00+00:00
1614110400,14.2754,15.25,13.9795,15.2244,,2021-02-23 20:00:00+00:00
1614124800,15.2389,16.4,14.7917,15.9986,,2021-02-24 00:00:00+00:00
1614139200,15.9906,16.272,15.2556,15.5833,,2021-02-24 04:00:00+00:00
1614153600,15.5886,16.0936,15.5344,15.8097,,2021-02-24 08:00:00+00:00
1614168000,15.82,17.1558,15.7699,16.676,,2021-02-24 12:00:00+00:00
1614182400,16.6734,18.2052,16.5661,17.43,,2021-02-24 16:00:00+00:00
1614196800,17.4232,17.73,16.9645,17.1691,,2021-02-24 20:00:00+00:00
1614211200,17.1745,17.69,15.95,16.35,,2021-02-25 00:00:00+00:00
1614225600,16.35,16.6787,15.9136,16.3119,,2021-02-25 04:00:00+00:00
1614240000,16.3183,16.3852,15.532,16.1646,,2021-02-25 08:00:00+00:00
1614254400,16.1772,16.4899,15.667,16.0851,,2021-02-25 12:00:00+00:00
1614268800,16.0995,16.1902,15.0562,15.2692,,2021-02-25 16:00:00+00:00
1614283200,15.2692,15.2744,13.6579,13.8442,,2021-02-25 20:00:00+00:00
1614297600,13.8565,14.6432,13.2,14.63,,2021-02-26 00:00:00+00:00
1614312000,14.641,14.7157,13.1,13.3386,,2021-02-26 04:00:00+00:00
1614326400,13.362,14.2106,13.3565,13.8127,,2021-02-26 08:00:00+00:00
1614340800,13.813,14.4947,13.7002,14.4498,,2021-02-26 12:00:00+00:00
1614355200,14.4439,15.5083,14.3537,14.72,,2021-02-26 16:00:00+00:00
1614369600,14.72,14.8284,13.3222,13.5962,,2021-02-26 20:00:00+00:00
1614384000,13.5864,14.8359,13.5334,14.2348,,2021-02-27 00:00:00+00:00
1614398400,14.235,14.3203,13.55,13.8783,,2021-02-27 04:00:00+00:00
1614412800,13.8889,13.9941,13.3183,13.9314,,2021-02-27 08:00:00+00:00
1614427200,13.9212,14.4443,13.3472,13.3875,,2021-02-27 12:00:00+00:00
1614441600,13.3866,13.85,13.3342,13.8249,,2021-02-27 16:00:00+00:00
1614456000,13.83,13.93,13.01,13.1916,,2021-02-27 20:00:00+00:00
1614470400,13.1853,13.3339,12.028,12.07,,2021-02-28 00:00:00+00:00
1614484800,12.0785,12.4622,11.97,12.1365,,2021-02-28 04:00:00+00:00
1614499200,12.1529,12.5446,12.141,12.3806,,2021-02-28 08:00:00+00:00
1614513600,12.3869,12.4776,11.417,11.5213,,2021-02-28 12:00:00+00:00
1614528000,11.5129,13.501,11.4316,13.2421,,2021-02-28 16:00:00+00:00
1614542400,13.2741,13.7739,12.9289,13.0887,,2021-02-28 20:00:00+00:00
1614556800,13.08,14.2884,13.0102,13.9287,,2021-03-01 00:00:00+00:00
1614571200,13.9414,14.81,13.8204,14.5117,,2021-03-01 04:00:00+00:00
1614585600,14.5153,15.0223,14.3962,14.8363,,2021-03-01 08:00:00+00:00
1614600000,14.8334,15.5187,14.5424,15.4556,,2021-03-01 12:00:00+00:00
1614614400,15.4547,15.5469,14.6373,14.8047,,2021-03-01 16:00:00+00:00
1614628800,14.8033,15.1,14.5565,14.9855,,2021-03-01 20:00:00+00:00
1614643200,14.9989,15.25,14.1941,14.3406,,2021-03-02 00:00:00+00:00
1614657600,14.3408,14.6017,14.22,14.3024,,2021-03-02 04:00:00+00:00
1614672000,14.2929,14.766,14.2739,14.5527,,2021-03-02 08:00:00+00:00
1614686400,14.5549,15.1,14.5066,14.6411,,2021-03-02 12:00:00+00:00
1614700800,14.6481,14.7296,13.3544,13.6704,,2021-03-02 16:00:00+00:00
1614715200,13.6699,14.0199,13.5001,13.9438,,2021-03-02 20:00:00+00:00
1614729600,13.9546,14.15,13.7018,14.0388,,2021-03-03 00:00:00+00:00
1614744000,14.0235,14.3206,13.9,14.1994,,2021-03-03 04:00:00+00:00
1614758400,14.1979,14.6999,14.131,14.5343,,2021-03-03 08:00:00+00:00
1614772800,14.5495,14.6301,13.9,14.1652,,2021-03-03 12:00:00+00:00
1614787200,14.1587,14.738,14.0813,14.3112,,2021-03-03 16:00:00+00:00
1614801600,14.2937,14.311,14.026,14.0742,,2021-03-03 20:00:00+00:00
1614816000,14.0936,14.2737,13.7501,13.7726,,2021-03-04 00:00:00+00:00
1614830400,13.7698,13.8796,13.5674,13.7258,,2021-03-04 04:00:00+00:00
1614844800,13.746,13.892,13.2941,13.4454,,2021-03-04 08:00:00+00:00
1614859200,13.4439,13.712,13.3484,13.4535,,2021-03-04 12:00:00+00:00
1614873600,13.4613,13.5299,12.736,12.9061,,2021-03-04 16:00:00+00:00
1614888000,12.9191,13.1535,12.75,13.0508,,2021-03-04 20:00:00+00:00
1614902400,13.0649,13.0992,12.35,12.5591,,2021-03-05 00:00:00+00:00
1614916800,12.5579,12.59,12.2508,12.5038,,2021-03-05 04:00:00+00:00
1614931200,12.4904,12.5297,12.1251,12.5116,,2021-03-05 08:00:00+00:00
1614945600,12.5271,13.0318,12.42,12.7174,,2021-03-05 12:00:00+00:00
1614960000,12.7304,12.7834,12.2807,12.5438,,2021-03-05 16:00:00+00:00
1614974400,12.5427,12.7837,12.485,12.5382,,2021-03-05 20:00:00+00:00
1614988800,12.5507,12.6714,12.2744,12.3716,,2021-03-06 00:00:00+00:00
1615003200,12.3737,12.5084,12.2302,12.2893,,2021-03-06 04:00:00+00:00
1615017600,12.3007,12.3954,12.0025,12.0848,,2021-03-06 08:00:00+00:00
1615032000,12.0848,13.0,11.9,12.2773,,2021-03-06 12:00:00+00:00
1615046400,12.2724,12.9,12.2211,12.895,,2021-03-06 16:00:00+00:00
1615060800,12.895,13.31,12.8631,13.0421,,2021-03-06 20:00:00+00:00
1615075200,13.0443,13.22,12.919,12.927,,2021-03-07 00:00:00+00:00
1615089600,12.9498,13.0232,12.7049,12.7577,,2021-03-07 04:00:00+00:00
1615104000,12.7578,13.631,12.7567,13.6253,,2021-03-07 08:00:00+00:00
1615118400,13.6253,13.9476,13.3793,13.53,,2021-03-07 12:00:00+00:00
1615132800,13.5476,14.014,13.5476,13.7359,,2021-03-07 16:00:00+00:00
1615147200,13.7346,13.9499,13.5234,13.8174,,2021-03-07 20:00:00+00:00
1615161600,13.8174,13.906,13.3678,13.4425,,2021-03-08 00:00:00+00:00
1615176000,13.4398,13.6078,13.2653,13.3156,,2021-03-08 04:00:00+00:00
1615190400,13.3102,13.39,13.138,13.2749,,2021-03-08 08:00:00+00:00
1615204800,13.2749,13.7999,12.996,13.6171,,2021-03-08 12:00:00+00:00
1615219200,13.6257,13.815,13.5533,13.7031,,2021-03-08 16:00:00+00:00
1615233600,13.7138,13.74,13.4747,13.6028,,2021-03-08 20:00:00+00:00
1615248000,13.608,13.9409,13.1985,13.9197,,2021-03-09 00:00:00+00:00
1615262400,13.9197,14.18,13.7963,13.8773,,2021-03-09 04:00:00+00:00
1615276800,13.8792,14.3984,13.8792,14.2898,,2021-03-09 08:00:00+00:00
1615291200,14.2999,14.8474,13.9841,14.668,,2021-03-09 12:00:00+00:00
1615305600,14.6806,14.8486,14.4369,14.8288,,2021-03-09 16:00:00+00:00
1615320000,14.8288,14.9921,14.7007,14.839,,2021-03-09 20:00:00+00:00
1615334400,14.85,15.2118,14.0742,14.217,,2021-03-10 00:00:00+00:00
1615348800,14.227,14.5624,14.1603,14.5201,,2021-03-10 04:00:00+00:00
1615363200,14.5067,14.7548,14.3448,14.7167,,2021-03-10 08:00:00+00:00
1615377600,14.7055,14.8754,14.6212,14.7809,,2021-03-10 12:00:00+00:00
1615392000,14.7766,14.8132,14.6094,14.651,,2021-03-10 16:00:00+00:00
1615406400,14.6586,14.6708,14.0525,14.2048,,2021-03-10 20:00:00+00:00
1615420800,14.2011,14.2572,13.8426,14.0916,,2021-03-11 00:00:00+00:00
1615435200,14.0691,14.1441,13.8865,13.9091,,2021-03-11 04:00:00+00:00
1615449600,13.8978,14.2565,13.67,14.0894,,2021-03-11 08:00:00+00:00
1615464000,14.0883,14.6644,14.0156,14.2325,,2021-03-11 12:00:00+00:00
1615478400,14.2488,16.147,14.2487,15.7413,,2021-03-11 16:00:00+00:00
1615492800,15.73,16.3222,15.5914,16.031,,2021-03-11 20:00:00+00:00
1615507200,16.0519,16.5,15.7101,16.1219,,2021-03-12 00:00:00+00:00
1615521600,16.1109,16.4,15.8423,16.0566,,2021-03-12 04:00:00+00:00
1615536000,16.0357,16.13,15.3717,15.5535,,2021-03-12 08:00:00+00:00
1615550400,15.545,15.5982,14.9646,15.511,,2021-03-12 12:00:00+00:00
1615564800,15.5175,15.5939,14.45,14.6862,,2021-03-12 16:00:00+00:00
1615579200,14.6861,14.7814,14.0803,14.5597,,2021-03-12 20:00:00+00:00
1615593600,14.5532,14.6002,13.8439,14.1373,,2021-03-13 00:00:00+00:00
1615608000,14.1288,14.5196,14.068,14.3796,,2021-03-13 04:00:00+00:00
1615622400,14.3856,14.8717,14.316,14.6216,,2021-03-13 08:00:00+00:00
1615636800,14.6242,15.1432,14.5339,14.8807,,2021-03-13 12:00:00+00:00
1615651200,14.8926,15.3325,14.8512,15.0,,2021-03-13 16:00:00+00:00
1615665600,15.01,15.4072,15.0053,15.3033,,2021-03-13 20:00:00+00:00
1615680000,15.2902,15.376,14.9314,15.0326,,2021-03-14 00:00:00+00:00
1615694400,15.0242,15.0259,14.5432,14.5596,,2021-03-14 04:00:00+00:00
1615708800,14.5596,14.8504,14.3399,14.5241,,2021-03-14 08:00:00+00:00
1615723200,14.5241,14.6728,14.4347,14.4799,,2021-03-14 12:00:00+00:00
1615737600,14.4807,15.0457,14.3968,14.8585,,2021-03-14 16:00:00+00:00
1615752000,14.8571,14.9179,14.4362,14.4605,,2021-03-14 20:00:00+00:00
1615766400,14.461,14.7882,14.3848,14.7663,,2021-03-15 00:00:00+00:00
1615780800,14.7642,14.8214,13.7233,13.9359,,2021-03-15 04:00:00+00:00
1615795200,13.9304,14.35,13.6179,14.2587,,2021-03-15 08:00:00+00:00
1615809600,14.2465,14.3804,14.0387,14.0865,,2021-03-15 12:00:00+00:00
1615824000,14.0969,14.2993,13.977,14.2725,,2021-03-15 16:00:00+00:00
1615838400,14.2963,14.3992,14.0935,14.1577,,2021-03-15 20:00:00+00:00
1615852800,14.1586,14.2933,13.4717,13.5015,,2021-03-16 00:00:00+00:00
1615867200,13.5015,13.6521,13.1389,13.5509,,2021-03-16 04:00:00+00:00
1615881600,13.5555,13.91,13.53,13.6306,,2021-03-16 08:00:00+00:00
1615896000,13.6385,13.773,13.4646,13.765,,2021-03-16 12:00:00+00:00
1615910400,13.7711,14.004,13.5104,13.795,,2021-03-16 16:00:00+00:00
1615924800,13.795,13.8699,13.6,13.6392,,2021-03-16 20:00:00+00:00
1615939200,13.6379,13.7281,13.3742,13.3903,,2021-03-17 00:00:00+00:00
1615953600,13.3903,13.5624,13.33,13.5128,,2021-03-17 04:00:00+00:00
1615968000,13.5208,13.5912,13.0326,13.3059,,2021-03-17 08:00:00+00:00
1615982400,13.2976,13.4984,13.2137,13.4714,,2021-03-17 12:00:00+00:00
1615996800,13.4715,14.2685,13.4429,14.1649,,2021-03-17 16:00:00+00:00
1616011200,14.1649,14.2578,13.9423,14.2018,,2021-03-17 20:00:00+00:00
1616025600,14.1987,14.4844,14.1376,14.1847,,2021-03-18 00:00:00+00:00
1616040000,14.1931,14.3574,14.0936,14.218,,2021-03-18 04:00:00+00:00
1616054400,14.2247,14.3,14.0175,14.06,,2021-03-18 08:00:00+00:00
1616068800,14.0575,14.2,13.957,14.1976,,2021-03-18 12:00:00+00:00
1616083200,14.2,14.75,14.115,14.3147,,2021-03-18 16:00:00+00:00
1616097600,14.3107,14.3878,14.1839,14.204,,2021-03-18 20:00:00+00:00
1616112000,14.2153,14.2178,13.8554,14.0999,,2021-03-19 00:00:00+00:00
1616126400,14.0999,14.2501,13.9779,14.0005,,2021-03-19 04:00:00+00:00
1616140800,14.0005,14.1899,13.9802,14.18,,2021-03-19 08:00:00+00:00
1616155200,14.1767,14.4883,14.102,14.36,,2021-03-19 12:00:00+00:00
1616169600,14.3686,14.4628,14.2692,14.3238,,2021-03-19 16:00:00+00:00
1616184000,14.3238,14.3942,14.0319,14.1552,,2021-03-19 20:00:00+00:00
1616198400,14.1588,14.3388,14.09,14.3251,,2021-03-20 00:00:00+00:00
1616212800,14.3164,14.5636,14.2721,14.514,,2021-03-20 04:00:00+00:00
1616227200,14.523,14.8083,14.4505,14.8008,,2021-03-20 08:00:00+00:00
1616241600,14.8078,14.9793,14.6197,14.6881,,2021-03-20 12:00:00+00:00
1616256000,14.6788,14.7088,14.5171,14.6383,,2021-03-20 16:00:00+00:00
1616270400,14.649,14.6727,14.1554,14.1894,,2021-03-20 20:00:00+00:00
1616284800,14.1788,14.2711,13.9,14.0753,,2021-03-21 00:00:00+00:00
1616299200,14.0757,14.0927,13.8012,13.9532,,2021-03-21 04:00:00+00:00
1616313600,13.9458,14.027,13.6755,13.7333,,2021-03-21 08:00:00+00:00
1616328000,13.7237,14.1045,13.638,13.9345,,2021-03-21 12:00:00+00:00
1616342400,13.9242,14.3064,13.88,14.1922,,2021-03-21 16:00:00+00:00
1616356800,14.1913,14.3636,14.0848,14.3372,,2021-03-21 20:00:00+00:00
1616371200,14.3372,15.2,14.1697,15.17,,2021-03-22 00:00:00+00:00
1616385600,15.17,16.2973,15.0629,16.1811,,2021-03-22 04:00:00+00:00
1616400000,16.1911,16.499,15.8628,16.3992,,2021-03-22 08:00:00+00:00
1616414400,16.4001,16.59,15.6166,15.8338,,2021-03-22 12:00:00+00:00
1616428800,15.83,15.89,15.2589,15.4325,,2021-03-22 16:00:00+00:00
1616443200,15.4326,15.6998,14.75,14.7964,,2021-03-22 20:00:00+00:00
1616457600,14.7962,15.227,14.693,15.1,,2021-03-23 00:00:00+00:00
1616472000,15.1,15.1,14.0146,14.4264,,2021-03-23 04:00:00+00:00
1616486400,14.4239,14.5776,14.2499,14.3816,,2021-03-23 08:00:00+00:00
1616500800,14.3805,14.8205,14.3805,14.7128,,2021-03-23 12:00:00+00:00
1616515200,14.7171,14.7344,14.2668,14.3598,,2021-03-23 16:00:00+00:00
1616529600,14.3487,14.4381,14.1165,14.1552,,2021-03-23 20:00:00+00:00
1616544000,14.1433,14.3521,13.8655,14.3317,,2021-03-24 00:00:00+00:00
1616558400,14.33,14.6658,14.2131,14.66,,2021-03-24 04:00:00+00:00
1616572800,14.6589,14.8329,14.5834,14.71,,2021-03-24 08:00:00+00:00
1616587200,14.7116,14.9407,14.66,14.8464,,2021-03-24 12:00:00+00:00
1616601600,14.8497,15.3719,14.5753,14.6594,,2021-03-24 16:00:00+00:00
1616616000,14.6465,14.6479,13.5842,13.5973,,2021-03-24 20:00:00+00:00
1616630400,13.5844,13.6898,12.9236,13.35,,2021-03-25 00:00:00+00:00
1616644800,13.3384,13.7329,13.167,13.3045,,2021-03-25 04:00:00+00:00
1616659200,13.3119,13.4478,13.0756,13.1114,,2021-03-25 08:00:00+00:00
1616673600,13.1079,13.1773,12.47,12.7961,,2021-03-25 12:00:00+00:00
1616688000,12.7871,13.071,12.6745,12.9752,,2021-03-25 16:00:00+00:00
1616702400,12.9771,13.1317,12.8851,12.9787,,2021-03-25 20:00:00+00:00
1616716800,12.9789,13.34,12.3043,12.689,,2021-03-26 00:00:00+00:00
1616731200,12.689,14.1174,12.6081,14.0145,,2021-03-26 04:00:00+00:00
1616745600,14.0064,14.3,13.8118,13.9628,,2021-03-26 08:00:00+00:00
1616760000,13.974,14.1343,13.3363,13.9411,,2021-03-26 12:00:00+00:00
1616774400,13.9463,14.4504,13.8622,14.2683,,2021-03-26 16:00:00+00:00
1616788800,14.2696,14.7921,14.2551,14.7664,,2021-03-26 20:00:00+00:00
1616803200,14.7751,15.0322,14.7173,14.8783,,2021-03-27 00:00:00+00:00
1616817600,14.8803,16.1,14.7903,16.027,,2021-03-27 04:00:00+00:00
1616832000,16.035,16.2127,15.4124,15.62,,2021-03-27 08:00:00+00:00
1616846400,15.6179,16.0993,15.38,16.0,,2021-03-27 12:00:00+00:00
1616860800,16.0085,16.35,15.6751,15.8912,,2021-03-27 16:00:00+00:00
1616875200,15.8923,16.8,15.7651,16.4589,,2021-03-27 20:00:00+00:00
1616889600,16.4516,17.634,16.3049,17.2226,,2021-03-28 00:00:00+00:00
1616904000,17.2403,17.5213,16.9264,17.5179,,2021-03-28 04:00:00+00:00
1616918400,17.5103,18.3699,17.2739,18.2957,,2021-03-28 08:00:00+00:00
1616932800,18.2956,19.2642,18.1014,18.9148,,2021-03-28 12:00:00+00:00
1616947200,18.9112,19.38,17.7889,18.558,,2021-03-28 16:00:00+00:00
1616961600,18.558,19.0807,17.9354,18.0645,,2021-03-28 20:00:00+00:00
1616976000,18.0645,18.8606,18.0337,18.4529,,2021-03-29 00:00:00+00:00
1616990400,18.4422,18.5092,17.6439,18.1001,,2021-03-29 04:00:00+00:00
1617004800,18.1013,18.4902,18.0638,18.3798,,2021-03-29 08:00:00+00:00
1617019200,18.3859,18.7472,17.9878,18.1488,,2021-03-29 12:00:00+00:00
1617033600,18.1444,19.0,18.0344,18.8299,,2021-03-29 16:00:00+00:00
1617048000,18.8299,18.9588,18.4669,18.9504,,2021-03-29 20:00:00+00:00
1617062400,18.9504,19.999,18.9105,19.999,,2021-03-30 00:00:00+00:00
1617076800,19.9989,20.87,19.7323,20.3683,,2021-03-30 04:00:00+00:00
1617091200,20.3646,20.4867,20.0,20.4691,,2021-03-30 08:00:00+00:00
1617105600,20.4691,20.5135,19.3698,19.4093,,2021-03-30 12:00:00+00:00
1617120000,19.4248,19.6899,19.1031,19.2805,,2021-03-30 16:00:00+00:00
1617134400,19.2735,19.3492,18.9543,19.0685,,2021-03-30 20:00:00+00:00
1617148800,19.0645,19.1934,18.2239,18.7394,,2021-03-31 00:00:00+00:00
1617163200,18.7427,19.1302,18.5,18.5801,,2021-03-31 04:00:00+00:00
1617177600,18.58,19.5,18.0,19.4406,,2021-03-31 08:00:00+00:00
1617192000,19.4406,19.7096,19.2756,19.4123,,2021-03-31 12:00:00+00:00
1617206400,19.4118,19.8154,18.88,19.5141,,2021-03-31 16:00:00+00:00
1617220800,19.5147,19.7507,19.3335,19.3861,,2021-03-31 20:00:00+00:00
1617235200,19.3818,19.7585,19.2331,19.746,,2021-04-01 00:00:00+00:00
1617249600,19.7572,20.3583,19.6703,19.9834,,2021-04-01 04:00:00+00:00
1617264000,19.9862,20.0812,19.0727,19.2831,,2021-04-01 08:00:00+00:00
1617278400,19.2766,19.49,18.9911,19.4277,,2021-04-01 12:00:00+00:00
1617292800,19.4311,19.5054,18.7433,19.1458,,2021-04-01 16:00:00+00:00
1617307200,19.1396,19.2696,18.9915,19.0443,,2021-04-01 20:00:00+00:00
1617321600,19.0443,19.1306,18.345,18.724,,2021-04-02 00:00:00+00:00
1617336000,18.7375,19.0953,18.6309,19.018,,2021-04-02 04:00:00+00:00
1617350400,19.0196,19.1466,18.9304,19.1032,,2021-04-02 08:00:00+00:00
1617364800,19.1032,19.7017,19.0051,19.4936,,2021-04-02 12:00:00+00:00
1617379200,19.4936,19.7201,18.9965,19.2665,,2021-04-02 16:00:00+00:00
1617393600,19.2735,19.8003,19.2611,19.7501,,2021-04-02 20:00:00+00:00
1617408000,19.7513,21.1835,19.7228,21.041,,2021-04-03 00:00:00+00:00
1617422400,21.0411,21.88,20.8208,21.15,,2021-04-03 04:00:00+00:00
1617436800,21.1538,22.6514,21.1538,22.5116,,2021-04-03 08:00:00+00:00
1617451200,22.4581,22.8,21.02,21.031,,2021-04-03 12:00:00+00:00
1617465600,21.0204,22.531,20.4367,22.1705,,2021-04-03 16:00:00+00:00
1617480000,22.1594,23.8476,21.5059,22.5,,2021-04-03 20:00:00+00:00
1617494400,22.4672,23.7412,21.9867,22.7723,,2021-04-04 00:00:00+00:00
1617508800,22.7778,24.5,22.744,23.7662,,2021-04-04 04:00:00+00:00
1617523200,23.7662,24.5317,23.5172,23.6828,,2021-04-04 08:00:00+00:00
1617537600,23.683,25.0,23.3169,24.7428,,2021-04-04 12:00:00+00:00
1617552000,24.7557,25.5309,23.7702,24.1242,,2021-04-04 16:00:00+00:00
1617566400,24.1101,24.1521,23.301,23.7755,,2021-04-04 20:00:00+00:00
1617580800,23.7755,24.6232,23.1334,24.3263,,2021-04-05 00:00:00+00:00
1617595200,24.3218,24.78,22.794,23.181,,2021-04-05 04:00:00+00:00
1617609600,23.181,24.2984,22.9513,23.8241,,2021-04-05 08:00:00+00:00
1617624000,23.8244,24.6201,23.29,24.1195,,2021-04-05 12:00:00+00:00
1617638400,24.1023,24.429,23.4683,23.5505,,2021-04-05 16:00:00+00:00
1617652800,23.5505,23.7565,22.7664,22.9717,,2021-04-05 20:00:00+00:00
1617667200,22.9876,23.0836,22.4333,22.7268,,2021-04-06 00:00:00+00:00
1617681600,22.741,23.2969,22.5814,23.0306,,2021-04-06 04:00:00+00:00
1617696000,23.0306,23.7844,22.1769,22.8103,,2021-04-06 08:00:00+00:00
1617710400,22.8102,23.4845,21.7554,22.7679,,2021-04-06 12:00:00+00:00
1617724800,22.7358,24.6342,22.7059,24.2231,,2021-04-06 16:00:00+00:00
1617739200,24.2214,25.3,24.0041,25.0548,,2021-04-06 20:00:00+00:00
1617753600,25.0548,25.941,23.7736,25.1743,,2021-04-07 00:00:00+00:00
1617768000,25.1841,26.4444,24.7156,25.3286,,2021-04-07 04:00:00+00:00
1617782400,25.3023,25.47,22.9078,23.9988,,2021-04-07 08:00:00+00:00
1617796800,23.9737,27.5203,23.1071,26.5957,,2021-04-07 12:00:00+00:00
1617811200,26.6068,27.2734,25.2683,26.85,,2021-04-07 16:00:00+00:00
1617825600,26.88,27.482,26.1331,26.5385,,2021-04-07 20:00:00+00:00
1617840000,26.537,27.2,25.8961,26.0014,,2021-04-08 00:00:00+00:00
1617854400,26.0397,27.2982,25.9611,27.0517,,2021-04-08 04:00:00+00:00
1617868800,27.0425,27.9951,26.4748,26.5004,,2021-04-08 08:00:00+00:00
1617883200,26.5112,27.1694,25.6431,26.1648,,2021-04-08 12:00:00+00:00
1617897600,26.1586,26.9579,26.0,26.2801,,2021-04-08 16:00:00+00:00
1617912000,26.2802,27.0,26.0,26.9384,,2021-04-08 20:00:00+00:00
1617926400,26.9261,28.0,26.7097,27.6372,,2021-04-09 00:00:00+00:00
1617940800,27.6461,28.3586,27.3619,28.1507,,2021-04-09 04:00:00+00:00
1617955200,28.1829,28.7843,27.7153,28.7004,,2021-04-09 08:00:00+00:00
1617969600,28.699,29.0,27.9541,28.1554,,2021-04-09 12:00:00+00:00
1617984000,28.1312,29.0,27.67,28.6446,,2021-04-09 16:00:00+00:00
1617998400,28.66,28.7515,27.61,27.6172,,2021-04-09 20:00:00+00:00
1618012800,27.6194,28.2948,27.4103,27.4569,,2021-04-10 00:00:00+00:00
1618027200,27.4746,27.7778,26.7945,27.0398,,2021-04-10 04:00:00+00:00
1618041600,27.0608,27.9743,27.0454,27.8592,,2021-04-10 08:00:00+00:00
1618056000,27.8782,28.2025,26.8278,27.0614,,2021-04-10 12:00:00+00:00
1618070400,27.0614,27.6,26.6105,26.6105,,2021-04-10 16:00:00+00:00
1618084800,26.6105,26.8864,25.9017,26.8021,,2021-04-10 20:00:00+00:00
1618099200,26.7993,27.0,26.1317,26.2044,,2021-04-11 00:00:00+00:00
1618113600,26.2044,26.4224,25.5131,26.3355,,2021-04-11 04:00:00+00:00
1618128000,26.3351,26.5225,25.9,26.0716,,2021-04-11 08:00:00+00:00
1618142400,26.1036,27.9628,25.879,27.5901,,2021-04-11 12:00:00+00:00
1618156800,27.5718,28.6369,27.3568,28.5467,,2021-04-11 16:00:00+00:00
1618171200,28.5726,28.649,27.6509,27.8517,,2021-04-11 20:00:00+00:00
1618185600,27.8598,29.9295,27.8025,28.938,,2021-04-12 00:00:00+00:00
1618200000,28.9596,29.4444,28.2756,28.2983,,2021-04-12 04:00:00+00:00
1618214400,28.2979,28.7369,27.3958,28.0877,,2021-04-12 08:00:00+00:00
1618228800,28.0875,28.475,26.8049,27.114,,2021-04-12 12:00:00+00:00
1618243200,27.1166,27.7293,26.9522,27.5368,,2021-04-12 16:00:00+00:00
1618257600,27.5271,28.5989,27.3709,28.5424,,2021-04-12 20:00:00+00:00
1618272000,28.5266,28.8162,27.8729,27.9154,,2021-04-13 00:00:00+00:00
1618286400,27.9154,27.9527,26.3748,26.7951,,2021-04-13 04:00:00+00:00
1618300800,26.7951,27.2803,26.2616,26.7485,,2021-04-13 08:00:00+00:00
1618315200,26.7485,27.9632,26.6506,27.494,,2021-04-13 12:00:00+00:00
1618329600,27.4938,28.2072,27.2066,27.6754,,2021-04-13 16:00:00+00:00
1618344000,27.6754,27.9107,27.135,27.4507,,2021-04-13 20:00:00+00:00
1618358400,27.4571,27.5613,26.2209,26.8034,,2021-04-14 00:00:00+00:00
1618372800,26.8032,27.3014,26.22,26.3519,,2021-04-14 04:00:00+00:00
1618387200,26.3452,26.8721,25.4909,25.99,,2021-04-14 08:00:00+00:00
1618401600,26.0,26.2345,24.7,25.7589,,2021-04-14 12:00:00+00:00
1618416000,25.7587,27.1586,25.0059,25.4339,,2021-04-14 16:00:00+00:00
1618430400,25.4336,26.6,25.1808,26.4067,,2021-04-14 20:00:00+00:00
1618444800,26.4182,26.6692,25.4723,25.7145,,2021-04-15 00:00:00+00:00
1618459200,25.72,26.9,25.4479,26.7502,,2021-04-15 04:00:00+00:00
1618473600,26.7532,26.997,26.3317,26.559,,2021-04-15 08:00:00+00:00
1618488000,26.5397,27.6871,26.5285,27.2446,,2021-04-15 12:00:00+00:00
1618502400,27.2649,27.536,26.7152,27.3167,,2021-04-15 16:00:00+00:00
1618516800,27.3162,28.2,27.178,27.7816,,2021-04-15 20:00:00+00:00
1618531200,27.7946,28.2571,27.4,27.9753,,2021-04-16 00:00:00+00:00
1618545600,27.9677,28.1359,26.7286,26.9631,,2021-04-16 04:00:00+00:00
1618560000,26.9468,27.1956,25.4756,26.1271,,2021-04-16 08:00:00+00:00
1618574400,26.092,26.2051,24.8547,25.9811,,2021-04-16 12:00:00+00:00
1618588800,25.958,26.0,25.3821,25.7419,,2021-04-16 16:00:00+00:00
1618603200,25.7318,26.0,25.2039,25.2996,,2021-04-16 20:00:00+00:00
1618617600,25.2926,25.8262,25.1171,25.7718,,2021-04-17 00:00:00+00:00
1618632000,25.7635,26.2764,25.3643,26.1823,,2021-04-17 04:00:00+00:00
1618646400,26.1925,26.7914,25.6935,25.8858,,2021-04-17 08:00:00+00:00
1618660800,25.87,26.7501,25.6813,25.9826,,2021-04-17 12:00:00+00:00
1618675200,25.8983,26.3374,25.15,25.2978,,2021-04-17 16:00:00+00:00
1618689600,25.3141,25.6688,24.8181,24.85,,2021-04-17 20:00:00+00:00
1618704000,24.8517,24.9761,21.1,22.0209,,2021-04-18 00:00:00+00:00
1618718400,22.0,27.7,21.9435,27.2368,,2021-04-18 04:00:00+00:00
1618732800,27.2438,28.6484,24.8874,25.3046,,2021-04-18 08:00:00+00:00
1618747200,25.3218,28.2921,25.2411,28.1281,,2021-04-18 12:00:00+00:00
1618761600,28.1237,30.707,27.1,30.2,,2021-04-18 16:00:00+00:00
1618776000,30.2,32.99,29.4152,32.3358,,2021-04-18 20:00:00+00:00
1618790400,32.3324,32.625,30.5374,31.8023,,2021-04-19 00:00:00+00:00
1618804800,31.8015,31.8021,30.08,30.7771,,2021-04-19 04:00:00+00:00
1618819200,30.7973,34.95,29.8066,33.8528,,2021-04-19 08:00:00+00:00
1618833600,33.8521,34.9677,29.9676,30.4763,,2021-04-19 12:00:00+00:00
1618848000,30.4903,36.095,29.9617,34.3911,,2021-04-19 16:00:00+00:00
1618862400,34.407,34.7672,31.4176,31.4711,,2021-04-19 20:00:00+00:00
1618876800,31.5303,31.9068,28.81,30.4787,,2021-04-20 00:00:00+00:00
1618891200,30.443,32.8,29.2,29.7888,,2021-04-20 04:00:00+00:00
1618905600,29.7888,31.6584,29.4285,31.2561,,2021-04-20 08:00:00+00:00
1618920000,31.2397,31.378,28.9675,29.7206,,2021-04-20 12:00:00+00:00
1618934400,29.7064,32.0,29.4229,31.7825,,2021-04-20 16:00:00+00:00
1618948800,31.7873,32.4477,31.2561,31.7028,,2021-04-20 20:00:00+00:00
1618963200,31.6939,33.9,30.4041,32.6112,,2021-04-21 00:00:00+00:00
1618977600,32.5902,32.9914,31.4222,31.751,,2021-04-21 04:00:00+00:00
1618992000,31.7411,31.9367,30.2148,30.7265,,2021-04-21 08:00:00+00:00
1619006400,30.7486,35.1801,30.1101,34.3608,,2021-04-21 12:00:00+00:00
1619020800,34.3807,34.6673,32.9246,33.7102,,2021-04-21 16:00:00+00:00
1619035200,33.6678,34.5896,31.7136,32.5534,,2021-04-21 20:00:00+00:00
1619049600,32.5965,37.0,31.4586,35.8759,,2021-04-22 00:00:00+00:00
1619064000,35.867,37.9846,35.38,37.8,,2021-04-22 04:00:00+00:00
1619078400,37.8022,37.8524,35.5392,36.493,,2021-04-22 08:00:00+00:00
1619092800,36.5141,38.9698,35.9495,38.8781,,2021-04-22 12:00:00+00:00
1619107200,38.8781,40.7467,36.96,38.2875,,2021-04-22 16:00:00+00:00
1619121600,38.274,41.1587,34.0,38.9,,2021-04-22 20:00:00+00:00
1619136000,38.8718,41.74,34.1,36.5064,,2021-04-23 00:00:00+00:00
1619150400,36.561,36.8108,32.05,32.2237,,2021-04-23 04:00:00+00:00
1619164800,32.1733,35.7945,31.4936,35.2822,,2021-04-23 08:00:00+00:00
1619179200,35.3016,36.8,33.8,34.9074,,2021-04-23 12:00:00+00:00
1619193600,34.8698,36.2226,33.4,35.7896,,2021-04-23 16:00:00+00:00
1619208000,35.7872,37.8875,35.7714,37.3893,,2021-04-23 20:00:00+00:00
1619222400,37.3018,37.8,34.5861,35.8534,,2021-04-24 00:00:00+00:00
1619236800,35.8404,37.18,35.33,35.9136,,2021-04-24 04:00:00+00:00
1619251200,35.93,37.24,35.0,35.3061,,2021-04-24 08:00:00+00:00
1619265600,35.3061,37.0756,35.0139,36.9661,,2021-04-24 12:00:00+00:00
1619280000,36.9958,42.85,36.3,42.1004,,2021-04-24 16:00:00+00:00
1619294400,42.0783,43.6397,40.2187,40.8401,,2021-04-24 20:00:00+00:00
1619308800,40.8525,43.6146,40.572,40.9943,,2021-04-25 00:00:00+00:00
1619323200,40.9857,41.3333,40.9747,41.2849,,2021-04-25 04:00:00+00:00
1619337600,41.3079,43.0,40.843,42.057,,2021-04-25 08:00:00+00:00
1619352000,42.091,47.0,41.88,46.724,,2021-04-25 12:00:00+00:00
1619366400,46.661,47.002,43.223,44.027,,2021-04-25 16:00:00+00:00
1619380800,44.045,48.644,41.654,47.405,,2021-04-25 20:00:00+00:00
1619395200,47.395,48.3,44.79,47.189,,2021-04-26 00:00:00+00:00
1619409600,47.169,48.499,45.666,47.858,,2021-04-26 04:00:00+00:00
1619424000,47.847,48.378,45.309,45.406,,2021-04-26 08:00:00+00:00
1619438400,45.453,47.5,44.8,46.851,,2021-04-26 12:00:00+00:00
1619452800,46.863,47.25,44.86,45.326,,2021-04-26 16:00:00+00:00
1619467200,45.321,45.7,43.267,43.878,,2021-04-26 20:00:00+00:00
1619481600,43.884,46.606,43.6,45.065,,2021-04-27 00:00:00+00:00
1619496000,45.085,46.382,44.353,45.653,,2021-04-27 04:00:00+00:00
1619510400,45.65,46.297,44.595,45.136,,2021-04-27 08:00:00+00:00
1619524800,45.132,45.26,42.5,43.898,,2021-04-27 12:00:00+00:00
1619539200,43.882,44.06,42.539,43.417,,2021-04-27 16:00:00+00:00
1619553600,43.403,44.65,43.0,43.147,,2021-04-27 20:00:00+00:00
1619568000,43.147,45.095,42.025,43.159,,2021-04-28 00:00:00+00:00
1619582400,43.163,43.666,40.516,42.453,,2021-04-28 04:00:00+00:00
1619596800,42.453,44.15,41.425,44.105,,2021-04-28 08:00:00+00:00
1619611200,44.105,46.563,43.898,45.831,,2021-04-28 12:00:00+00:00
1619625600,45.831,46.962,45.0,45.598,,2021-04-28 16:00:00+00:00
1619640000,45.6,45.918,43.868,44.833,,2021-04-28 20:00:00+00:00
1619654400,44.831,46.233,42.202,43.214,,2021-04-29 00:00:00+00:00
1619668800,43.214,44.49,43.035,43.649,,2021-04-29 04:00:00+00:00
1619683200,43.649,44.518,42.6,44.094,,2021-04-29 08:00:00+00:00
1619697600,44.08,44.69,43.295,44.266,,2021-04-29 12:00:00+00:00
1619712000,44.26,44.745,40.906,41.978,,2021-04-29 16:00:00+00:00
1619726400,41.976,42.7,41.239,42.484,,2021-04-29 20:00:00+00:00
1619740800,42.452,42.935,41.21,42.255,,2021-04-30 00:00:00+00:00
1619755200,42.311,43.053,42.258,43.003,,2021-04-30 04:00:00+00:00
1619769600,43.01,44.313,42.682,42.957,,2021-04-30 08:00:00+00:00
1619784000,42.958,43.636,42.117,42.633,,2021-04-30 12:00:00+00:00
1619798400,42.633,43.99,42.18,43.727,,2021-04-30 16:00:00+00:00
1619812800,43.741,43.742,42.61,42.786,,2021-04-30 20:00:00+00:00
1619827200,42.786,43.041,42.001,43.033,,2021-05-01 00:00:00+00:00
1619841600,43.033,43.51,42.567,42.834,,2021-05-01 04:00:00+00:00
1619856000,42.828,44.5,42.324,44.403,,2021-05-01 08:00:00+00:00
1619870400,44.393,47.867,43.659,47.36,,2021-05-01 12:00:00+00:00
1619884800,47.36,49.5,46.603,49.45,,2021-05-01 16:00:00+00:00
1619899200,49.461,49.88,47.144,49.67,,2021-05-01 20:00:00+00:00
1619913600,49.646,49.99,47.077,47.472,,2021-05-02 00:00:00+00:00
1619928000,47.416,48.4,46.0,46.55,,2021-05-02 04:00:00+00:00
1619942400,46.55,47.682,45.904,46.651,,2021-05-02 08:00:00+00:00
1619956800,46.651,47.5,46.0,47.04,,2021-05-02 12:00:00+00:00
1619971200,47.011,48.23,46.68,47.902,,2021-05-02 16:00:00+00:00
1619985600,47.881,48.093,46.274,46.897,,2021-05-02 20:00:00+00:00
1620000000,46.926,47.922,46.671,47.639,,2021-05-03 00:00:00+00:00
1620014400,47.663,48.968,47.399,48.469,,2021-05-03 04:00:00+00:00
1620028800,48.47,49.0,47.608,48.24,,2021-05-03 08:00:00+00:00
1620043200,48.24,48.6,46.653,47.837,,2021-05-03 12:00:00+00:00
1620057600,47.845,47.996,46.8,47.022,,2021-05-03 16:00:00+00:00
1620072000,47.022,47.035,44.774,45.912,,2021-05-03 20:00:00+00:00
1620086400,45.935,45.969,43.128,45.02,,2021-05-04 00:00:00+00:00
1620100800,44.997,47.3,44.792,45.935,,2021-05-04 04:00:00+00:00
1620115200,45.922,47.81,45.426,47.073,,2021-05-04 08:00:00+00:00
1620129600,47.072,47.355,42.995,43.594,,2021-05-04 12:00:00+00:00
1620144000,43.602,44.776,42.26,44.551,,2021-05-04 16:00:00+00:00
1620158400,44.551,45.0,42.636,42.636,,2021-05-04 20:00:00+00:00
1620172800,42.636,45.205,42.305,43.865,,2021-05-05 00:00:00+00:00
1620187200,43.88,44.5,42.938,44.498,,2021-05-05 04:00:00+00:00
1620201600,44.5,45.81,44.0,44.391,,2021-05-05 08:00:00+00:00
1620216000,44.361,45.055,43.93,44.188,,2021-05-05 12:00:00+00:00
1620230400,44.188,45.967,44.11,45.962,,2021-05-05 16:00:00+00:00
1620244800,45.951,46.0,44.401,44.98,,2021-05-05 20:00:00+00:00
1620259200,44.965,44.98,43.556,44.194,,2021-05-06 00:00:00+00:00
1620273600,44.193,44.619,43.034,43.85,,2021-05-06 04:00:00+00:00
1620288000,43.832,44.749,43.301,44.54,,2021-05-06 08:00:00+00:00
1620302400,44.542,44.578,43.451,43.711,,2021-05-06 12:00:00+00:00
1620316800,43.724,43.855,42.55,43.799,,2021-05-06 16:00:00+00:00
1620331200,43.773,43.92,42.997,43.496,,2021-05-06 20:00:00+00:00
1620345600,43.496,43.746,41.603,41.985,,2021-05-07 00:00:00+00:00
1620360000,41.985,42.789,41.42,42.251,,2021-05-07 04:00:00+00:00
1620374400,42.251,43.072,41.96,42.697,,2021-05-07 08:00:00+00:00
1620388800,42.697,45.03,42.344,44.947,,2021-05-07 12:00:00+00:00
1620403200,44.942,46.243,43.322,43.766,,2021-05-07 16:00:00+00:00
1620417600,43.77,44.5,42.226,43.182,,2021-05-07 20:00:00+00:00
1620432000,43.154,43.667,42.275,43.514,,2021-05-08 00:00:00+00:00
1620446400,43.533,43.64,42.681,43.626,,2021-05-08 04:00:00+00:00
1620460800,43.624,44.65,43.523,44.257,,2021-05-08 08:00:00+00:00
1620475200,44.241,45.5,43.408,43.553,,2021-05-08 12:00:00+00:00
1620489600,43.564,45.346,43.523,44.897,,2021-05-08 16:00:00+00:00
1620504000,44.881,46.65,44.279,45.612,,2021-05-08 20:00:00+00:00
1620518400,45.632,47.15,44.54,44.569,,2021-05-09 00:00:00+00:00
1620532800,44.574,46.2,42.6,44.712,,2021-05-09 04:00:00+00:00
1620547200,44.712,45.447,44.277,44.8,,2021-05-09 08:00:00+00:00
1620561600,44.8,44.917,43.285,44.159,,2021-05-09 12:00:00+00:00
1620576000,44.189,45.0,43.994,44.23,,2021-05-09 16:00:00+00:00
1620590400,44.245,44.972,43.971,44.33,,2021-05-09 20:00:00+00:00
1620604800,44.33,45.455,44.174,45.025,,2021-05-10 00:00:00+00:00
1620619200,45.024,45.89,44.75,45.488,,2021-05-10 04:00:00+00:00
1620633600,45.488,45.532,43.628,43.918,,2021-05-10 08:00:00+00:00
1620648000,43.915,44.366,43.067,43.881,,2021-05-10 12:00:00+00:00
1620662400,43.881,43.94,42.0,42.088,,2021-05-10 16:00:00+00:00
1620676800,42.041,44.0,39.0,42.854,,2021-05-10 20:00:00+00:00
1620691200,42.868,42.99,40.0,40.4,,2021-05-11 00:00:00+00:00
1620705600,40.4,41.66,39.7,41.62,,2021-05-11 04:00:00+00:00
1620720000,41.622,42.2,40.149,41.408,,2021-05-11 08:00:00+00:00
1620734400,41.39,41.669,40.047,41.377,,2021-05-11 12:00:00+00:00
1620748800,41.437,43.0,41.251,42.956,,2021-05-11 16:00:00+00:00
1620763200,42.943,45.18,42.648,44.538,,2021-05-11 20:00:00+00:00
1620777600,44.579,45.6,43.991,44.469,,2021-05-12 00:00:00+00:00
1620792000,44.469,45.8,43.684,44.838,,2021-05-12 04:00:00+00:00
1620806400,44.849,46.706,44.645,46.088,,2021-05-12 08:00:00+00:00
1620820800,46.088,48.2,44.916,47.45,,2021-05-12 12:00:00+00:00
1620835200,47.412,47.807,42.624,44.869,,2021-05-12 16:00:00+00:00
1620849600,44.85,49.243,42.18,43.709,,2021-05-12 20:00:00+00:00
1620864000,43.394,45.501,40.0,42.614,,2021-05-13 00:00:00+00:00
1620878400,42.58,45.026,42.464,44.272,,2021-05-13 04:00:00+00:00
1620892800,44.203,44.581,40.4,41.575,,2021-05-13 08:00:00+00:00
1620907200,41.547,43.403,41.036,41.401,,2021-05-13 12:00:00+00:00
1620921600,41.419,42.03,37.43,39.06,,2021-05-13 16:00:00+00:00
1620936000,39.108,41.871,38.703,41.049,,2021-05-13 20:00:00+00:00
1620950400,41.051,42.391,40.222,40.806,,2021-05-14 00:00:00+00:00
1620964800,40.809,41.211,39.901,41.084,,2021-05-14 04:00:00+00:00
1620979200,41.087,43.2,41.084,42.795,,2021-05-14 08:00:00+00:00
1620993600,42.791,44.897,41.86,44.619,,2021-05-14 12:00:00+00:00
1621008000,44.6,44.769,43.117,43.149,,2021-05-14 16:00:00+00:00
1621022400,43.149,43.3,41.405,42.7,,2021-05-14 20:00:00+00:00
1621036800,42.697,43.037,41.72,42.148,,2021-05-15 00:00:00+00:00
1621051200,42.148,42.736,40.508,40.804,,2021-05-15 04:00:00+00:00
1621065600,40.785,41.516,40.284,41.206,,2021-05-15 08:00:00+00:00
1621080000,41.191,41.9,40.033,41.351,,2021-05-15 12:00:00+00:00
1621094400,41.36,42.282,39.305,42.282,,2021-05-15 16:00:00+00:00
1621108800,42.275,45.5,41.841,43.486,,2021-05-15 20:00:00+00:00
1621123200,43.462,47.87,43.059,47.614,,2021-05-16 00:00:00+00:00
1621137600,47.614,47.842,45.768,46.468,,2021-05-16 04:00:00+00:00
1621152000,46.455,48.0,45.931,47.184,,2021-05-16 08:00:00+00:00
1621166400,47.19,52.6,46.962,48.49,,2021-05-16 12:00:00+00:00
1621180800,48.461,49.9,41.602,43.654,,2021-05-16 16:00:00+00:00
1621195200,43.642,49.999,42.2,46.85,,2021-05-16 20:00:00+00:00
1621209600,46.85,47.67,43.514,44.029,,2021-05-17 00:00:00+00:00
1621224000,44.002,51.098,43.01,50.57,,2021-05-17 04:00:00+00:00
1621238400,50.608,51.594,47.7,50.137,,2021-05-17 08:00:00+00:00
1621252800,50.173,50.536,47.62,48.551,,2021-05-17 12:00:00+00:00
1621267200,48.517,51.985,45.688,49.155,,2021-05-17 16:00:00+00:00
1621281600,49.115,50.001,46.0,46.708,,2021-05-17 20:00:00+00:00
1621296000,46.747,48.406,46.051,47.743,,2021-05-18 00:00:00+00:00
1621310400,47.733,51.978,47.497,51.96,,2021-05-18 04:00:00+00:00
1621324800,51.943,55.137,51.508,54.516,,2021-05-18 08:00:00+00:00
1621339200,54.506,55.043,51.0,53.412,,2021-05-18 12:00:00+00:00
1621353600,53.391,58.38,53.029,55.16,,2021-05-18 16:00:00+00:00
1621368000,55.189,56.968,53.524,55.977,,2021-05-18 20:00:00+00:00
1621382400,55.969,57.691,50.928,51.974,,2021-05-19 00:00:00+00:00
1621396800,51.974,52.682,44.0,50.863,,2021-05-19 04:00:00+00:00
1621411200,50.871,51.0,38.6,43.969,,2021-05-19 08:00:00+00:00
1621425600,43.943,47.3,26.5,46.324,,2021-05-19 12:00:00+00:00
1621440000,46.331,47.5,40.0,40.857,,2021-05-19 16:00:00+00:00
1621454400,40.838,41.632,34.95,34.988,,2021-05-19 20:00:00+00:00
1621468800,34.987,39.706,32.0,36.451,,2021-05-20 00:00:00+00:00
1621483200,36.451,42.476,35.93,41.682,,2021-05-20 04:00:00+00:00
1621497600,41.666,44.11,39.286,43.238,,2021-05-20 08:00:00+00:00
1621512000,43.209,46.4,42.453,45.878,,2021-05-20 12:00:00+00:00
1621526400,45.878,53.0,42.0,44.831,,2021-05-20 16:00:00+00:00
1621540800,44.867,48.299,43.835,44.42,,2021-05-20 20:00:00+00:00
1621555200,44.367,47.7,44.313,45.446,,2021-05-21 00:00:00+00:00
1621569600,45.447,45.76,42.944,43.961,,2021-05-21 04:00:00+00:00
1621584000,43.971,44.319,41.0,42.214,,2021-05-21 08:00:00+00:00
1621598400,42.178,42.669,35.7,36.922,,2021-05-21 12:00:00+00:00
1621612800,36.909,40.2,36.396,38.159,,2021-05-21 16:00:00+00:00
1621627200,38.11,38.987,33.673,38.925,,2021-05-21 20:00:00+00:00
1621641600,38.925,40.0,36.659,37.68,,2021-05-22 00:00:00+00:00
1621656000,37.69,38.249,34.61,35.153,,2021-05-22 04:00:00+00:00
1621670400,35.155,37.869,35.155,36.953,,2021-05-22 08:00:00+00:00
1621684800,36.982,38.329,34.653,35.367,,2021-05-22 12:00:00+00:00
1621699200,35.357,35.499,31.134,31.35,,2021-05-22 16:00:00+00:00
1621713600,31.35,33.745,31.147,31.222,,2021-05-22 20:00:00+00:00
1621728000,31.222,32.4,29.082,30.247,,2021-05-23 00:00:00+00:00
1621742400,30.24,30.409,25.702,26.664,,2021-05-23 04:00:00+00:00
1621756800,26.684,26.859,21.337,25.671,,2021-05-23 08:00:00+00:00
1621771200,25.634,26.249,22.0,22.897,,2021-05-23 12:00:00+00:00
1621785600,22.904,23.564,19.117,22.939,,2021-05-23 16:00:00+00:00
1621800000,22.928,26.4,22.5,24.536,,2021-05-23 20:00:00+00:00
1621814400,24.53,27.571,24.496,26.625,,2021-05-24 00:00:00+00:00
1621828800,26.649,28.85,25.852,28.533,,2021-05-24 04:00:00+00:00
1621843200,28.548,31.0,27.069,30.282,,2021-05-24 08:00:00+00:00
1621857600,30.303,32.0,29.118,30.287,,2021-05-24 12:00:00+00:00
1621872000,30.305,32.0,28.6,31.925,,2021-05-24 16:00:00+00:00
1621886400,31.855,32.19,29.808,31.416,,2021-05-24 20:00:00+00:00
1621900800,31.42,33.195,28.709,29.192,,2021-05-25 00:00:00+00:00
1621915200,29.174,30.148,27.617,29.574,,2021-05-25 04:00:00+00:00
1621929600,29.602,29.626,25.915,26.313,,2021-05-25 08:00:00+00:00
1621944000,26.277,29.674,26.108,29.5,,2021-05-25 12:00:00+00:00
1621958400,29.578,29.97,28.152,28.381,,2021-05-25 16:00:00+00:00
1621972800,28.412,31.29,28.31,29.973,,2021-05-25 20:00:00+00:00
1621987200,29.985,32.499,28.858,32.487,,2021-05-26 00:00:00+00:00
1622001600,32.497,35.648,31.404,35.029,,2021-05-26 04:00:00+00:00
1622016000,35.044,36.35,32.992,36.176,,2021-05-26 08:00:00+00:00
1622030400,36.187,37.25,33.239,34.301,,2021-05-26 12:00:00+00:00
1622044800,34.289,35.23,32.678,33.535,,2021-05-26 16:00:00+00:00
1622059200,33.536,35.769,33.366,35.43,,2021-05-26 20:00:00+00:00
1622073600,35.427,35.594,30.976,31.852,,2021-05-27 00:00:00+00:00
1622088000,31.851,33.462,31.423,33.133,,2021-05-27 04:00:00+00:00
1622102400,33.149,35.245,32.351,35.054,,2021-05-27 08:00:00+00:00
1622116800,35.054,35.272,33.759,34.165,,2021-05-27 12:00:00+00:00
1622131200,34.14,34.567,32.775,34.439,,2021-05-27 16:00:00+00:00
1622145600,34.467,35.445,33.385,33.747,,2021-05-27 20:00:00+00:00
1622160000,33.761,34.551,33.02,33.824,,2021-05-28 00:00:00+00:00
1622174400,33.829,33.845,30.0,31.046,,2021-05-28 04:00:00+00:00
1622188800,31.034,31.282,28.211,28.48,,2021-05-28 08:00:00+00:00
1622203200,28.51,31.842,28.27,31.149,,2021-05-28 12:00:00+00:00
1622217600,31.149,31.5,30.186,30.815,,2021-05-28 16:00:00+00:00
1622232000,30.803,31.239,28.0,28.989,,2021-05-28 20:00:00+00:00
1622246400,28.993,29.986,28.634,29.451,,2021-05-29 00:00:00+00:00
1622260800,29.449,30.066,28.435,29.139,,2021-05-29 04:00:00+00:00
1622275200,29.126,29.393,27.641,28.728,,2021-05-29 08:00:00+00:00
1622289600,28.749,28.749,26.376,26.982,,2021-05-29 12:00:00+00:00
1622304000,26.981,27.518,25.713,26.041,,2021-05-29 16:00:00+00:00
1622318400,26.041,27.683,25.7,27.388,,2021-05-29 20:00:00+00:00
1622332800,27.407,27.672,25.586,26.764,,2021-05-30 00:00:00+00:00
1622347200,26.797,29.612,26.682,29.578,,2021-05-30 04:00:00+00:00
1622361600,29.581,29.781,28.519,29.412,,2021-05-30 08:00:00+00:00
1622376000,29.409,29.469,27.388,27.803,,2021-05-30 12:00:00+00:00
1622390400,27.801,29.436,27.583,29.109,,2021-05-30 16:00:00+00:00
1622404800,29.094,29.491,28.423,28.588,,2021-05-30 20:00:00+00:00
1622419200,28.573,29.029,27.489,28.059,,2021-05-31 00:00:00+00:00
1622433600,28.042,30.787,27.639,30.599,,2021-05-31 04:00:00+00:00
1622448000,30.603,32.414,30.3,31.55,,2021-05-31 08:00:00+00:00
1622462400,31.549,32.797,30.533,32.646,,2021-05-31 12:00:00+00:00
1622476800,32.642,33.014,31.298,31.607,,2021-05-31 16:00:00+00:00
1622491200,31.607,32.977,31.353,32.75,,2021-05-31 20:00:00+00:00
1622505600,32.759,32.923,31.241,32.207,,2021-06-01 00:00:00+00:00
1622520000,32.208,33.285,31.899,32.121,,2021-06-01 04:00:00+00:00
1622534400,32.122,32.327,30.6,32.057,,2021-06-01 08:00:00+00:00
1622548800,32.057,32.291,30.805,31.185,,2021-06-01 12:00:00+00:00
1622563200,31.202,31.464,29.852,30.08,,2021-06-01 16:00:00+00:00
1622577600,30.091,31.142,30.0,30.938,,2021-06-01 20:00:00+00:00
1622592000,30.931,31.262,30.402,31.038,,2021-06-02 00:00:00+00:00
1622606400,31.014,31.868,30.836,31.723,,2021-06-02 04:00:00+00:00
1622620800,31.703,32.571,31.397,32.419,,2021-06-02 08:00:00+00:00
1622635200,32.419,34.24,32.393,33.646,,2021-06-02 12:00:00+00:00
1622649600,33.633,35.129,33.386,34.173,,2021-06-02 16:00:00+00:00
1622664000,34.171,34.696,33.351,33.994,,2021-06-02 20:00:00+00:00
1622678400,33.994,35.834,33.736,35.529,,2021-06-03 00:00:00+00:00
1622692800,35.533,37.371,35.146,36.665,,2021-06-03 04:00:00+00:00
1622707200,36.651,37.67,36.239,36.756,,2021-06-03 08:00:00+00:00
1622721600,36.754,39.774,36.009,38.489,,2021-06-03 12:00:00+00:00
1622736000,38.496,39.9,38.016,39.485,,2021-06-03 16:00:00+00:00
1622750400,39.487,41.523,39.259,39.602,,2021-06-03 20:00:00+00:00
1622764800,39.599,39.737,36.95,38.84,,2021-06-04 00:00:00+00:00
1622779200,38.839,39.216,34.864,36.716,,2021-06-04 04:00:00+00:00
1622793600,36.705,38.078,34.965,35.584,,2021-06-04 08:00:00+00:00
1622808000,35.565,38.495,34.187,38.174,,2021-06-04 12:00:00+00:00
1622822400,38.173,38.809,37.0,37.761,,2021-06-04 16:00:00+00:00
1622836800,37.765,39.125,36.731,37.338,,2021-06-04 20:00:00+00:00
1622851200,37.356,42.5,36.982,41.45,,2021-06-05 00:00:00+00:00
1622865600,41.44,42.787,41.309,41.506,,2021-06-05 04:00:00+00:00
1622880000,41.526,41.943,39.317,40.043,,2021-06-05 08:00:00+00:00
1622894400,40.022,41.551,39.089,40.509,,2021-06-05 12:00:00+00:00
1622908800,40.5,40.679,39.23,39.501,,2021-06-05 16:00:00+00:00
1622923200,39.481,40.138,37.473,39.633,,2021-06-05 20:00:00+00:00
1622937600,39.663,40.653,38.912,39.685,,2021-06-06 00:00:00+00:00
1622952000,39.696,40.482,39.152,39.75,,2021-06-06 04:00:00+00:00
1622966400,39.739,41.494,39.739,40.557,,2021-06-06 08:00:00+00:00
1622980800,40.57,43.0,40.19,42.836,,2021-06-06 12:00:00+00:00
1622995200,42.838,43.4,41.397,41.648,,2021-06-06 16:00:00+00:00
1623009600,41.619,42.966,41.449,42.205,,2021-06-06 20:00:00+00:00
1623024000,42.2,43.95,41.688,42.596,,2021-06-07 00:00:00+00:00
1623038400,42.6,44.0,42.31,43.751,,2021-06-07 04:00:00+00:00
1623052800,43.766,44.2,43.01,43.3,,2021-06-07 08:00:00+00:00
1623067200,43.29,44.08,41.84,42.176,,2021-06-07 12:00:00+00:00
1623081600,42.176,42.803,41.136,42.795,,2021-06-07 16:00:00+00:00
1623096000,42.776,42.974,37.8,38.235,,2021-06-07 20:00:00+00:00
1623110400,38.2,39.784,35.213,37.519,,2021-06-08 00:00:00+00:00
1623124800,37.502,38.09,34.711,36.796,,2021-06-08 04:00:00+00:00
1623139200,36.809,38.154,35.403,37.25,,2021-06-08 08:00:00+00:00
1623153600,37.26,37.5,33.6,36.683,,2021-06-08 12:00:00+00:00
1623168000,36.665,41.444,36.5,41.145,,2021-06-08 16:00:00+00:00
1623182400,41.145,42.596,40.013,41.245,,2021-06-08 20:00:00+00:00
1623196800,41.245,41.783,39.291,40.577,,2021-06-09 00:00:00+00:00
1623211200,40.566,43.984,39.63,42.979,,2021-06-09 04:00:00+00:00
1623225600,42.992,43.9,42.049,43.551,,2021-06-09 08:00:00+00:00
1623240000,43.563,44.0,41.322,42.536,,2021-06-09 12:00:00+00:00
1623254400,42.522,43.173,40.967,41.748,,2021-06-09 16:00:00+00:00
1623268800,41.748,42.782,41.523,42.032,,2021-06-09 20:00:00+00:00
1623283200,42.032,42.075,40.6,40.724,,2021-06-10 00:00:00+00:00
1623297600,40.745,42.4,40.62,42.124,,2021-06-10 04:00:00+00:00
1623312000,42.127,43.097,41.068,41.979,,2021-06-10 08:00:00+00:00
1623326400,41.966,42.28,40.804,41.111,,2021-06-10 12:00:00+00:00
1623340800,41.121,41.55,39.459,40.946,,2021-06-10 16:00:00+00:00
1623355200,40.95,41.5,40.0,41.105,,2021-06-10 20:00:00+00:00
1623369600,41.091,41.376,39.28,40.171,,2021-06-11 00:00:00+00:00
1623384000,40.167,40.359,38.317,38.729,,2021-06-11 04:00:00+00:00
1623398400,38.733,39.85,38.662,39.314,,2021-06-11 08:00:00+00:00
1623412800,39.351,39.99,37.75,37.8,,2021-06-11 12:00:00+00:00
1623427200,37.806,38.27,36.808,37.143,,2021-06-11 16:00:00+00:00
1623441600,37.143,37.31,35.074,36.157,,2021-06-11 20:00:00+00:00
1623456000,36.131,36.187,34.1,35.431,,2021-06-12 00:00:00+00:00
1623470400,35.426,36.5,34.56,36.122,,2021-06-12 04:00:00+00:00
1623484800,36.087,36.698,35.0,36.624,,2021-06-12 08:00:00+00:00
1623499200,36.65,37.64,36.125,36.586,,2021-06-12 12:00:00+00:00
1623513600,36.587,37.315,36.376,36.441,,2021-06-12 16:00:00+00:00
1623528000,36.472,37.6,36.277,36.476,,2021-06-12 20:00:00+00:00
1623542400,36.492,37.355,35.526,35.753,,2021-06-13 00:00:00+00:00
1623556800,35.753,36.273,35.302,35.743,,2021-06-13 04:00:00+00:00
1623571200,35.74,36.382,35.505,35.856,,2021-06-13 08:00:00+00:00
1623585600,35.851,36.163,34.72,34.969,,2021-06-13 12:00:00+00:00
1623600000,34.964,39.0,34.905,38.1,,2021-06-13 16:00:00+00:00
1623614400,38.1,39.442,38.1,38.706,,2021-06-13 20:00:00+00:00
1623628800,38.713,39.244,37.645,37.871,,2021-06-14 00:00:00+00:00
1623643200,37.88,38.282,37.615,37.783,,2021-06-14 04:00:00+00:00
1623657600,37.792,37.862,36.981,37.323,,2021-06-14 08:00:00+00:00
1623672000,37.32,40.012,36.627,39.862,,2021-06-14 12:00:00+00:00
1623686400,39.88,40.561,38.462,39.002,,2021-06-14 16:00:00+00:00
1623700800,39.005,39.88,38.643,39.694,,2021-06-14 20:00:00+00:00
1623715200,39.7,40.991,39.323,40.545,,2021-06-15 00:00:00+00:00
1623729600,40.546,41.344,40.357,41.294,,2021-06-15 04:00:00+00:00
1623744000,41.309,41.741,40.034,40.538,,2021-06-15 08:00:00+00:00
1623758400,40.516,41.019,39.459,39.981,,2021-06-15 12:00:00+00:00
1623772800,39.997,41.53,39.886,40.043,,2021-06-15 16:00:00+00:00
1623787200,40.054,40.323,39.154,39.536,,2021-06-15 20:00:00+00:00
1623801600,39.513,39.526,38.691,39.041,,2021-06-16 00:00:00+00:00
1623816000,39.051,39.915,38.89,39.439,,2021-06-16 04:00:00+00:00
1623830400,39.442,39.788,37.7,38.082,,2021-06-16 08:00:00+00:00
1623844800,38.082,39.787,37.455,39.539,,2021-06-16 12:00:00+00:00
1623859200,39.535,41.75,38.57,39.499,,2021-06-16 16:00:00+00:00
1623873600,39.499,40.524,38.728,39.728,,2021-06-16 20:00:00+00:00
1623888000,39.73,40.564,39.444,40.291,,2021-06-17 00:00:00+00:00
1623902400,40.298,41.044,39.803,41.005,,2021-06-17 04:00:00+00:00
1623916800,41.006,41.264,40.414,40.646,,2021-06-17 08:00:00+00:00
1623931200,40.666,40.75,39.422,40.27,,2021-06-17 12:00:00+00:00
1623945600,40.27,40.385,38.211,39.291,,2021-06-17 16:00:00+00:00
1623960000,39.279,39.644,38.555,39.265,,2021-06-17 20:00:00+00:00
1623974400,39.259,39.342,38.2,39.172,,2021-06-18 00:00:00+00:00
1623988800,39.19,39.502,38.55,39.015,,2021-06-18 04:00:00+00:00
1624003200,39.018,39.13,37.828,38.215,,2021-06-18 08:00:00+00:00
1624017600,38.227,38.292,35.485,35.554,,2021-06-18 12:00:00+00:00
1624032000,35.544,36.84,34.898,35.414,,2021-06-18 16:00:00+00:00
1624046400,35.409,36.864,35.291,36.82,,2021-06-18 20:00:00+00:00
1624060800,36.802,37.318,35.01,35.68,,2021-06-19 00:00:00+00:00
1624075200,35.684,36.399,35.308,36.331,,2021-06-19 04:00:00+00:00
1624089600,36.327,36.463,35.768,36.343,,2021-06-19 08:00:00+00:00
1624104000,36.345,36.95,35.852,36.268,,2021-06-19 12:00:00+00:00
1624118400,36.27,36.386,34.901,35.566,,2021-06-19 16:00:00+00:00
1624132800,35.547,36.037,35.1,35.19,,2021-06-19 20:00:00+00:00
1624147200,35.195,35.427,34.329,34.972,,2021-06-20 00:00:00+00:00
1624161600,34.968,35.638,34.874,35.318,,2021-06-20 04:00:00+00:00
1624176000,35.328,35.434,32.237,32.493,,2021-06-20 08:00:00+00:00
1624190400,32.491,34.5,31.3,33.764,,2021-06-20 12:00:00+00:00
1624204800,33.759,35.48,33.481,35.019,,2021-06-20 16:00:00+00:00
1624219200,35.035,35.949,34.744,35.257,,2021-06-20 20:00:00+00:00
1624233600,35.248,35.499,32.571,32.77,,2021-06-21 00:00:00+00:00
1624248000,32.771,33.392,30.179,31.071,,2021-06-21 04:00:00+00:00
1624262400,31.062,31.872,28.353,30.498,,2021-06-21 08:00:00+00:00
1624276800,30.498,31.4,29.01,29.642,,2021-06-21 12:00:00+00:00
1624291200,29.684,30.022,27.506,28.58,,2021-06-21 16:00:00+00:00
1624305600,28.596,28.75,25.925,26.59,,2021-06-21 20:00:00+00:00
1624320000,26.597,28.813,25.0,27.938,,2021-06-22 00:00:00+00:00
1624334400,27.972,28.113,26.054,26.495,,2021-06-22 04:00:00+00:00
1624348800,26.495,26.526,22.01,22.044,,2021-06-22 08:00:00+00:00
1624363200,22.058,26.754,20.187,25.66,,2021-06-22 12:00:00+00:00
1624377600,25.666,28.286,25.483,26.446,,2021-06-22 16:00:00+00:00
1624392000,26.441,27.87,25.757,26.958,,2021-06-22 20:00:00+00:00
1624406400,26.957,31.315,25.626,29.974,,2021-06-23 00:00:00+00:00
1624420800,29.952,30.96,29.525,30.64,,2021-06-23 04:00:00+00:00
1624435200,30.625,31.848,30.025,30.987,,2021-06-23 08:00:00+00:00
1624449600,30.994,32.9,28.949,29.056,,2021-06-23 12:00:00+00:00
1624464000,29.056,30.799,28.358,28.45,,2021-06-23 16:00:00+00:00
1624478400,28.445,31.041,28.3,30.837,,2021-06-23 20:00:00+00:00
1624492800,30.835,31.279,28.501,28.982,,2021-06-24 00:00:00+00:00
1624507200,28.981,29.95,28.481,29.429,,2021-06-24 04:00:00+00:00
1624521600,29.441,30.811,29.316,30.731,,2021-06-24 08:00:00+00:00
1624536000,30.728,31.63,30.0,30.719,,2021-06-24 12:00:00+00:00
1624550400,30.725,33.0,30.269,32.108,,2021-06-24 16:00:00+00:00
1624564800,32.108,32.5,31.137,31.141,,2021-06-24 20:00:00+00:00
1624579200,31.144,32.8,31.1,32.679,,2021-06-25 00:00:00+00:00
1624593600,32.652,32.989,30.819,31.265,,2021-06-25 04:00:00+00:00
1624608000,31.261,31.826,29.393,29.574,,2021-06-25 08:00:00+00:00
1624622400,29.593,30.792,28.65,29.058,,2021-06-25 12:00:00+00:00
1624636800,29.07,29.78,27.949,29.416,,2021-06-25 16:00:00+00:00
1624651200,29.417,29.671,28.31,28.641,,2021-06-25 20:00:00+00:00
1624665600,28.619,30.181,28.32,29.203,,2021-06-26 00:00:00+00:00
1624680000,29.219,30.0,27.171,27.309,,2021-06-26 04:00:00+00:00
1624694400,27.288,29.011,26.659,28.806,,2021-06-26 08:00:00+00:00
1624708800,28.794,28.99,27.098,28.43,,2021-06-26 12:00:00+00:00
1624723200,28.408,28.619,27.433,28.275,,2021-06-26 16:00:00+00:00
1624737600,28.259,29.754,27.655,29.698,,2021-06-26 20:00:00+00:00
1624752000,29.691,30.929,29.186,30.65,,2021-06-27 00:00:00+00:00
1624766400,30.661,30.857,29.623,30.613,,2021-06-27 04:00:00+00:00
1624780800,30.609,30.85,29.773,30.445,,2021-06-27 08:00:00+00:00
1624795200,30.458,31.2,29.987,30.17,,2021-06-27 12:00:00+00:00
1624809600,30.17,30.5,29.601,29.917,,2021-06-27 16:00:00+00:00
1624824000,29.917,31.95,29.618,31.897,,2021-06-27 20:00:00+00:00
1624838400,31.883,32.0,30.961,31.44,,2021-06-28 00:00:00+00:00
1624852800,31.44,32.75,31.073,32.548,,2021-06-28 04:00:00+00:00
1624867200,32.544,32.96,31.453,31.584,,2021-06-28 08:00:00+00:00
1624881600,31.586,34.34,31.307,34.035,,2021-06-28 12:00:00+00:00
1624896000,34.049,34.081,32.831,33.53,,2021-06-28 16:00:00+00:00
1624910400,33.524,34.31,32.554,33.001,,2021-06-28 20:00:00+00:00
1624924800,33.018,33.813,32.665,33.133,,2021-06-29 00:00:00+00:00
1624939200,33.13,34.0,32.965,33.478,,2021-06-29 04:00:00+00:00
1624953600,33.478,34.5,33.274,34.313,,2021-06-29 08:00:00+00:00
1624968000,34.315,35.837,34.151,35.28,,2021-06-29 12:00:00+00:00
1624982400,35.282,35.69,34.572,34.795,,2021-06-29 16:00:00+00:00
1624996800,34.801,35.0,33.656,33.97,,2021-06-29 20:00:00+00:00
1625011200,33.974,34.247,32.103,32.24,,2021-06-30 00:00:00+00:00
1625025600,32.244,33.542,31.768,33.515,,2021-06-30 04:00:00+00:00
1625040000,33.514,33.799,32.058,33.005,,2021-06-30 08:00:00+00:00
1625054400,33.018,33.3,31.555,31.923,,2021-06-30 12:00:00+00:00
1625068800,31.914,34.488,31.621,34.322,,2021-06-30 16:00:00+00:00
1625083200,34.321,36.0,33.846,35.51,,2021-06-30 20:00:00+00:00
1625097600,35.51,35.567,33.624,33.794,,2021-07-01 00:00:00+00:00
1625112000,33.78,34.96,32.351,32.391,,2021-07-01 04:00:00+00:00
1625126400,32.387,34.35,32.17,34.262,,2021-07-01 08:00:00+00:00
1625140800,34.261,34.35,32.839,33.486,,2021-07-01 12:00:00+00:00
1625155200,33.478,34.232,33.034,33.694,,2021-07-01 16:00:00+00:00
1625169600,33.681,34.283,33.26,33.271,,2021-07-01 20:00:00+00:00
1625184000,33.27,34.017,31.983,32.197,,2021-07-02 00:00:00+00:00
1625198400,32.167,32.731,31.367,32.48,,2021-07-02 04:00:00+00:00
1625212800,32.492,32.749,31.494,31.893,,2021-07-02 08:00:00+00:00
1625227200,31.893,32.996,31.733,32.975,,2021-07-02 12:00:00+00:00
1625241600,32.994,33.312,32.611,33.255,,2021-07-02 16:00:00+00:00
1625256000,33.26,34.217,32.649,34.0,,2021-07-02 20:00:00+00:00
1625270400,34.001,34.308,33.217,33.517,,2021-07-03 00:00:00+00:00
1625284800,33.517,35.0,33.333,34.783,,2021-07-03 04:00:00+00:00
1625299200,34.771,35.406,34.548,35.1,,2021-07-03 08:00:00+00:00
1625313600,35.101,35.3,34.462,34.818,,2021-07-03 12:00:00+00:00
1625328000,34.82,35.198,34.636,34.828,,2021-07-03 16:00:00+00:00
1625342400,34.844,34.9,33.898,34.498,,2021-07-03 20:00:00+00:00
1625356800,34.497,34.546,33.533,33.817,,2021-07-04 00:00:00+00:00
1625371200,33.817,35.448,33.74,35.343,,2021-07-04 04:00:00+00:00
1625385600,35.343,35.531,34.896,35.172,,2021-07-04 08:00:00+00:00
1625400000,35.169,35.248,34.347,34.895,,2021-07-04 12:00:00+00:00
1625414400,34.895,35.284,34.852,35.019,,2021-07-04 16:00:00+00:00
1625428800,35.018,35.33,34.053,34.28,,2021-07-04 20:00:00+00:00
1625443200,34.278,34.384,33.446,33.63,,2021-07-05 00:00:00+00:00
1625457600,33.631,34.209,33.27,33.993,,2021-07-05 04:00:00+00:00
1625472000,33.999,34.49,32.941,33.166,,2021-07-05 08:00:00+00:00
1625486400,33.162,33.664,32.63,32.768,,2021-07-05 12:00:00+00:00
1625500800,32.772,33.438,32.37,33.235,,2021-07-05 16:00:00+00:00
1625515200,33.239,33.667,32.806,32.908,,2021-07-05 20:00:00+00:00
1625529600,32.908,33.474,32.883,33.345,,2021-07-06 00:00:00+00:00
1625544000,33.339,34.396,33.323,34.224,,2021-07-06 04:00:00+00:00
1625558400,34.228,35.041,33.309,33.722,,2021-07-06 08:00:00+00:00
1625572800,33.718,34.584,33.4,33.818,,2021-07-06 12:00:00+00:00
1625587200,33.823,33.879,33.203,33.687,,2021-07-06 16:00:00+00:00
1625601600,33.698,34.42,33.226,34.226,,2021-07-06 20:00:00+00:00
1625616000,34.221,34.857,33.82,34.799,,2021-07-07 00:00:00+00:00
1625630400,34.81,35.387,34.54,34.998,,2021-07-07 04:00:00+00:00
1625644800,34.999,37.2,34.577,36.949,,2021-07-07 08:00:00+00:00
1625659200,36.946,37.599,36.089,36.264,,2021-07-07 12:00:00+00:00
1625673600,36.264,38.1,36.215,37.551,,2021-07-07 16:00:00+00:00
1625688000,37.545,37.769,36.274,36.673,,2021-07-07 20:00:00+00:00
1625702400,36.667,36.934,35.555,36.61,,2021-07-08 00:00:00+00:00
1625716800,36.626,36.824,33.857,34.183,,2021-07-08 04:00:00+00:00
1625731200,34.167,35.118,33.75,34.976,,2021-07-08 08:00:00+00:00
1625745600,34.968,35.306,33.701,34.344,,2021-07-08 12:00:00+00:00
1625760000,34.341,34.424,33.5,33.976,,2021-07-08 16:00:00+00:00
1625774400,33.977,34.069,32.654,33.142,,2021-07-08 20:00:00+00:00
1625788800,33.134,33.784,31.976,33.412,,2021-07-09 00:00:00+00:00
1625803200,33.4,33.646,32.639,32.969,,2021-07-09 04:00:00+00:00
1625817600,32.96,33.17,32.33,32.466,,2021-07-09 08:00:00+00:00
1625832000,32.448,34.46,32.198,33.923,,2021-07-09 12:00:00+00:00
1625846400,33.936,34.141,32.756,32.947,,2021-07-09 16:00:00+00:00
1625860800,32.945,33.775,32.825,33.315,,2021-07-09 20:00:00+00:00
1625875200,33.315,34.215,33.052,33.284,,2021-07-10 00:00:00+00:00
1625889600,33.284,33.614,32.788,33.362,,2021-07-10 04:00:00+00:00
1625904000,33.368,33.69,32.459,32.777,,2021-07-10 08:00:00+00:00
1625918400,32.776,33.324,32.157,32.361,,2021-07-10 12:00:00+00:00
1625932800,32.353,32.833,31.477,31.822,,2021-07-10 16:00:00+00:00
1625947200,31.802,32.0,31.025,31.693,,2021-07-10 20:00:00+00:00
1625961600,31.716,32.193,31.548,31.686,,2021-07-11 00:00:00+00:00
1625976000,31.683,32.067,31.3,31.626,,2021-07-11 04:00:00+00:00
1625990400,31.627,32.348,31.479,32.211,,2021-07-11 08:00:00+00:00
1626004800,32.218,32.568,31.814,32.39,,2021-07-11 12:00:00+00:00
1626019200,32.391,32.424,31.926,32.001,,2021-07-11 16:00:00+00:00
1626033600,32.001,32.544,31.845,32.182,,2021-07-11 20:00:00+00:00
1626048000,32.173,32.696,31.952,32.535,,2021-07-12 00:00:00+00:00
1626062400,32.549,32.681,32.102,32.204,,2021-07-12 04:00:00+00:00
1626076800,32.213,32.329,31.254,31.348,,2021-07-12 08:00:00+00:00
1626091200,31.349,31.683,31.066,31.083,,2021-07-12 12:00:00+00:00
1626105600,31.083,31.196,30.011,30.361,,2021-07-12 16:00:00+00:00
1626120000,30.352,31.008,30.103,30.77,,2021-07-12 20:00:00+00:00
1626134400,30.77,31.096,30.481,30.8,,2021-07-13 00:00:00+00:00
1626148800,30.818,31.012,30.012,30.492,,2021-07-13 04:00:00+00:00
1626163200,30.498,30.795,30.039,30.125,,2021-07-13 08:00:00+00:00
1626177600,30.124,30.315,29.107,30.255,,2021-07-13 12:00:00+00:00
1626192000,30.256,30.331,28.961,29.027,,2021-07-13 16:00:00+00:00
1626206400,29.029,29.529,28.81,29.136,,2021-07-13 20:00:00+00:00
1626220800,29.154,29.281,27.706,28.159,,2021-07-14 00:00:00+00:00
1626235200,28.149,28.362,27.363,28.1,,2021-07-14 04:00:00+00:00
1626249600,28.1,29.43,27.536,28.999,,2021-07-14 08:00:00+00:00
1626264000,29.0,31.2,28.761,30.582,,2021-07-14 12:00:00+00:00
1626278400,30.582,31.5,30.35,30.5,,2021-07-14 16:00:00+00:00
1626292800,30.497,31.393,30.484,31.365,,2021-07-14 20:00:00+00:00
1626307200,31.365,31.485,30.557,30.582,,2021-07-15 00:00:00+00:00
1626321600,30.594,30.867,29.554,30.374,,2021-07-15 04:00:00+00:00
1626336000,30.372,30.84,29.11,29.142,,2021-07-15 08:00:00+00:00
1626350400,29.14,29.573,28.751,28.765,,2021-07-15 12:00:00+00:00
1626364800,28.769,28.901,27.975,28.663,,2021-07-15 16:00:00+00:00
1626379200,28.661,29.043,28.065,28.545,,2021-07-15 20:00:00+00:00
1626393600,28.562,29.478,28.144,29.164,,2021-07-16 00:00:00+00:00
1626408000,29.165,29.478,28.135,28.334,,2021-07-16 04:00:00+00:00
1626422400,28.334,28.339,27.0,27.147,,2021-07-16 08:00:00+00:00
1626436800,27.134,28.38,27.101,28.325,,2021-07-16 12:00:00+00:00
1626451200,28.319,28.35,27.032,27.146,,2021-07-16 16:00:00+00:00
1626465600,27.131,27.301,26.196,26.271,,2021-07-16 20:00:00+00:00
1626480000,26.269,26.86,26.0,26.232,,2021-07-17 00:00:00+00:00
1626494400,26.226,26.863,26.112,26.625,,2021-07-17 04:00:00+00:00
1626508800,26.626,27.164,25.979,26.451,,2021-07-17 08:00:00+00:00
1626523200,26.451,26.7,26.217,26.527,,2021-07-17 12:00:00+00:00
1626537600,26.533,27.258,26.369,27.132,,2021-07-17 16:00:00+00:00
1626552000,27.144,27.836,26.587,26.802,,2021-07-17 20:00:00+00:00
1626566400,26.789,27.756,26.672,27.497,,2021-07-18 00:00:00+00:00
1626580800,27.499,27.531,26.738,26.893,,2021-07-18 04:00:00+00:00
1626595200,26.9,27.443,26.847,27.39,,2021-07-18 08:00:00+00:00
1626609600,27.384,27.478,26.233,26.586,,2021-07-18 12:00:00+00:00
1626624000,26.584,26.923,26.482,26.786,,2021-07-18 16:00:00+00:00
1626638400,26.766,27.221,26.361,26.673,,2021-07-18 20:00:00+00:00
1626652800,26.679,26.71,25.598,25.956,,2021-07-19 00:00:00+00:00
1626667200,25.961,26.2,25.668,25.718,,2021-07-19 04:00:00+00:00
1626681600,25.718,25.874,24.79,24.802,,2021-07-19 08:00:00+00:00
1626696000,24.798,25.0,23.975,24.189,,2021-07-19 12:00:00+00:00
1626710400,24.185,24.554,24.021,24.382,,2021-07-19 16:00:00+00:00
1626724800,24.397,24.86,24.253,24.509,,2021-07-19 20:00:00+00:00
1626739200,24.524,24.982,22.723,22.86,,2021-07-20 00:00:00+00:00
1626753600,22.864,23.2,22.718,23.095,,2021-07-20 04:00:00+00:00
1626768000,23.102,23.25,22.1,22.887,,2021-07-20 08:00:00+00:00
1626782400,22.887,23.941,22.61,23.803,,2021-07-20 12:00:00+00:00
1626796800,23.804,24.055,23.333,23.805,,2021-07-20 16:00:00+00:00
1626811200,23.811,24.117,23.207,23.474,,2021-07-20 20:00:00+00:00
1626825600,23.484,24.089,22.8,24.064,,2021-07-21 00:00:00+00:00
1626840000,24.064,26.0,24.041,25.711,,2021-07-21 04:00:00+00:00
1626854400,25.7,26.516,25.335,26.207,,2021-07-21 08:00:00+00:00
1626868800,26.212,27.1,25.754,26.954,,2021-07-21 12:00:00+00:00
1626883200,26.957,27.461,25.232,25.532,,2021-07-21 16:00:00+00:00
1626897600,25.541,26.729,25.27,26.7,,2021-07-21 20:00:00+00:00
1626912000,26.706,27.149,25.91,26.3,,2021-07-22 00:00:00+00:00
1626926400,26.306,27.294,26.2,27.023,,2021-07-22 04:00:00+00:00
1626940800,27.036,27.598,26.521,26.729,,2021-07-22 08:00:00+00:00
1626955200,26.735,27.798,26.321,27.795,,2021-07-22 12:00:00+00:00
1626969600,27.796,28.17,27.664,27.888,,2021-07-22 16:00:00+00:00
1626984000,27.889,27.996,27.282,27.699,,2021-07-22 20:00:00+00:00
1626998400,27.7,28.713,27.278,28.281,,2021-07-23 00:00:00+00:00
1627012800,28.281,28.609,27.421,27.92,,2021-07-23 04:00:00+00:00
1627027200,27.926,27.933,27.086,27.537,,2021-07-23 08:00:00+00:00
1627041600,27.519,27.87,26.7,26.877,,2021-07-23 12:00:00+00:00
1627056000,26.88,26.892,26.385,26.606,,2021-07-23 16:00:00+00:00
1627070400,26.609,28.54,26.546,28.516,,2021-07-23 20:00:00+00:00
1627084800,28.53,29.0,28.25,28.7,,2021-07-24 00:00:00+00:00
1627099200,28.713,29.517,28.531,28.75,,2021-07-24 04:00:00+00:00
1627113600,28.754,29.143,28.223,28.66,,2021-07-24 08:00:00+00:00
1627128000,28.664,28.958,28.314,28.402,,2021-07-24 12:00:00+00:00
1627142400,28.392,29.548,28.258,28.426,,2021-07-24 16:00:00+00:00
1627156800,28.412,28.733,28.013,28.616,,2021-07-24 20:00:00+00:00
1627171200,28.626,28.898,27.704,27.902,,2021-07-25 00:00:00+00:00
1627185600,27.906,28.786,27.66,28.606,,2021-07-25 04:00:00+00:00
1627200000,28.614,28.792,27.911,27.99,,2021-07-25 08:00:00+00:00
1627214400,28.0,28.0,26.5,27.356,,2021-07-25 12:00:00+00:00
1627228800,27.351,27.743,26.98,27.535,,2021-07-25 16:00:00+00:00
1627243200,27.533,28.249,27.359,28.248,,2021-07-25 20:00:00+00:00
1627257600,28.247,31.115,28.0,30.108,,2021-07-26 00:00:00+00:00
1627272000,30.108,30.9,29.347,29.715,,2021-07-26 04:00:00+00:00
1627286400,29.72,30.2,29.244,30.039,,2021-07-26 08:00:00+00:00
1627300800,30.053,30.491,29.536,30.087,,2021-07-26 12:00:00+00:00
1627315200,30.07,30.9,29.578,29.692,,2021-07-26 16:00:00+00:00
1627329600,29.664,29.786,27.83,28.184,,2021-07-26 20:00:00+00:00
1627344000,28.183,28.58,27.121,27.595,,2021-07-27 00:00:00+00:00
1627358400,27.616,27.976,27.438,27.881,,2021-07-27 04:00:00+00:00
1627372800,27.87,28.782,27.716,28.657,,2021-07-27 08:00:00+00:00
1627387200,28.667,28.95,27.425,27.7,,2021-07-27 12:00:00+00:00
1627401600,27.704,27.851,26.893,27.237,,2021-07-27 16:00:00+00:00
1627416000,27.232,28.19,27.228,28.103,,2021-07-27 20:00:00+00:00
1627430400,28.119,28.59,27.538,27.97,,2021-07-28 00:00:00+00:00
1627444800,27.963,28.228,27.354,28.06,,2021-07-28 04:00:00+00:00
1627459200,28.06,28.74,27.724,28.61,,2021-07-28 08:00:00+00:00
1627473600,28.612,28.76,27.83,28.28,,2021-07-28 12:00:00+00:00
1627488000,28.277,28.518,27.419,27.995,,2021-07-28 16:00:00+00:00
1627502400,27.988,28.078,27.5,27.875,,2021-07-28 20:00:00+00:00
1627516800,27.891,27.892,27.319,27.612,,2021-07-29 00:00:00+00:00
1627531200,27.609,28.48,27.559,28.154,,2021-07-29 04:00:00+00:00
1627545600,28.154,28.69,27.996,28.132,,2021-07-29 08:00:00+00:00
1627560000,28.141,30.002,27.904,29.587,,2021-07-29 12:00:00+00:00
1627574400,29.587,31.666,29.585,31.365,,2021-07-29 16:00:00+00:00
1627588800,31.364,31.888,30.853,31.235,,2021-07-29 20:00:00+00:00
1627603200,31.238,33.084,30.721,32.751,,2021-07-30 00:00:00+00:00
1627617600,32.753,32.914,31.73,32.056,,2021-07-30 04:00:00+00:00
1627632000,32.059,32.1,29.91,30.921,,2021-07-30 08:00:00+00:00
1627646400,30.92,31.179,30.18,31.018,,2021-07-30 12:00:00+00:00
1627660800,31.03,31.85,30.432,31.789,,2021-07-30 16:00:00+00:00
1627675200,31.801,32.573,31.636,32.354,,2021-07-30 20:00:00+00:00
1627689600,32.354,33.78,31.954,32.607,,2021-07-31 00:00:00+00:00
1627704000,32.623,32.676,31.653,32.185,,2021-07-31 04:00:00+00:00
1627718400,32.185,34.8,32.163,34.617,,2021-07-31 08:00:00+00:00
1627732800,34.636,34.981,33.695,34.246,,2021-07-31 12:00:00+00:00
1627747200,34.241,34.798,33.595,34.38,,2021-07-31 16:00:00+00:00
1627761600,34.377,37.004,34.279,36.744,,2021-07-31 20:00:00+00:00
1627776000,36.742,36.822,35.101,36.09,,2021-08-01 00:00:00+00:00
1627790400,36.09,36.181,35.111,35.305,,2021-08-01 04:00:00+00:00
1627804800,35.305,35.999,34.651,35.121,,2021-08-01 08:00:00+00:00
1627819200,35.12,35.987,35.004,35.467,,2021-08-01 12:00:00+00:00
1627833600,35.48,35.711,34.281,35.532,,2021-08-01 16:00:00+00:00
1627848000,35.545,36.253,33.165,34.165,,2021-08-01 20:00:00+00:00
1627862400,34.178,35.074,33.322,34.812,,2021-08-02 00:00:00+00:00
1627876800,34.813,35.95,34.262,35.419,,2021-08-02 04:00:00+00:00
1627891200,35.414,35.621,34.5,34.582,,2021-08-02 08:00:00+00:00
1627905600,34.573,34.719,33.546,33.82,,2021-08-02 12:00:00+00:00
1627920000,33.82,34.059,33.5,33.674,,2021-08-02 16:00:00+00:00
1627934400,33.679,33.752,33.0,33.167,,2021-08-02 20:00:00+00:00
1627948800,33.177,33.665,32.72,33.219,,2021-08-03 00:00:00+00:00
1627963200,33.206,33.55,32.327,33.53,,2021-08-03 04:00:00+00:00
1627977600,33.519,34.621,33.023,34.37,,2021-08-03 08:00:00+00:00
1627992000,34.371,35.9,33.687,34.92,,2021-08-03 12:00:00+00:00
1628006400,34.92,35.513,34.39,34.657,,2021-08-03 16:00:00+00:00
1628020800,34.656,34.755,33.799,34.105,,2021-08-03 20:00:00+00:00
1628035200,34.094,34.431,33.49,33.738,,2021-08-04 00:00:00+00:00
1628049600,33.737,34.4,33.493,33.714,,2021-08-04 04:00:00+00:00
1628064000,33.701,34.423,33.236,34.353,,2021-08-04 08:00:00+00:00
1628078400,34.348,35.639,34.325,35.363,,2021-08-04 12:00:00+00:00
1628092800,35.374,36.5,35.353,36.233,,2021-08-04 16:00:00+00:00
1628107200,36.254,36.658,35.721,35.76,,2021-08-04 20:00:00+00:00
1628121600,35.757,37.453,35.5,37.232,,2021-08-05 00:00:00+00:00
1628136000,37.237,37.448,36.313,36.629,,2021-08-05 04:00:00+00:00
1628150400,36.607,37.2,35.919,36.833,,2021-08-05 08:00:00+00:00
1628164800,36.832,38.267,35.976,36.702,,2021-08-05 12:00:00+00:00
1628179200,36.707,37.382,36.05,36.926,,2021-08-05 16:00:00+00:00
1628193600,36.927,37.785,36.833,37.353,,2021-08-05 20:00:00+00:00
1628208000,37.354,37.503,35.8,35.916,,2021-08-06 00:00:00+00:00
1628222400,35.925,37.057,35.611,37.0,,2021-08-06 04:00:00+00:00
1628236800,37.0,37.269,36.77,36.953,,2021-08-06 08:00:00+00:00
1628251200,36.94,39.698,36.71,39.687,,2021-08-06 12:00:00+00:00
1628265600,39.687,40.4,39.335,39.892,,2021-08-06 16:00:00+00:00
1628280000,39.87,39.98,38.965,39.525,,2021-08-06 20:00:00+00:00
1628294400,39.502,40.15,38.751,40.065,,2021-08-07 00:00:00+00:00
1628308800,40.071,40.103,38.835,39.461,,2021-08-07 04:00:00+00:00
1628323200,39.454,40.5,39.218,40.026,,2021-08-07 08:00:00+00:00
1628337600,40.024,40.324,38.338,38.495,,2021-08-07 12:00:00+00:00
1628352000,38.489,38.95,37.502,38.603,,2021-08-07 16:00:00+00:00
1628366400,38.59,39.579,38.5,39.469,,2021-08-07 20:00:00+00:00
1628380800,39.454,39.549,37.933,38.711,,2021-08-08 00:00:00+00:00
1628395200,38.722,39.4,38.22,38.778,,2021-08-08 04:00:00+00:00
1628409600,38.76,39.359,38.207,38.221,,2021-08-08 08:00:00+00:00
1628424000,38.207,38.838,37.301,37.74,,2021-08-08 12:00:00+00:00
1628438400,37.729,37.898,36.896,37.391,,2021-08-08 16:00:00+00:00
1628452800,37.417,38.44,37.095,37.65,,2021-08-08 20:00:00+00:00
1628467200,37.653,37.898,36.351,37.288,,2021-08-09 00:00:00+00:00
1628481600,37.299,37.804,36.945,37.774,,2021-08-09 04:00:00+00:00
1628496000,37.774,39.342,37.711,39.272,,2021-08-09 08:00:00+00:00
1628510400,39.281,39.93,38.7,39.857,,2021-08-09 12:00:00+00:00
1628524800,39.861,39.999,39.1,39.246,,2021-08-09 16:00:00+00:00
1628539200,39.255,39.471,37.981,38.646,,2021-08-09 20:00:00+00:00
1628553600,38.646,40.683,38.183,39.802,,2021-08-10 00:00:00+00:00
1628568000,39.819,40.312,39.205,39.976,,2021-08-10 04:00:00+00:00
1628582400,39.98,40.869,39.58,40.795,,2021-08-10 08:00:00+00:00
1628596800,40.782,41.678,39.814,40.128,,2021-08-10 12:00:00+00:00
1628611200,40.124,40.689,39.041,40.627,,2021-08-10 16:00:00+00:00
1628625600,40.634,41.378,40.191,40.64,,2021-08-10 20:00:00+00:00
1628640000,40.639,41.947,40.605,41.758,,2021-08-11 00:00:00+00:00
1628654400,41.772,43.0,41.404,42.518,,2021-08-11 04:00:00+00:00
1628668800,42.524,42.94,41.907,42.534,,2021-08-11 08:00:00+00:00
1628683200,42.53,43.417,42.197,42.589,,2021-08-11 12:00:00+00:00
1628697600,42.589,43.437,42.33,43.402,,2021-08-11 16:00:00+00:00
1628712000,43.387,43.729,41.399,41.621,,2021-08-11 20:00:00+00:00
1628726400,41.619,43.401,41.469,42.985,,2021-08-12 00:00:00+00:00
1628740800,42.987,43.049,40.215,41.434,,2021-08-12 04:00:00+00:00
1628755200,41.434,41.9,40.708,40.762,,2021-08-12 08:00:00+00:00
1628769600,40.765,41.228,39.316,39.828,,2021-08-12 12:00:00+00:00
1628784000,39.831,41.149,39.36,41.024,,2021-08-12 16:00:00+00:00
1628798400,41.012,41.37,39.582,41.102,,2021-08-12 20:00:00+00:00
1628812800,41.105,42.332,40.668,42.253,,2021-08-13 00:00:00+00:00
1628827200,42.253,43.858,42.253,43.395,,2021-08-13 04:00:00+00:00
1628841600,43.405,44.647,43.397,43.596,,2021-08-13 08:00:00+00:00
1628856000,43.581,44.396,42.818,43.615,,2021-08-13 12:00:00+00:00
1628870400,43.624,43.997,43.147,43.538,,2021-08-13 16:00:00+00:00
1628884800,43.538,44.911,43.379,44.83,,2021-08-13 20:00:00+00:00
1628899200,44.859,44.869,43.665,44.096,,2021-08-14 00:00:00+00:00
1628913600,44.082,44.648,43.672,44.478,,2021-08-14 04:00:00+00:00
1628928000,44.486,44.874,42.727,43.739,,2021-08-14 08:00:00+00:00
1628942400,43.742,44.123,43.0,44.065,,2021-08-14 12:00:00+00:00
1628956800,44.05,44.184,43.525,43.869,,2021-08-14 16:00:00+00:00
1628971200,43.882,44.249,43.027,44.14,,2021-08-14 20:00:00+00:00
1628985600,44.124,45.767,43.873,44.573,,2021-08-15 00:00:00+00:00
1629000000,44.585,45.577,43.361,43.649,,2021-08-15 04:00:00+00:00
1629014400,43.626,47.177,43.368,46.767,,2021-08-15 08:00:00+00:00
1629028800,46.768,48.851,46.003,48.704,,2021-08-15 12:00:00+00:00
1629043200,48.701,54.8,47.844,52.945,,2021-08-15 16:00:00+00:00
1629057600,52.947,54.207,51.97,53.531,,2021-08-15 20:00:00+00:00
1629072000,53.515,59.372,52.269,58.605,,2021-08-16 00:00:00+00:00
1629086400,58.609,64.8,57.616,61.915,,2021-08-16 04:00:00+00:00
1629100800,61.934,62.614,60.381,61.793,,2021-08-16 08:00:00+00:00
1629115200,61.79,68.867,60.86,67.077,,2021-08-16 12:00:00+00:00
1629129600,67.052,69.132,62.807,62.911,,2021-08-16 16:00:00+00:00
1629144000,62.91,66.603,61.55,62.016,,2021-08-16 20:00:00+00:00
1629158400,62.042,74.6,61.211,71.836,,2021-08-17 00:00:00+00:00
1629172800,71.854,75.155,69.407,74.053,,2021-08-17 04:00:00+00:00
1629187200,74.022,74.378,69.392,70.145,,2021-08-17 08:00:00+00:00
1629201600,70.144,71.482,66.755,69.85,,2021-08-17 12:00:00+00:00
1629216000,69.861,69.904,64.036,65.137,,2021-08-17 16:00:00+00:00
1629230400,65.186,67.829,58.822,64.123,,2021-08-17 20:00:00+00:00
1629244800,64.135,67.3,59.722,65.792,,2021-08-18 00:00:00+00:00
1629259200,65.793,70.377,63.925,67.445,,2021-08-18 04:00:00+00:00
1629273600,67.438,78.447,67.387,74.959,,2021-08-18 08:00:00+00:00
1629288000,74.958,80.5,73.451,77.335,,2021-08-18 12:00:00+00:00
1629302400,77.344,78.732,72.379,73.328,,2021-08-18 16:00:00+00:00
1629316800,73.338,76.267,69.92,72.663,,2021-08-18 20:00:00+00:00
1629331200,72.659,75.436,68.981,69.666,,2021-08-19 00:00:00+00:00
1629345600,69.632,73.558,69.25,71.258,,2021-08-19 04:00:00+00:00
1629360000,71.273,73.074,69.5,69.612,,2021-08-19 08:00:00+00:00
1629374400,69.6,74.48,68.24,73.522,,2021-08-19 12:00:00+00:00
1629388800,73.522,74.086,70.6,72.33,,2021-08-19 16:00:00+00:00
1629403200,72.333,74.846,71.0,72.764,,2021-08-19 20:00:00+00:00
1629417600,72.8,74.158,71.813,72.388,,2021-08-20 00:00:00+00:00
1629432000,72.38,72.6,71.007,71.212,,2021-08-20 04:00:00+00:00
1629446400,71.222,72.419,70.873,71.494,,2021-08-20 08:00:00+00:00
1629460800,71.518,74.22,71.371,73.35,,2021-08-20 12:00:00+00:00
1629475200,73.331,78.33,72.931,78.224,,2021-08-20 16:00:00+00:00
1629489600,78.222,80.0,77.218,78.643,,2021-08-20 20:00:00+00:00
1629504000,78.684,82.0,76.332,79.657,,2021-08-21 00:00:00+00:00
1629518400,79.663,80.306,78.233,78.855,,2021-08-21 04:00:00+00:00
1629532800,78.852,79.15,74.341,75.898,,2021-08-21 08:00:00+00:00
1629547200,75.9,77.117,74.808,75.406,,2021-08-21 12:00:00+00:00
1629561600,75.391,76.486,72.6,73.248,,2021-08-21 16:00:00+00:00
1629576000,73.239,75.789,72.926,73.801,,2021-08-21 20:00:00+00:00
1629590400,73.852,75.567,73.39,74.307,,2021-08-22 00:00:00+00:00
1629604800,74.292,75.78,74.242,75.512,,2021-08-22 04:00:00+00:00
1629619200,75.52,77.6,75.0,77.077,,2021-08-22 08:00:00+00:00
1629633600,77.077,77.324,73.35,74.612,,2021-08-22 12:00:00+00:00
1629648000,74.599,75.071,71.5,73.079,,2021-08-22 16:00:00+00:00
1629662400,73.078,73.95,71.244,72.775,,2021-08-22 20:00:00+00:00
1629676800,72.751,75.942,72.0,75.391,,2021-08-23 00:00:00+00:00
1629691200,75.444,75.672,73.1,73.357,,2021-08-23 04:00:00+00:00
1629705600,73.358,74.057,71.753,72.75,,2021-08-23 08:00:00+00:00
1629720000,72.745,73.519,71.545,72.04,,2021-08-23 12:00:00+00:00
1629734400,72.046,73.794,71.905,72.826,,2021-08-23 16:00:00+00:00
1629748800,72.811,76.81,71.835,75.623,,2021-08-23 20:00:00+00:00
1629763200,75.647,78.899,73.389,78.244,,2021-08-24 00:00:00+00:00
1629777600,78.242,79.45,76.638,77.277,,2021-08-24 04:00:00+00:00
1629792000,77.263,78.974,76.013,77.768,,2021-08-24 08:00:00+00:00
1629806400,77.766,77.893,71.584,71.999,,2021-08-24 12:00:00+00:00
1629820800,71.985,72.634,68.5,71.672,,2021-08-24 16:00:00+00:00
1629835200,71.607,72.731,69.624,70.527,,2021-08-24 20:00:00+00:00
1629849600,70.519,72.386,70.2,70.663,,2021-08-25 00:00:00+00:00
1629864000,70.653,72.83,70.517,71.141,,2021-08-25 04:00:00+00:00
1629878400,71.143,71.24,66.03,67.694,,2021-08-25 08:00:00+00:00
1629892800,67.687,71.572,66.378,71.305,,2021-08-25 12:00:00+00:00
1629907200,71.277,71.501,69.591,70.237,,2021-08-25 16:00:00+00:00
1629921600,70.223,72.045,70.169,71.973,,2021-08-25 20:00:00+00:00
1629936000,71.982,74.043,70.056,70.743,,2021-08-26 00:00:00+00:00
1629950400,70.673,71.513,66.2,67.65,,2021-08-26 04:00:00+00:00
1629964800,67.66,68.49,66.57,67.2,,2021-08-26 08:00:00+00:00
1629979200,67.21,78.3,66.4,74.71,,2021-08-26 12:00:00+00:00
1629993600,74.71,77.61,73.39,74.75,,2021-08-26 16:00:00+00:00
1630008000,74.78,77.25,74.2,74.92,,2021-08-26 20:00:00+00:00
1630022400,74.92,83.93,72.55,81.4,,2021-08-27 00:00:00+00:00
1630036800,81.4,83.27,78.98,81.92,,2021-08-27 04:00:00+00:00
1630051200,81.92,84.17,81.6,82.33,,2021-08-27 08:00:00+00:00
1630065600,82.32,83.15,80.38,82.49,,2021-08-27 12:00:00+00:00
1630080000,82.5,86.66,81.77,85.64,,2021-08-27 16:00:00+00:00
1630094400,85.64,88.92,84.5,87.98,,2021-08-27 20:00:00+00:00
1630108800,87.98,88.85,86.08,86.3,,2021-08-28 00:00:00+00:00
1630123200,86.32,87.3,85.59,86.92,,2021-08-28 04:00:00+00:00
1630137600,86.93,92.94,86.85,92.43,,2021-08-28 08:00:00+00:00
1630152000,92.45,95.039,91.33,94.66,,2021-08-28 12:00:00+00:00
1630166400,94.65,96.43,93.17,93.93,,2021-08-28 16:00:00+00:00
1630180800,93.91,97.82,93.65,96.22,,2021-08-28 20:00:00+00:00
1630195200,96.17,97.82,91.86,93.95,,2021-08-29 00:00:00+00:00
1630209600,93.95,96.11,92.88,94.08,,2021-08-29 04:00:00+00:00
1630224000,94.08,94.57,91.21,91.75,,2021-08-29 08:00:00+00:00
1630238400,91.75,94.4,90.3,92.16,,2021-08-29 12:00:00+00:00
1630252800,92.17,94.39,91.01,93.92,,2021-08-29 16:00:00+00:00
1630267200,93.91,95.0,92.68,94.23,,2021-08-29 20:00:00+00:00
1630281600,94.23,101.96,93.58,97.63,,2021-08-30 00:00:00+00:00
1630296000,97.63,100.55,95.81,100.16,,2021-08-30 04:00:00+00:00
1630310400,100.15,102.1,98.61,101.04,,2021-08-30 08:00:00+00:00
1630324800,101.04,106.91,98.0,105.62,,2021-08-30 12:00:00+00:00
1630339200,105.59,116.84,104.35,109.66,,2021-08-30 16:00:00+00:00
1630353600,109.63,114.99,107.22,110.25,,2021-08-30 20:00:00+00:00
1630368000,110.26,115.3,108.65,115.19,,2021-08-31 00:00:00+00:00
1630382400,115.19,120.5,114.44,119.68,,2021-08-31 04:00:00+00:00
1630396800,119.68,125.0,117.09,124.77,,2021-08-31 08:00:00+00:00
1630411200,124.78,130.11,114.34,116.52,,2021-08-31 12:00:00+00:00
1630425600,116.52,117.23,106.26,114.69,,2021-08-31 16:00:00+00:00
1630440000,114.69,114.74,103.06,108.27,,2021-08-31 20:00:00+00:00
1630454400,108.27,112.43,105.89,111.24,,2021-09-01 00:00:00+00:00
1630468800,111.24,114.99,107.37,110.12,,2021-09-01 04:00:00+00:00
1630483200,110.13,117.03,109.07,116.07,,2021-09-01 08:00:00+00:00
1630497600,116.09,119.72,113.09,117.22,,2021-09-01 12:00:00+00:00
1630512000,117.27,118.88,114.0,114.98,,2021-09-01 16:00:00+00:00
1630526400,114.98,115.15,110.05,110.71,,2021-09-01 20:00:00+00:00
1630540800,110.71,114.68,109.18,113.7,,2021-09-02 00:00:00+00:00
1630555200,113.7,117.31,112.85,114.48,,2021-09-02 04:00:00+00:00
1630569600,114.47,118.0,114.08,114.92,,2021-09-02 08:00:00+00:00
1630584000,114.91,123.5,114.33,121.88,,2021-09-02 12:00:00+00:00
1630598400,121.87,129.0,119.54,127.18,,2021-09-02 16:00:00+00:00
1630612800,127.18,131.96,125.38,128.23,,2021-09-02 20:00:00+00:00
1630627200,128.2,137.0,128.12,135.35,,2021-09-03 00:00:00+00:00
1630641600,135.35,146.38,133.37,144.69,,2021-09-03 04:00:00+00:00
1630656000,144.67,145.19,135.54,139.39,,2021-09-03 08:00:00+00:00
1630670400,139.37,143.46,137.78,140.02,,2021-09-03 12:00:00+00:00
1630684800,140.02,143.42,138.13,142.9,,2021-09-03 16:00:00+00:00
1630699200,142.89,148.99,141.57,146.4,,2021-09-03 20:00:00+00:00
1630713600,146.36,150.6,144.85,148.34,,2021-09-04 00:00:00+00:00
1630728000,148.35,149.8,144.56,145.8,,2021-09-04 04:00:00+00:00
1630742400,145.83,147.65,140.43,141.68,,2021-09-04 08:00:00+00:00
1630756800,141.67,144.45,139.36,142.36,,2021-09-04 12:00:00+00:00
1630771200,142.34,142.88,135.73,138.89,,2021-09-04 16:00:00+00:00
1630785600,138.9,142.25,138.27,138.88,,2021-09-04 20:00:00+00:00
1630800000,138.88,144.99,137.82,140.63,,2021-09-05 00:00:00+00:00
1630814400,140.62,142.0,138.5,138.93,,2021-09-05 04:00:00+00:00
1630828800,138.97,141.88,138.92,140.36,,2021-09-05 08:00:00+00:00
1630843200,140.36,140.47,134.74,136.29,,2021-09-05 12:00:00+00:00
1630857600,136.29,138.88,135.18,137.87,,2021-09-05 16:00:00+00:00
1630872000,137.87,144.7,136.91,142.0,,2021-09-05 20:00:00+00:00
1630886400,141.98,143.5,139.34,140.74,,2021-09-06 00:00:00+00:00
1630900800,140.81,147.0,139.91,146.03,,2021-09-06 04:00:00+00:00
1630915200,146.02,146.62,141.42,142.41,,2021-09-06 08:00:00+00:00
1630929600,142.42,151.7,136.92,151.43,,2021-09-06 12:00:00+00:00
1630944000,151.43,164.58,151.39,162.37,,2021-09-06 16:00:00+00:00
1630958400,162.37,166.13,159.73,164.22,,2021-09-06 20:00:00+00:00
1630972800,164.19,175.42,162.0,173.45,,2021-09-07 00:00:00+00:00
1630987200,173.46,195.48,172.88,187.85,,2021-09-07 04:00:00+00:00
1631001600,187.79,189.8,175.62,182.91,,2021-09-07 08:00:00+00:00
1631016000,182.84,185.98,128.01,168.81,,2021-09-07 12:00:00+00:00
1631030400,169.06,192.0,161.13,173.7,,2021-09-07 16:00:00+00:00
1631044800,173.76,180.0,159.75,173.46,,2021-09-07 20:00:00+00:00
1631059200,173.49,180.0,166.78,173.03,,2021-09-08 00:00:00+00:00
1631073600,173.03,174.85,152.22,152.45,,2021-09-08 04:00:00+00:00
1631088000,152.48,166.44,146.5,160.77,,2021-09-08 08:00:00+00:00
1631102400,160.76,167.88,152.28,166.27,,2021-09-08 12:00:00+00:00
1631116800,166.27,195.0,164.01,194.79,,2021-09-08 16:00:00+00:00
1631131200,194.66,198.0,183.22,191.02,,2021-09-08 20:00:00+00:00
1631145600,191.02,216.0,189.0,211.25,,2021-09-09 00:00:00+00:00
1631160000,211.2,214.72,201.54,207.54,,2021-09-09 04:00:00+00:00
1631174400,207.54,213.9,205.26,206.57,,2021-09-09 08:00:00+00:00
1631188800,206.57,208.44,193.17,201.25,,2021-09-09 12:00:00+00:00
1631203200,201.25,203.02,180.7,185.01,,2021-09-09 16:00:00+00:00
1631217600,185.01,198.87,183.67,187.9,,2021-09-09 20:00:00+00:00
1631232000,187.89,197.41,182.88,194.18,,2021-09-10 00:00:00+00:00
1631246400,194.18,195.0,181.47,182.63,,2021-09-10 04:00:00+00:00
1631260800,182.64,185.8,175.0,184.44,,2021-09-10 08:00:00+00:00
1631275200,184.45,184.52,167.82,179.57,,2021-09-10 12:00:00+00:00
1631289600,179.61,183.36,171.24,181.82,,2021-09-10 16:00:00+00:00
1631304000,181.78,184.0,170.41,179.6,,2021-09-10 20:00:00+00:00
1631318400,179.6,193.51,177.39,181.48,,2021-09-11 00:00:00+00:00
1631332800,181.47,183.88,175.14,178.69,,2021-09-11 04:00:00+00:00
1631347200,178.71,187.36,175.89,181.26,,2021-09-11 08:00:00+00:00
1631361600,181.29,191.53,180.23,188.48,,2021-09-11 12:00:00+00:00
1631376000,188.42,190.0,181.21,181.99,,2021-09-11 16:00:00+00:00
1631390400,181.99,184.32,175.74,179.04,,2021-09-11 20:00:00+00:00
1631404800,179.05,180.79,172.89,179.04,,2021-09-12 00:00:00+00:00
1631419200,179.03,180.15,174.75,178.0,,2021-09-12 04:00:00+00:00
1631433600,178.0,181.75,177.38,179.07,,2021-09-12 08:00:00+00:00
1631448000,179.07,180.33,176.31,178.92,,2021-09-12 12:00:00+00:00
1631462400,178.92,179.85,174.02,177.67,,2021-09-12 16:00:00+00:00
1631476800,177.69,180.0,170.15,174.29,,2021-09-12 20:00:00+00:00
1631491200,174.31,174.6,154.1,154.95,,2021-09-13 00:00:00+00:00
1631505600,154.95,163.32,151.1,152.91,,2021-09-13 04:00:00+00:00
1631520000,152.84,161.11,150.3,160.23,,2021-09-13 08:00:00+00:00
1631534400,160.12,167.73,151.0,157.03,,2021-09-13 12:00:00+00:00
1631548800,157.06,166.0,154.22,164.08,,2021-09-13 16:00:00+00:00
1631563200,164.12,175.0,164.06,169.53,,2021-09-13 20:00:00+00:00
1631577600,169.54,171.83,163.62,167.43,,2021-09-14 00:00:00+00:00
1631592000,167.44,168.96,163.4,165.96,,2021-09-14 04:00:00+00:00
1631606400,166.04,171.51,163.67,165.04,,2021-09-14 08:00:00+00:00
1631620800,165.01,165.8,155.22,159.26,,2021-09-14 12:00:00+00:00
1631635200,159.26,160.25,150.85,154.21,,2021-09-14 16:00:00+00:00
1631649600,154.2,159.87,142.6,158.88,,2021-09-14 20:00:00+00:00
1631664000,158.72,163.83,155.77,157.27,,2021-09-15 00:00:00+00:00
1631678400,157.27,166.5,153.69,162.03,,2021-09-15 04:00:00+00:00
1631692800,162.03,164.42,156.5,157.93,,2021-09-15 08:00:00+00:00
1631707200,157.96,162.61,155.02,161.97,,2021-09-15 12:00:00+00:00
1631721600,161.96,164.78,160.07,161.64,,2021-09-15 16:00:00+00:00
1631736000,161.63,161.82,155.77,158.79,,2021-09-15 20:00:00+00:00
1631750400,158.77,159.64,152.33,155.16,,2021-09-16 00:00:00+00:00
1631764800,155.13,163.09,154.81,160.72,,2021-09-16 04:00:00+00:00
1631779200,160.72,163.5,157.0,158.37,,2021-09-16 08:00:00+00:00
1631793600,158.39,159.38,153.11,154.8,,2021-09-16 12:00:00+00:00
1631808000,154.8,159.59,150.63,152.28,,2021-09-16 16:00:00+00:00
1631822400,152.3,152.89,147.35,152.29,,2021-09-16 20:00:00+00:00
1631836800,152.3,153.55,146.16,148.64,,2021-09-17 00:00:00+00:00
1631851200,148.65,150.36,143.0,143.48,,2021-09-17 04:00:00+00:00
1631865600,143.48,145.62,134.0,138.85,,2021-09-17 08:00:00+00:00
1631880000,138.84,146.4,137.05,144.65,,2021-09-17 12:00:00+00:00
1631894400,144.62,145.87,138.54,144.57,,2021-09-17 16:00:00+00:00
1631908800,144.56,148.95,140.24,147.58,,2021-09-17 20:00:00+00:00
1631923200,147.59,149.0,144.11,144.83,,2021-09-18 00:00:00+00:00
1631937600,144.83,158.7,144.1,157.61,,2021-09-18 04:00:00+00:00
1631952000,157.64,164.79,157.13,160.91,,2021-09-18 08:00:00+00:00
1631966400,160.92,164.33,160.07,163.66,,2021-09-18 12:00:00+00:00
1631980800,163.63,165.2,160.85,162.62,,2021-09-18 16:00:00+00:00
1631995200,162.62,171.47,157.47,169.22,,2021-09-18 20:00:00+00:00
1632009600,169.22,170.96,162.0,164.33,,2021-09-19 00:00:00+00:00
1632024000,164.32,165.25,159.84,161.54,,2021-09-19 04:00:00+00:00
1632038400,161.54,163.49,155.02,156.14,,2021-09-19 08:00:00+00:00
1632052800,156.09,162.09,155.42,159.38,,2021-09-19 12:00:00+00:00
1632067200,159.41,160.27,153.22,154.38,,2021-09-19 16:00:00+00:00
1632081600,154.38,156.67,150.6,152.76,,2021-09-19 20:00:00+00:00
1632096000,152.78,153.43,142.66,145.12,,2021-09-20 00:00:00+00:00
1632110400,145.1,146.4,136.6,139.18,,2021-09-20 04:00:00+00:00
1632124800,139.18,144.0,134.2,137.48,,2021-09-20 08:00:00+00:00
1632139200,137.48,148.5,130.26,144.1,,2021-09-20 12:00:00+00:00
1632153600,144.07,146.0,133.17,138.82,,2021-09-20 16:00:00+00:00
1632168000,138.88,142.39,131.42,132.77,,2021-09-20 20:00:00+00:00
1632182400,132.77,141.72,125.22,136.43,,2021-09-21 00:00:00+00:00
1632196800,136.45,143.76,133.63,143.47,,2021-09-21 04:00:00+00:00
1632211200,143.44,144.64,140.29,142.74,,2021-09-21 08:00:00+00:00
1632225600,142.75,143.39,135.62,138.5,,2021-09-21 12:00:00+00:00
1632240000,138.51,138.52,127.09,127.16,,2021-09-21 16:00:00+00:00
1632254400,127.18,128.86,116.0,124.29,,2021-09-21 20:00:00+00:00
1632268800,124.3,132.17,122.1,128.95,,2021-09-22 00:00:00+00:00
1632283200,128.94,134.11,126.74,132.95,,2021-09-22 04:00:00+00:00
1632297600,132.95,133.82,127.66,128.64,,2021-09-22 08:00:00+00:00
1632312000,128.64,142.19,128.06,141.66,,2021-09-22 12:00:00+00:00
1632326400,141.68,151.36,140.18,146.39,,2021-09-22 16:00:00+00:00
1632340800,146.38,149.93,143.69,148.02,,2021-09-22 20:00:00+00:00
1632355200,148.02,151.68,144.6,148.58,,2021-09-23 00:00:00+00:00
1632369600,148.61,151.97,145.74,151.5,,2021-09-23 04:00:00+00:00
1632384000,151.44,152.5,142.92,144.35,,2021-09-23 08:00:00+00:00
1632398400,144.36,150.9,143.47,146.06,,2021-09-23 12:00:00+00:00
1632412800,146.07,151.98,144.58,149.61,,2021-09-23 16:00:00+00:00
1632427200,149.6,150.92,146.19,149.91,,2021-09-23 20:00:00+00:00
1632441600,149.9,151.2,144.47,144.86,,2021-09-24 00:00:00+00:00
1632456000,144.85,146.37,140.73,144.63,,2021-09-24 04:00:00+00:00
1632470400,144.6,146.44,128.15,134.89,,2021-09-24 08:00:00+00:00
1632484800,134.91,141.12,130.95,137.66,,2021-09-24 12:00:00+00:00
1632499200,137.66,139.73,136.5,138.14,,2021-09-24 16:00:00+00:00
1632513600,138.14,144.22,137.88,139.13,,2021-09-24 20:00:00+00:00
1632528000,139.11,142.15,136.6,138.59,,2021-09-25 00:00:00+00:00
1632542400,138.59,144.18,138.59,140.03,,2021-09-25 04:00:00+00:00
1632556800,140.07,142.22,135.44,140.12,,2021-09-25 08:00:00+00:00
1632571200,140.14,140.83,136.34,138.66,,2021-09-25 12:00:00+00:00
1632585600,138.65,139.2,135.7,137.33,,2021-09-25 16:00:00+00:00
1632600000,137.32,137.5,133.54,136.06,,2021-09-25 20:00:00+00:00
1632614400,136.05,136.32,128.24,131.03,,2021-09-26 00:00:00+00:00
1632628800,131.02,132.05,124.8,127.01,,2021-09-26 04:00:00+00:00
1632643200,126.98,137.65,125.51,135.09,,2021-09-26 08:00:00+00:00
1632657600,135.1,140.26,134.47,140.07,,2021-09-26 12:00:00+00:00
1632672000,140.08,140.81,135.14,136.24,,2021-09-26 16:00:00+00:00
1632686400,136.25,139.5,133.37,135.64,,2021-09-26 20:00:00+00:00
1632700800,135.7,143.17,133.72,139.24,,2021-09-27 00:00:00+00:00
1632715200,139.24,142.55,137.53,138.16,,2021-09-27 04:00:00+00:00
1632729600,138.18,148.92,137.84,147.38,,2021-09-27 08:00:00+00:00
1632744000,147.38,148.38,143.16,145.25,,2021-09-27 12:00:00+00:00
1632758400,145.29,145.43,140.41,143.29,,2021-09-27 16:00:00+00:00
1632772800,143.28,143.31,135.3,136.35,,2021-09-27 20:00:00+00:00
1632787200,136.34,138.67,135.07,138.12,,2021-09-28 00:00:00+00:00
1632801600,138.13,139.4,132.41,133.66,,2021-09-28 04:00:00+00:00
1632816000,133.69,136.53,132.84,135.75,,2021-09-28 08:00:00+00:00
1632830400,135.76,136.58,130.36,130.43,,2021-09-28 12:00:00+00:00
1632844800,130.39,132.14,128.17,131.06,,2021-09-28 16:00:00+00:00
1632859200,131.08,134.58,130.04,132.2,,2021-09-28 20:00:00+00:00
1632873600,132.22,139.42,132.09,138.81,,2021-09-29 00:00:00+00:00
1632888000,138.8,140.17,137.84,139.34,,2021-09-29 04:00:00+00:00
1632902400,139.3,140.0,136.83,139.53,,2021-09-29 08:00:00+00:00
1632916800,139.53,140.07,134.84,135.62,,2021-09-29 12:00:00+00:00
1632931200,135.62,136.38,131.59,132.01,,2021-09-29 16:00:00+00:00
1632945600,132.01,135.43,131.12,135.25,,2021-09-29 20:00:00+00:00
1632960000,135.24,140.1,134.8,139.91,,2021-09-30 00:00:00+00:00
1632974400,139.92,141.28,136.7,136.92,,2021-09-30 04:00:00+00:00
1632988800,136.94,139.06,134.02,137.35,,2021-09-30 08:00:00+00:00
1633003200,137.32,139.6,136.88,138.32,,2021-09-30 12:00:00+00:00
1633017600,138.3,142.95,136.17,139.24,,2021-09-30 16:00:00+00:00
1633032000,139.24,141.69,138.01,141.37,,2021-09-30 20:00:00+00:00
1633046400,141.38,144.96,138.25,139.52,,2021-10-01 00:00:00+00:00
1633060800,139.5,143.83,139.06,142.78,,2021-10-01 04:00:00+00:00
1633075200,142.78,156.23,142.5,153.26,,2021-10-01 08:00:00+00:00
1633089600,153.27,159.09,149.25,157.4,,2021-10-01 12:00:00+00:00
1633104000,157.43,164.95,155.32,162.81,,2021-10-01 16:00:00+00:00
1633118400,162.81,163.2,156.68,161.56,,2021-10-01 20:00:00+00:00
1633132800,161.62,161.68,156.06,156.69,,2021-10-02 00:00:00+00:00
1633147200,156.7,160.31,156.34,158.51,,2021-10-02 04:00:00+00:00
1633161600,158.51,159.45,156.59,159.04,,2021-10-02 08:00:00+00:00
1633176000,159.04,170.69,158.63,170.48,,2021-10-02 12:00:00+00:00
1633190400,170.44,175.0,170.03,174.8,,2021-10-02 16:00:00+00:00
1633204800,174.85,174.88,166.0,168.98,,2021-10-02 20:00:00+00:00
1633219200,169.0,171.65,165.58,170.62,,2021-10-03 00:00:00+00:00
1633233600,170.62,174.0,168.82,171.65,,2021-10-03 04:00:00+00:00
1633248000,171.65,173.37,168.69,170.82,,2021-10-03 08:00:00+00:00
1633262400,170.81,177.79,170.42,172.5,,2021-10-03 12:00:00+00:00
1633276800,172.48,177.0,171.68,175.59,,2021-10-03 16:00:00+00:00
1633291200,175.58,176.0,167.69,172.98,,2021-10-03 20:00:00+00:00
1633305600,172.99,173.34,166.0,167.13,,2021-10-04 00:00:00+00:00
1633320000,167.09,170.13,164.12,169.61,,2021-10-04 04:00:00+00:00
1633334400,169.62,169.87,164.81,165.86,,2021-10-04 08:00:00+00:00
1633348800,165.83,172.8,162.0,166.44,,2021-10-04 12:00:00+00:00
1633363200,166.44,172.4,165.81,169.27,,2021-10-04 16:00:00+00:00
1633377600,169.26,169.66,165.4,167.13,,2021-10-04 20:00:00+00:00
1633392000,167.13,170.18,164.04,166.9,,2021-10-05 00:00:00+00:00
1633406400,166.9,168.0,165.24,166.12,,2021-10-05 04:00:00+00:00
1633420800,166.13,170.0,165.4,168.34,,2021-10-05 08:00:00+00:00
1633435200,168.37,169.78,162.0,162.35,,2021-10-05 12:00:00+00:00
1633449600,162.34,163.85,159.68,161.8,,2021-10-05 16:00:00+00:00
1633464000,161.81,167.1,161.74,164.62,,2021-10-05 20:00:00+00:00
1633478400,164.64,165.42,157.83,157.96,,2021-10-06 00:00:00+00:00
1633492800,157.96,159.7,154.09,155.93,,2021-10-06 04:00:00+00:00
1633507200,155.93,156.33,150.1,152.91,,2021-10-06 08:00:00+00:00
1633521600,152.94,162.89,151.6,160.76,,2021-10-06 12:00:00+00:00
1633536000,160.75,161.66,157.68,159.78,,2021-10-06 16:00:00+00:00
1633550400,159.8,160.08,152.58,153.87,,2021-10-06 20:00:00+00:00
1633564800,153.9,155.04,150.34,152.03,,2021-10-07 00:00:00+00:00
1633579200,152.02,159.4,151.83,158.47,,2021-10-07 04:00:00+00:00
1633593600,158.5,160.18,154.18,157.7,,2021-10-07 08:00:00+00:00
1633608000,157.69,161.42,153.5,155.88,,2021-10-07 12:00:00+00:00
1633622400,155.87,157.0,153.41,156.07,,2021-10-07 16:00:00+00:00
1633636800,156.07,158.8,153.01,154.26,,2021-10-07 20:00:00+00:00
1633651200,154.26,157.03,152.52,154.44,,2021-10-08 00:00:00+00:00
1633665600,154.43,159.09,152.39,158.77,,2021-10-08 04:00:00+00:00
1633680000,158.77,166.64,157.87,162.22,,2021-10-08 08:00:00+00:00
1633694400,162.21,168.97,160.0,166.48,,2021-10-08 12:00:00+00:00
1633708800,166.51,168.06,162.41,163.57,,2021-10-08 16:00:00+00:00
1633723200,163.6,163.6,157.2,158.86,,2021-10-08 20:00:00+00:00
1633737600,158.88,160.57,156.06,160.02,,2021-10-09 00:00:00+00:00
1633752000,160.01,161.54,158.3,159.19,,2021-10-09 04:00:00+00:00
1633766400,159.15,160.48,157.43,158.38,,2021-10-09 08:00:00+00:00
1633780800,158.37,160.18,157.11,157.97,,2021-10-09 12:00:00+00:00
1633795200,157.97,158.4,156.1,156.4,,2021-10-09 16:00:00+00:00
1633809600,156.42,157.87,154.18,156.84,,2021-10-09 20:00:00+00:00
1633824000,156.8,156.9,152.38,155.41,,2021-10-10 00:00:00+00:00
1633838400,155.39,157.02,154.58,154.98,,2021-10-10 04:00:00+00:00
1633852800,155.0,158.5,154.0,154.69,,2021-10-10 08:00:00+00:00
1633867200,154.67,154.89,152.8,154.4,,2021-10-10 12:00:00+00:00
1633881600,154.41,154.67,152.0,153.48,,2021-10-10 16:00:00+00:00
1633896000,153.47,154.69,145.55,147.55,,2021-10-10 20:00:00+00:00
1633910400,147.56,151.62,145.34,151.47,,2021-10-11 00:00:00+00:00
1633924800,151.43,152.96,150.33,152.33,,2021-10-11 04:00:00+00:00
1633939200,152.3,154.0,147.11,148.54,,2021-10-11 08:00:00+00:00
1633953600,148.55,149.99,146.67,147.76,,2021-10-11 12:00:00+00:00
1633968000,147.76,148.1,141.32,141.58,,2021-10-11 16:00:00+00:00
1633982400,141.57,145.46,140.24,144.77,,2021-10-11 20:00:00+00:00
1633996800,144.79,145.82,140.82,143.2,,2021-10-12 00:00:00+00:00
1634011200,143.2,145.57,141.2,143.32,,2021-10-12 04:00:00+00:00
1634025600,143.34,145.2,140.17,142.5,,2021-10-12 08:00:00+00:00
1634040000,142.51,145.34,137.61,143.54,,2021-10-12 12:00:00+00:00
1634054400,143.53,153.5,142.9,150.04,,2021-10-12 16:00:00+00:00
1634068800,150.01,153.1,147.92,152.32,,2021-10-12 20:00:00+00:00
1634083200,152.35,155.56,148.41,149.28,,2021-10-13 00:00:00+00:00
1634097600,149.28,150.41,144.58,145.43,,2021-10-13 04:00:00+00:00
1634112000,145.43,147.62,145.23,146.86,,2021-10-13 08:00:00+00:00
1634126400,146.86,147.42,144.28,146.31,,2021-10-13 12:00:00+00:00
1634140800,146.31,147.9,144.56,145.01,,2021-10-13 16:00:00+00:00
1634155200,145.02,149.5,144.74,148.04,,2021-10-13 20:00:00+00:00
1634169600,148.05,150.99,147.27,149.65,,2021-10-14 00:00:00+00:00
1634184000,149.65,152.0,148.48,150.36,,2021-10-14 04:00:00+00:00
1634198400,150.36,154.21,149.91,153.88,,2021-10-14 08:00:00+00:00
1634212800,153.87,155.65,152.22,152.81,,2021-10-14 12:00:00+00:00
1634227200,152.83,153.53,148.56,150.07,,2021-10-14 16:00:00+00:00
1634241600,150.06,151.49,148.9,150.02,,2021-10-14 20:00:00+00:00
1634256000,150.01,151.41,146.68,150.85,,2021-10-15 00:00:00+00:00
1634270400,150.85,163.64,150.8,161.57,,2021-10-15 04:00:00+00:00
1634284800,161.6,165.75,157.02,157.82,,2021-10-15 08:00:00+00:00
1634299200,157.82,163.11,157.02,159.36,,2021-10-15 12:00:00+00:00
1634313600,159.35,162.94,158.7,160.4,,2021-10-15 16:00:00+00:00
1634328000,160.39,164.3,159.14,163.18,,2021-10-15 20:00:00+00:00
1634342400,163.15,163.5,158.19,158.79,,2021-10-16 00:00:00+00:00
1634356800,158.78,159.71,157.51,158.29,,2021-10-16 04:00:00+00:00
1634371200,158.29,164.8,157.94,162.14,,2021-10-16 08:00:00+00:00
1634385600,162.14,162.98,158.71,159.55,,2021-10-16 12:00:00+00:00
1634400000,159.55,160.12,158.0,158.19,,2021-10-16 16:00:00+00:00
1634414400,158.19,158.85,156.36,157.54,,2021-10-16 20:00:00+00:00
1634428800,157.54,163.02,156.66,162.96,,2021-10-17 00:00:00+00:00
1634443200,162.96,165.0,160.67,162.16,,2021-10-17 04:00:00+00:00
1634457600,162.16,167.65,162.11,163.54,,2021-10-17 08:00:00+00:00
1634472000,163.54,165.49,160.01,160.77,,2021-10-17 12:00:00+00:00
1634486400,160.75,161.75,158.2,158.83,,2021-10-17 16:00:00+00:00
1634500800,158.83,160.15,153.13,160.12,,2021-10-17 20:00:00+00:00
1634515200,160.11,162.98,159.06,159.92,,2021-10-18 00:00:00+00:00
1634529600,159.92,161.48,158.6,158.87,,2021-10-18 04:00:00+00:00
1634544000,158.85,159.93,156.0,156.96,,2021-10-18 08:00:00+00:00
1634558400,156.97,159.68,155.58,156.66,,2021-10-18 12:00:00+00:00
1634572800,156.65,158.01,154.91,156.75,,2021-10-18 16:00:00+00:00
1634587200,156.75,158.25,155.63,157.12,,2021-10-18 20:00:00+00:00
1634601600,157.12,158.97,156.06,158.5,,2021-10-19 00:00:00+00:00
1634616000,158.5,159.45,156.72,157.67,,2021-10-19 04:00:00+00:00
1634630400,157.67,157.91,155.6,157.0,,2021-10-19 08:00:00+00:00
1634644800,157.01,157.99,154.79,155.53,,2021-10-19 12:00:00+00:00
1634659200,155.54,156.51,154.41,154.53,,2021-10-19 16:00:00+00:00
1634673600,154.52,157.3,153.06,155.78,,2021-10-19 20:00:00+00:00
1634688000,155.77,157.47,155.62,155.77,,2021-10-20 00:00:00+00:00
1634702400,155.76,157.11,155.0,156.52,,2021-10-20 04:00:00+00:00
1634716800,156.52,160.15,155.91,160.08,,2021-10-20 08:00:00+00:00
1634731200,160.07,169.95,159.44,168.74,,2021-10-20 12:00:00+00:00
1634745600,168.75,174.9,166.78,173.06,,2021-10-20 16:00:00+00:00
1634760000,173.07,176.87,169.92,176.72,,2021-10-20 20:00:00+00:00
1634774400,176.72,189.77,176.7,184.22,,2021-10-21 00:00:00+00:00
1634788800,184.2,188.88,180.0,186.99,,2021-10-21 04:00:00+00:00
1634803200,186.99,194.21,183.15,187.09,,2021-10-21 08:00:00+00:00
1634817600,187.09,191.1,177.8,182.6,,2021-10-21 12:00:00+00:00
1634832000,182.62,188.59,180.43,184.75,,2021-10-21 16:00:00+00:00
1634846400,184.74,191.1,182.68,190.5,,2021-10-21 20:00:00+00:00
1634860800,190.46,205.0,187.96,201.71,,2021-10-22 00:00:00+00:00
1634875200,201.72,208.0,200.25,203.24,,2021-10-22 04:00:00+00:00
1634889600,203.24,206.0,201.05,204.18,,2021-10-22 08:00:00+00:00
1634904000,204.18,215.1,201.8,206.53,,2021-10-22 12:00:00+00:00
1634918400,206.53,211.12,195.36,197.69,,2021-10-22 16:00:00+00:00
1634932800,197.69,200.0,192.0,196.29,,2021-10-22 20:00:00+00:00
1634947200,196.29,204.09,191.86,202.84,,2021-10-23 00:00:00+00:00
1634961600,202.85,205.78,198.7,201.35,,2021-10-23 04:00:00+00:00
1634976000,201.38,203.1,196.8,202.25,,2021-10-23 08:00:00+00:00
1634990400,202.29,202.68,196.74,199.2,,2021-10-23 12:00:00+00:00
1635004800,199.2,201.69,193.0,193.74,,2021-10-23 16:00:00+00:00
1635019200,193.75,198.18,193.56,197.75,,2021-10-23 20:00:00+00:00
1635033600,197.75,200.13,195.69,196.56,,2021-10-24 00:00:00+00:00
1635048000,196.58,196.6,192.29,194.11,,2021-10-24 04:00:00+00:00
1635062400,194.1,196.42,188.69,188.82,,2021-10-24 08:00:00+00:00
1635076800,188.83,192.56,185.41,186.58,,2021-10-24 12:00:00+00:00
1635091200,186.58,191.7,185.22,191.53,,2021-10-24 16:00:00+00:00
1635105600,191.51,204.86,190.51,202.14,,2021-10-24 20:00:00+00:00
1635120000,202.15,203.9,198.0,201.68,,2021-10-25 00:00:00+00:00
1635134400,201.68,210.82,200.81,207.75,,2021-10-25 04:00:00+00:00
1635148800,207.75,212.7,205.62,207.9,,2021-10-25 08:00:00+00:00
1635163200,207.9,218.93,204.9,218.63,,2021-10-25 12:00:00+00:00
1635177600,218.62,218.75,209.88,210.4,,2021-10-25 16:00:00+00:00
1635192000,210.44,214.32,207.47,209.7,,2021-10-25 20:00:00+00:00
1635206400,209.73,214.2,207.5,208.63,,2021-10-26 00:00:00+00:00
1635220800,208.63,209.43,205.58,209.34,,2021-10-26 04:00:00+00:00
1635235200,209.35,211.7,207.25,207.28,,2021-10-26 08:00:00+00:00
1635249600,207.28,208.35,202.36,206.57,,2021-10-26 12:00:00+00:00
1635264000,206.57,209.6,204.01,207.1,,2021-10-26 16:00:00+00:00
1635278400,207.11,207.6,196.36,199.85,,2021-10-26 20:00:00+00:00
1635292800,199.87,204.78,198.15,202.83,,2021-10-27 00:00:00+00:00
1635307200,202.85,205.49,194.0,194.09,,2021-10-27 04:00:00+00:00
1635321600,194.09,195.87,176.94,190.0,,2021-10-27 08:00:00+00:00
1635336000,189.98,194.2,187.15,188.97,,2021-10-27 12:00:00+00:00
1635350400,188.96,192.24,184.43,189.33,,2021-10-27 16:00:00+00:00
1635364800,189.3,191.17,181.12,184.49,,2021-10-27 20:00:00+00:00
1635379200,184.45,190.25,181.64,186.84,,2021-10-28 00:00:00+00:00
1635393600,186.83,191.19,184.79,186.74,,2021-10-28 04:00:00+00:00
1635408000,186.77,200.0,186.7,195.41,,2021-10-28 08:00:00+00:00
1635422400,195.41,201.38,194.7,197.3,,2021-10-28 12:00:00+00:00
1635436800,197.3,198.85,191.13,198.2,,2021-10-28 16:00:00+00:00
1635451200,198.2,201.0,193.75,195.42,,2021-10-28 20:00:00+00:00
1635465600,195.37,205.22,194.45,201.6,,2021-10-29 00:00:00+00:00
1635480000,201.63,202.19,196.55,198.03,,2021-10-29 04:00:00+00:00
1635494400,198.05,199.75,195.4,196.35,,2021-10-29 08:00:00+00:00
1635508800,196.35,203.43,195.61,201.82,,2021-10-29 12:00:00+00:00
1635523200,201.84,204.95,199.71,200.59,,2021-10-29 16:00:00+00:00
1635537600,200.6,203.86,199.09,200.41,,2021-10-29 20:00:00+00:00
1635552000,200.36,200.62,196.5,197.04,,2021-10-30 00:00:00+00:00
1635566400,197.04,199.04,195.95,198.07,,2021-10-30 04:00:00+00:00
1635580800,198.08,198.61,195.06,197.01,,2021-10-30 08:00:00+00:00
1635595200,197.03,197.24,190.29,193.18,,2021-10-30 12:00:00+00:00
1635609600,193.15,194.69,191.08,194.56,,2021-10-30 16:00:00+00:00
1635624000,194.57,195.86,187.3,195.7,,2021-10-30 20:00:00+00:00
1635638400,195.69,196.96,191.12,191.91,,2021-10-31 00:00:00+00:00
1635652800,191.92,192.5,189.14,190.58,,2021-10-31 04:00:00+00:00
1635667200,190.59,190.66,185.88,186.38,,2021-10-31 08:00:00+00:00
1635681600,186.4,202.0,185.31,195.0,,2021-10-31 12:00:00+00:00
1635696000,194.99,198.71,193.03,195.91,,2021-10-31 16:00:00+00:00
1635710400,195.92,205.0,195.0,202.49,,2021-10-31 20:00:00+00:00
1635724800,202.53,210.0,198.85,200.89,,2021-11-01 00:00:00+00:00
1635739200,200.89,210.0,197.7,209.91,,2021-11-01 04:00:00+00:00
1635753600,209.89,211.66,204.02,204.69,,2021-11-01 08:00:00+00:00
1635768000,204.64,206.4,200.97,204.05,,2021-11-01 12:00:00+00:00
1635782400,204.05,204.5,199.0,204.04,,2021-11-01 16:00:00+00:00
1635796800,204.04,206.28,200.8,203.9,,2021-11-01 20:00:00+00:00
1635811200,203.91,204.8,200.97,203.92,,2021-11-02 00:00:00+00:00
1635825600,203.91,205.8,202.67,203.43,,2021-11-02 04:00:00+00:00
1635840000,203.43,207.81,202.35,204.35,,2021-11-02 08:00:00+00:00
1635854400,204.33,208.9,203.69,208.84,,2021-11-02 12:00:00+00:00
1635868800,208.84,217.69,206.55,217.23,,2021-11-02 16:00:00+00:00
1635883200,217.25,222.22,211.97,220.82,,2021-11-02 20:00:00+00:00
1635897600,220.81,231.95,215.69,229.6,,2021-11-03 00:00:00+00:00
1635912000,229.6,232.66,224.0,232.47,,2021-11-03 04:00:00+00:00
1635926400,232.49,235.0,226.82,231.7,,2021-11-03 08:00:00+00:00
1635940800,231.7,232.02,223.12,225.31,,2021-11-03 12:00:00+00:00
1635955200,225.35,237.94,221.12,234.69,,2021-11-03 16:00:00+00:00
1635969600,234.68,247.0,234.38,243.37,,2021-11-03 20:00:00+00:00
1635984000,243.37,248.0,238.0,238.1,,2021-11-04 00:00:00+00:00
1635998400,238.12,244.25,235.56,237.89,,2021-11-04 04:00:00+00:00
1636012800,237.8,244.08,236.76,239.0,,2021-11-04 08:00:00+00:00
1636027200,239.0,245.26,235.99,238.48,,2021-11-04 12:00:00+00:00
1636041600,238.47,242.74,234.0,240.44,,2021-11-04 16:00:00+00:00
1636056000,240.49,250.5,239.0,247.07,,2021-11-04 20:00:00+00:00
1636070400,247.06,248.84,240.53,242.93,,2021-11-05 00:00:00+00:00
1636084800,242.97,244.3,240.31,242.73,,2021-11-05 04:00:00+00:00
1636099200,242.75,243.8,236.28,236.47,,2021-11-05 08:00:00+00:00
1636113600,236.47,238.72,230.34,233.19,,2021-11-05 12:00:00+00:00
1636128000,233.24,238.77,232.46,235.8,,2021-11-05 16:00:00+00:00
1636142400,235.79,237.99,231.49,236.06,,2021-11-05 20:00:00+00:00
1636156800,236.04,242.0,234.79,239.79,,2021-11-06 00:00:00+00:00
1636171200,239.8,247.99,239.58,245.92,,2021-11-06 04:00:00+00:00
1636185600,245.91,249.88,239.77,242.33,,2021-11-06 08:00:00+00:00
1636200000,242.34,254.44,237.54,253.2,,2021-11-06 12:00:00+00:00
1636214400,253.21,255.0,248.1,254.28,,2021-11-06 16:00:00+00:00
1636228800,254.28,259.9,251.25,258.44,,2021-11-06 20:00:00+00:00
1636243200,258.41,258.66,251.14,254.18,,2021-11-07 00:00:00+00:00
1636257600,254.18,258.59,252.55,252.92,,2021-11-07 04:00:00+00:00
1636272000,252.91,253.9,250.0,252.6,,2021-11-07 08:00:00+00:00
1636286400,252.61,254.41,250.68,252.16,,2021-11-07 12:00:00+00:00
1636300800,252.15,253.43,246.68,247.0,,2021-11-07 16:00:00+00:00
1636315200,246.99,250.69,245.65,249.68,,2021-11-07 20:00:00+00:00
1636329600,249.62,250.3,240.68,248.29,,2021-11-08 00:00:00+00:00
1636344000,248.29,249.39,243.87,245.86,,2021-11-08 04:00:00+00:00
1636358400,245.86,247.77,242.37,243.77,,2021-11-08 08:00:00+00:00
1636372800,243.77,248.6,242.74,248.28,,2021-11-08 12:00:00+00:00
1636387200,248.28,253.3,245.83,246.43,,2021-11-08 16:00:00+00:00
1636401600,246.43,249.57,240.7,248.26,,2021-11-08 20:00:00+00:00
1636416000,248.27,253.22,246.17,246.72,,2021-11-09 00:00:00+00:00
1636430400,246.73,248.11,245.02,246.53,,2021-11-09 04:00:00+00:00
1636444800,246.54,248.88,244.65,245.91,,2021-11-09 08:00:00+00:00
1636459200,245.9,246.39,237.62,240.8,,2021-11-09 12:00:00+00:00
1636473600,240.8,243.53,237.92,240.15,,2021-11-09 16:00:00+00:00
1636488000,240.14,242.63,238.77,239.04,,2021-11-09 20:00:00+00:00
1636502400,239.06,241.23,235.89,236.6,,2021-11-10 00:00:00+00:00
1636516800,236.61,243.4,235.38,240.87,,2021-11-10 04:00:00+00:00
1636531200,240.87,243.96,240.36,240.63,,2021-11-10 08:00:00+00:00
1636545600,240.64,248.0,236.44,244.84,,2021-11-10 12:00:00+00:00
1636560000,244.84,246.02,236.32,236.48,,2021-11-10 16:00:00+00:00
1636574400,236.49,238.84,217.5,233.09,,2021-11-10 20:00:00+00:00
1636588800,233.06,239.16,229.4,239.04,,2021-11-11 00:00:00+00:00
1636603200,239.02,246.5,237.74,244.2,,2021-11-11 04:00:00+00:00
1636617600,244.19,246.07,239.85,239.88,,2021-11-11 08:00:00+00:00
1636632000,239.88,243.21,236.16,239.42,,2021-11-11 12:00:00+00:00
1636646400,239.41,240.7,235.32,237.77,,2021-11-11 16:00:00+00:00
1636660800,237.77,238.79,233.31,233.37,,2021-11-11 20:00:00+00:00
1636675200,233.34,239.09,230.06,232.24,,2021-11-12 00:00:00+00:00
1636689600,232.24,234.85,227.03,228.09,,2021-11-12 04:00:00+00:00
1636704000,228.12,231.65,224.68,226.17,,2021-11-12 08:00:00+00:00
1636718400,226.17,229.33,221.48,222.3,,2021-11-12 12:00:00+00:00
1636732800,222.3,232.57,220.83,228.85,,2021-11-12 16:00:00+00:00
1636747200,228.85,233.35,227.81,228.48,,2021-11-12 20:00:00+00:00
1636761600,228.46,232.72,225.46,225.54,,2021-11-13 00:00:00+00:00
1636776000,225.54,227.38,224.79,227.07,,2021-11-13 04:00:00+00:00
1636790400,227.08,228.95,225.04,226.96,,2021-11-13 08:00:00+00:00
1636804800,226.98,237.2,226.39,233.62,,2021-11-13 12:00:00+00:00
1636819200,233.61,239.16,233.46,237.18,,2021-11-13 16:00:00+00:00
1636833600,237.2,241.97,236.93,241.59,,2021-11-13 20:00:00+00:00
1636848000,241.58,242.0,236.41,237.2,,2021-11-14 00:00:00+00:00
1636862400,237.2,238.73,234.77,235.31,,2021-11-14 04:00:00+00:00
1636876800,235.31,237.28,233.55,236.27,,2021-11-14 08:00:00+00:00
1636891200,236.27,238.78,234.06,234.41,,2021-11-14 12:00:00+00:00
1636905600,234.41,235.84,230.4,235.37,,2021-11-14 16:00:00+00:00
1636920000,235.36,239.06,235.27,238.64,,2021-11-14 20:00:00+00:00
1636934400,238.63,244.51,237.63,243.72,,2021-11-15 00:00:00+00:00
1636948800,243.71,244.48,239.46,241.28,,2021-11-15 04:00:00+00:00
1636963200,241.29,244.0,239.81,243.0,,2021-11-15 08:00:00+00:00
1636977600,243.01,246.36,238.62,239.76,,2021-11-15 12:00:00+00:00
1636992000,239.75,242.41,237.57,240.31,,2021-11-15 16:00:00+00:00
1637006400,240.3,240.61,234.49,238.2,,2021-11-15 20:00:00+00:00
1637020800,238.18,238.21,224.13,226.7,,2021-11-16 00:00:00+00:00
1637035200,226.74,230.62,224.37,226.63,,2021-11-16 04:00:00+00:00
1637049600,226.67,229.9,213.81,224.93,,2021-11-16 08:00:00+00:00
1637064000,224.93,227.82,220.28,225.29,,2021-11-16 12:00:00+00:00
1637078400,225.24,226.97,222.24,225.9,,2021-11-16 16:00:00+00:00
1637092800,225.82,225.89,216.81,219.04,,2021-11-16 20:00:00+00:00
1637107200,219.09,221.36,211.73,212.49,,2021-11-17 00:00:00+00:00
1637121600,212.5,216.55,210.71,214.81,,2021-11-17 04:00:00+00:00
1637136000,214.82,220.46,209.53,220.28,,2021-11-17 08:00:00+00:00
1637150400,220.32,222.44,210.02,213.67,,2021-11-17 12:00:00+00:00
1637164800,213.66,217.58,211.4,214.47,,2021-11-17 16:00:00+00:00
1637179200,214.46,218.97,212.52,218.94,,2021-11-17 20:00:00+00:00
1637193600,218.9,222.78,216.61,216.74,,2021-11-18 00:00:00+00:00
1637208000,216.75,218.14,211.38,212.63,,2021-11-18 04:00:00+00:00
1637222400,212.64,213.3,207.29,207.9,,2021-11-18 08:00:00+00:00
1637236800,207.9,209.6,193.0,196.99,,2021-11-18 12:00:00+00:00
1637251200,197.04,202.08,186.5,200.18,,2021-11-18 16:00:00+00:00
1637265600,200.21,202.82,192.45,195.01,,2021-11-18 20:00:00+00:00
1637280000,195.19,202.71,188.99,192.0,,2021-11-19 00:00:00+00:00
1637294400,192.03,199.97,191.51,196.44,,2021-11-19 04:00:00+00:00
1637308800,196.43,206.37,196.31,202.94,,2021-11-19 08:00:00+00:00
1637323200,202.9,215.99,201.98,213.99,,2021-11-19 12:00:00+00:00
1637337600,213.97,219.59,213.48,217.31,,2021-11-19 16:00:00+00:00
1637352000,217.32,218.51,212.64,215.25,,2021-11-19 20:00:00+00:00
1637366400,215.25,221.17,213.28,214.94,,2021-11-20 00:00:00+00:00
1637380800,214.95,216.0,212.75,212.83,,2021-11-20 04:00:00+00:00
1637395200,212.81,217.09,212.24,215.56,,2021-11-20 08:00:00+00:00
1637409600,215.55,216.12,207.0,207.1,,2021-11-20 12:00:00+00:00
1637424000,207.13,217.71,205.84,215.4,,2021-11-20 16:00:00+00:00
1637438400,215.42,218.82,215.33,217.63,,2021-11-20 20:00:00+00:00
1637452800,217.64,218.22,210.93,211.66,,2021-11-21 00:00:00+00:00
1637467200,211.67,215.36,211.11,213.87,,2021-11-21 04:00:00+00:00
1637481600,213.88,214.34,210.66,211.51,,2021-11-21 08:00:00+00:00
1637496000,211.52,215.32,210.53,215.06,,2021-11-21 12:00:00+00:00
1637510400,215.08,233.35,214.6,228.84,,2021-11-21 16:00:00+00:00
1637524800,228.84,240.0,226.24,230.51,,2021-11-21 20:00:00+00:00
1637539200,230.56,231.99,219.69,220.45,,2021-11-22 00:00:00+00:00
1637553600,220.45,222.27,215.32,215.99,,2021-11-22 04:00:00+00:00
1637568000,216.0,224.34,215.71,218.93,,2021-11-22 08:00:00+00:00
1637582400,218.94,225.32,214.37,222.54,,2021-11-22 12:00:00+00:00
1637596800,222.55,225.25,212.22,212.84,,2021-11-22 16:00:00+00:00
1637611200,212.86,218.82,211.6,215.59,,2021-11-22 20:00:00+00:00
1637625600,215.58,221.83,214.23,220.95,,2021-11-23 00:00:00+00:00
1637640000,220.97,221.17,212.16,212.95,,2021-11-23 04:00:00+00:00
1637654400,212.92,216.68,210.91,212.25,,2021-11-23 08:00:00+00:00
1637668800,212.27,219.64,211.13,215.99,,2021-11-23 12:00:00+00:00
1637683200,215.99,224.59,215.96,224.53,,2021-11-23 16:00:00+00:00
1637697600,224.54,226.08,221.29,221.75,,2021-11-23 20:00:00+00:00
1637712000,221.76,222.47,214.1,217.13,,2021-11-24 00:00:00+00:00
1637726400,217.06,220.33,215.2,216.92,,2021-11-24 04:00:00+00:00
1637740800,216.88,219.9,214.04,214.6,,2021-11-24 08:00:00+00:00
1637755200,214.58,215.34,207.11,212.34,,2021-11-24 12:00:00+00:00
1637769600,212.33,214.0,200.14,202.05,,2021-11-24 16:00:00+00:00
1637784000,202.06,207.92,200.73,205.7,,2021-11-24 20:00:00+00:00
1637798400,205.76,211.7,204.71,210.95,,2021-11-25 00:00:00+00:00
1637812800,210.87,211.22,204.8,205.7,,2021-11-25 04:00:00+00:00
1637827200,205.69,210.86,201.93,208.44,,2021-11-25 08:00:00+00:00
1637841600,208.43,214.67,208.0,214.42,,2021-11-25 12:00:00+00:00
1637856000,214.44,216.35,209.9,210.45,,2021-11-25 16:00:00+00:00
1637870400,210.44,212.65,207.45,209.97,,2021-11-25 20:00:00+00:00
1637884800,209.94,210.53,205.18,205.5,,2021-11-26 00:00:00+00:00
1637899200,205.5,207.1,200.01,201.39,,2021-11-26 04:00:00+00:00
1637913600,201.35,201.42,183.75,185.31,,2021-11-26 08:00:00+00:00
1637928000,185.31,198.25,182.7,192.75,,2021-11-26 12:00:00+00:00
1637942400,192.73,198.46,190.13,197.73,,2021-11-26 16:00:00+00:00
1637956800,197.75,200.76,191.24,192.42,,2021-11-26 20:00:00+00:00
1637971200,192.37,196.34,191.29,195.39,,2021-11-27 00:00:00+00:00
1637985600,195.39,198.33,192.62,194.29,,2021-11-27 04:00:00+00:00
1638000000,194.3,198.62,194.27,196.2,,2021-11-27 08:00:00+00:00
1638014400,196.18,199.39,196.18,196.46,,2021-11-27 12:00:00+00:00
1638028800,196.46,199.12,195.89,196.29,,2021-11-27 16:00:00+00:00
1638043200,196.31,197.72,190.61,192.74,,2021-11-27 20:00:00+00:00
1638057600,192.74,193.15,184.7,187.13,,2021-11-28 00:00:00+00:00
1638072000,187.15,190.11,185.99,189.82,,2021-11-28 04:00:00+00:00
1638086400,189.82,191.49,187.34,190.07,,2021-11-28 08:00:00+00:00
1638100800,190.09,191.46,187.95,188.99,,2021-11-28 12:00:00+00:00
1638115200,188.98,189.76,180.93,188.51,,2021-11-28 16:00:00+00:00
1638129600,188.52,202.1,188.52,200.69,,2021-11-28 20:00:00+00:00
1638144000,200.71,203.98,199.63,200.85,,2021-11-29 00:00:00+00:00
1638158400,200.87,206.61,200.73,203.79,,2021-11-29 04:00:00+00:00
1638172800,203.79,206.25,201.02,203.38,,2021-11-29 08:00:00+00:00
1638187200,203.43,210.84,203.08,206.92,,2021-11-29 12:00:00+00:00
1638201600,206.91,212.75,205.24,206.05,,2021-11-29 16:00:00+00:00
1638216000,206.06,208.0,203.66,204.09,,2021-11-29 20:00:00+00:00
1638230400,204.1,206.53,201.2,203.72,,2021-11-30 00:00:00+00:00
1638244800,203.74,206.1,200.02,201.77,,2021-11-30 04:00:00+00:00
1638259200,201.82,207.5,199.55,207.19,,2021-11-30 08:00:00+00:00
1638273600,207.18,218.28,207.12,213.03,,2021-11-30 12:00:00+00:00
1638288000,213.03,216.13,207.74,215.41,,2021-11-30 16:00:00+00:00
1638302400,215.4,215.83,208.19,208.53,,2021-11-30 20:00:00+00:00
1638316800,208.52,215.0,207.89,214.93,,2021-12-01 00:00:00+00:00
1638331200,214.92,220.88,214.27,218.42,,2021-12-01 04:00:00+00:00
1638345600,218.44,224.45,216.24,221.29,,2021-12-01 08:00:00+00:00
1638360000,221.3,229.85,220.49,229.51,,2021-12-01 12:00:00+00:00
1638374400,229.51,232.63,221.45,230.14,,2021-12-01 16:00:00+00:00
1638388800,230.15,231.0,220.11,229.81,,2021-12-01 20:00:00+00:00
1638403200,229.81,236.24,220.0,224.24,,2021-12-02 00:00:00+00:00
1638417600,224.23,227.4,221.42,222.89,,2021-12-02 04:00:00+00:00
1638432000,222.88,229.72,222.41,226.79,,2021-12-02 08:00:00+00:00
1638446400,226.78,232.11,221.78,229.47,,2021-12-02 12:00:00+00:00
1638460800,229.43,235.98,224.65,234.12,,2021-12-02 16:00:00+00:00
1638475200,234.13,243.12,231.76,233.6,,2021-12-02 20:00:00+00:00
1638489600,233.59,236.4,226.33,229.97,,2021-12-03 00:00:00+00:00
1638504000,229.95,235.35,228.26,232.49,,2021-12-03 04:00:00+00:00
1638518400,232.5,238.34,229.68,237.54,,2021-12-03 08:00:00+00:00
1638532800,237.55,239.37,222.83,224.27,,2021-12-03 12:00:00+00:00
1638547200,224.3,226.13,210.85,212.75,,2021-12-03 16:00:00+00:00
1638561600,212.75,219.25,204.68,211.65,,2021-12-03 20:00:00+00:00
1638576000,211.65,212.62,195.92,196.09,,2021-12-04 00:00:00+00:00
1638590400,196.09,202.16,169.0,193.0,,2021-12-04 04:00:00+00:00
1638604800,193.04,196.81,185.49,188.24,,2021-12-04 08:00:00+00:00
1638619200,188.29,207.66,188.29,205.05,,2021-12-04 12:00:00+00:00
1638633600,205.03,208.7,198.28,207.13,,2021-12-04 16:00:00+00:00
1638648000,207.13,210.52,198.75,200.67,,2021-12-04 20:00:00+00:00
1638662400,200.68,204.51,191.15,196.5,,2021-12-05 00:00:00+00:00
1638676800,196.51,203.35,194.1,200.49,,2021-12-05 04:00:00+00:00
1638691200,200.49,201.62,195.19,196.06,,2021-12-05 08:00:00+00:00
1638705600,196.17,199.58,181.44,185.45,,2021-12-05 12:00:00+00:00
1638720000,185.35,192.0,184.87,190.2,,2021-12-05 16:00:00+00:00
1638734400,190.18,197.78,186.64,196.43,,2021-12-05 20:00:00+00:00
1638748800,196.49,197.08,187.2,193.31,,2021-12-06 00:00:00+00:00
1638763200,193.25,196.56,183.0,184.99,,2021-12-06 04:00:00+00:00
1638777600,185.08,189.8,176.17,182.07,,2021-12-06 08:00:00+00:00
1638792000,182.02,188.47,179.19,188.35,,2021-12-06 12:00:00+00:00
1638806400,188.29,192.0,185.83,187.56,,2021-12-06 16:00:00+00:00
1638820800,187.56,197.71,187.56,193.56,,2021-12-06 20:00:00+00:00
1638835200,193.57,198.0,192.94,195.35,,2021-12-07 00:00:00+00:00
1638849600,195.34,201.08,194.62,199.36,,2021-12-07 04:00:00+00:00
1638864000,199.37,204.1,199.02,203.14,,2021-12-07 08:00:00+00:00
1638878400,203.15,203.45,196.23,198.11,,2021-12-07 12:00:00+00:00
1638892800,198.16,198.93,193.51,194.3,,2021-12-07 16:00:00+00:00
1638907200,194.34,195.18,187.26,190.19,,2021-12-07 20:00:00+00:00
1638921600,190.24,193.45,186.0,186.62,,2021-12-08 00:00:00+00:00
1638936000,186.61,190.94,186.53,189.62,,2021-12-08 04:00:00+00:00
1638950400,189.61,191.1,183.5,186.31,,2021-12-08 08:00:00+00:00
1638964800,186.35,196.27,184.8,192.49,,2021-12-08 12:00:00+00:00
1638979200,192.44,194.69,189.5,193.02,,2021-12-08 16:00:00+00:00
1638993600,193.03,194.63,191.05,194.61,,2021-12-08 20:00:00+00:00
1639008000,194.61,196.6,188.29,189.25,,2021-12-09 00:00:00+00:00
1639022400,189.22,192.08,188.52,190.85,,2021-12-09 04:00:00+00:00
1639036800,190.85,190.85,186.81,187.63,,2021-12-09 08:00:00+00:00
1639051200,187.62,189.5,182.23,184.9,,2021-12-09 12:00:00+00:00
1639065600,184.93,186.68,178.91,181.26,,2021-12-09 16:00:00+00:00
1639080000,181.27,184.05,178.64,181.11,,2021-12-09 20:00:00+00:00
1639094400,181.08,184.6,179.8,179.82,,2021-12-10 00:00:00+00:00
1639108800,179.88,180.33,175.18,176.16,,2021-12-10 04:00:00+00:00
1639123200,176.16,178.92,175.42,178.66,,2021-12-10 08:00:00+00:00
1639137600,178.67,183.61,172.51,173.65,,2021-12-10 12:00:00+00:00
1639152000,173.64,175.08,169.76,173.57,,2021-12-10 16:00:00+00:00
1639166400,173.58,175.72,167.0,167.39,,2021-12-10 20:00:00+00:00
1639180800,167.39,171.87,161.33,170.18,,2021-12-11 00:00:00+00:00
1639195200,170.21,172.46,167.5,169.23,,2021-12-11 04:00:00+00:00
1639209600,169.22,172.47,168.32,170.05,,2021-12-11 08:00:00+00:00
1639224000,170.09,171.18,167.7,170.99,,2021-12-11 12:00:00+00:00
1639238400,171.0,173.8,167.59,167.98,,2021-12-11 16:00:00+00:00
1639252800,167.99,172.42,167.71,172.15,,2021-12-11 20:00:00+00:00
1639267200,172.15,172.67,168.74,169.8,,2021-12-12 00:00:00+00:00
1639281600,169.77,170.92,168.0,170.24,,2021-12-12 04:00:00+00:00
1639296000,170.25,170.62,167.64,169.1,,2021-12-12 08:00:00+00:00
1639310400,169.14,172.0,168.71,170.41,,2021-12-12 12:00:00+00:00
1639324800,170.41,176.85,169.82,174.43,,2021-12-12 16:00:00+00:00
1639339200,174.43,175.4,172.73,172.8,,2021-12-12 20:00:00+00:00
1639353600,172.83,172.83,167.09,167.4,,2021-12-13 00:00:00+00:00
1639368000,167.38,167.97,163.49,164.09,,2021-12-13 04:00:00+00:00
1639382400,164.09,167.76,162.77,167.71,,2021-12-13 08:00:00+00:00
1639396800,167.71,168.79,155.35,158.19,,2021-12-13 12:00:00+00:00
1639411200,158.16,159.23,148.04,153.17,,2021-12-13 16:00:00+00:00
1639425600,153.15,159.32,149.18,155.21,,2021-12-13 20:00:00+00:00
1639440000,155.2,158.35,152.58,153.77,,2021-12-14 00:00:00+00:00
1639454400,153.76,155.23,149.6,154.77,,2021-12-14 04:00:00+00:00
1639468800,154.76,158.49,153.05,158.09,,2021-12-14 08:00:00+00:00
1639483200,158.14,161.72,156.68,157.7,,2021-12-14 12:00:00+00:00
1639497600,157.71,159.22,152.65,153.96,,2021-12-14 16:00:00+00:00
1639512000,153.97,163.35,153.91,161.26,,2021-12-14 20:00:00+00:00
1639526400,161.25,163.66,158.54,160.5,,2021-12-15 00:00:00+00:00
1639540800,160.5,166.66,159.55,166.29,,2021-12-15 04:00:00+00:00
1639555200,166.29,168.66,164.63,165.75,,2021-12-15 08:00:00+00:00
1639569600,165.76,166.88,157.25,157.7,,2021-12-15 12:00:00+00:00
1639584000,157.66,177.59,156.81,175.26,,2021-12-15 16:00:00+00:00
1639598400,175.25,182.64,174.16,178.52,,2021-12-15 20:00:00+00:00
1639612800,178.53,179.9,176.43,178.77,,2021-12-16 00:00:00+00:00
1639627200,178.8,180.58,174.37,178.31,,2021-12-16 04:00:00+00:00
1639641600,178.27,186.12,177.98,185.87,,2021-12-16 08:00:00+00:00
1639656000,185.88,189.0,182.57,187.01,,2021-12-16 12:00:00+00:00
1639670400,187.05,187.49,179.54,180.08,,2021-12-16 16:00:00+00:00
1639684800,180.11,185.0,176.01,176.86,,2021-12-16 20:00:00+00:00
1639699200,176.89,181.65,176.46,179.25,,2021-12-17 00:00:00+00:00
1639713600,179.2,182.5,175.31,177.75,,2021-12-17 04:00:00+00:00
1639728000,177.76,179.36,174.8,175.94,,2021-12-17 08:00:00+00:00
1639742400,175.93,177.71,167.88,176.59,,2021-12-17 12:00:00+00:00
1639756800,176.55,181.59,174.75,177.55,,2021-12-17 16:00:00+00:00
1639771200,177.56,178.57,172.78,175.51,,2021-12-17 20:00:00+00:00
1639785600,175.48,176.2,170.96,174.15,,2021-12-18 00:00:00+00:00
1639800000,174.11,176.86,173.08,176.03,,2021-12-18 04:00:00+00:00
1639814400,176.02,181.09,176.0,179.93,,2021-12-18 08:00:00+00:00
1639828800,179.94,183.51,179.06,181.41,,2021-12-18 12:00:00+00:00
1639843200,181.41,182.76,179.76,181.74,,2021-12-18 16:00:00+00:00
1639857600,181.75,184.24,180.57,182.78,,2021-12-18 20:00:00+00:00
1639872000,182.78,184.9,179.77,184.49,,2021-12-19 00:00:00+00:00
1639886400,184.5,189.43,184.2,187.16,,2021-12-19 04:00:00+00:00
1639900800,187.16,187.87,182.79,184.83,,2021-12-19 08:00:00+00:00
1639915200,184.83,188.53,182.78,184.07,,2021-12-19 12:00:00+00:00
1639929600,184.07,185.16,179.33,180.33,,2021-12-19 16:00:00+00:00
1639944000,180.34,183.84,177.99,179.93,,2021-12-19 20:00:00+00:00
1639958400,179.9,181.18,177.1,178.38,,2021-12-20 00:00:00+00:00
1639972800,178.34,180.06,175.0,175.35,,2021-12-20 04:00:00+00:00
1639987200,175.36,176.28,171.37,172.54,,2021-12-20 08:00:00+00:00
1640001600,172.55,174.14,168.49,170.0,,2021-12-20 12:00:00+00:00
1640016000,169.99,176.52,169.37,175.98,,2021-12-20 16:00:00+00:00
1640030400,175.98,178.19,172.71,173.9,,2021-12-20 20:00:00+00:00
1640044800,173.9,176.28,170.27,175.49,,2021-12-21 00:00:00+00:00
1640059200,175.48,181.15,175.48,178.95,,2021-12-21 04:00:00+00:00
1640073600,178.93,181.1,178.6,179.71,,2021-12-21 08:00:00+00:00
1640088000,179.75,182.54,176.62,177.41,,2021-12-21 12:00:00+00:00
1640102400,177.44,179.24,176.08,177.01,,2021-12-21 16:00:00+00:00
1640116800,177.05,181.44,176.92,179.63,,2021-12-21 20:00:00+00:00
1640131200,179.62,181.57,177.41,179.61,,2021-12-22 00:00:00+00:00
1640145600,179.67,187.31,179.06,186.28,,2021-12-22 04:00:00+00:00
1640160000,186.3,187.55,182.83,185.56,,2021-12-22 08:00:00+00:00
1640174400,185.56,186.27,181.24,185.05,,2021-12-22 12:00:00+00:00
1640188800,185.06,185.69,179.53,180.27,,2021-12-22 16:00:00+00:00
1640203200,180.23,181.76,177.05,178.4,,2021-12-22 20:00:00+00:00
1640217600,178.38,182.91,175.64,180.87,,2021-12-23 00:00:00+00:00
1640232000,180.89,181.66,177.01,177.88,,2021-12-23 04:00:00+00:00
1640246400,177.87,180.66,177.13,179.02,,2021-12-23 08:00:00+00:00
1640260800,179.02,181.14,177.48,180.94,,2021-12-23 12:00:00+00:00
1640275200,180.94,193.5,180.1,191.15,,2021-12-23 16:00:00+00:00
1640289600,191.11,193.0,188.67,190.03,,2021-12-23 20:00:00+00:00
1640304000,190.08,191.89,186.98,187.69,,2021-12-24 00:00:00+00:00
1640318400,187.68,189.12,186.3,188.79,,2021-12-24 04:00:00+00:00
1640332800,188.81,191.39,188.12,188.76,,2021-12-24 08:00:00+00:00
1640347200,188.76,195.63,184.14,195.45,,2021-12-24 12:00:00+00:00
1640361600,195.45,197.55,191.77,192.08,,2021-12-24 16:00:00+00:00
1640376000,192.09,194.88,188.18,190.36,,2021-12-24 20:00:00+00:00
1640390400,190.37,195.0,189.76,191.65,,2021-12-25 00:00:00+00:00
1640404800,191.64,194.85,191.38,193.08,,2021-12-25 04:00:00+00:00
1640419200,193.05,193.24,189.08,190.24,,2021-12-25 08:00:00+00:00
1640433600,190.24,192.85,190.12,192.14,,2021-12-25 12:00:00+00:00
1640448000,192.14,192.84,189.24,190.97,,2021-12-25 16:00:00+00:00
1640462400,190.95,194.48,189.96,193.1,,2021-12-25 20:00:00+00:00
1640476800,193.03,197.0,190.8,190.9,,2021-12-26 00:00:00+00:00
1640491200,190.83,193.8,190.22,192.76,,2021-12-26 04:00:00+00:00
1640505600,192.77,198.73,192.43,196.5,,2021-12-26 08:00:00+00:00
1640520000,196.49,200.0,195.15,198.19,,2021-12-26 12:00:00+00:00
1640534400,198.18,200.59,197.41,198.42,,2021-12-26 16:00:00+00:00
1640548800,198.4,199.64,196.01,197.81,,2021-12-26 20:00:00+00:00
1640563200,197.85,201.29,196.64,201.02,,2021-12-27 00:00:00+00:00
1640577600,201.02,201.88,198.39,198.59,,2021-12-27 04:00:00+00:00
1640592000,198.57,201.0,194.71,200.28,,2021-12-27 08:00:00+00:00
1640606400,200.27,203.5,198.9,201.57,,2021-12-27 12:00:00+00:00
1640620800,201.57,204.75,200.41,200.55,,2021-12-27 16:00:00+00:00
1640635200,200.53,201.26,195.25,195.67,,2021-12-27 20:00:00+00:00
1640649600,195.68,195.68,187.04,190.29,,2021-12-28 00:00:00+00:00
1640664000,190.24,193.25,185.83,189.99,,2021-12-28 04:00:00+00:00
1640678400,189.98,192.97,188.53,192.14,,2021-12-28 08:00:00+00:00
1640692800,192.14,192.93,185.0,185.58,,2021-12-28 12:00:00+00:00
1640707200,185.57,186.0,176.2,180.17,,2021-12-28 16:00:00+00:00
1640721600,180.18,183.99,176.94,177.32,,2021-12-28 20:00:00+00:00
1640736000,177.28,180.62,176.44,179.63,,2021-12-29 00:00:00+00:00
1640750400,179.63,180.02,175.32,176.46,,2021-12-29 04:00:00+00:00
1640764800,176.46,177.94,174.41,175.55,,2021-12-29 08:00:00+00:00
1640779200,175.53,176.7,170.71,176.41,,2021-12-29 12:00:00+00:00
1640793600,176.42,177.49,173.5,174.57,,2021-12-29 16:00:00+00:00
1640808000,174.56,176.83,170.01,170.63,,2021-12-29 20:00:00+00:00
1640822400,170.65,172.32,168.17,170.21,,2021-12-30 00:00:00+00:00
1640836800,170.18,174.85,169.78,173.7,,2021-12-30 04:00:00+00:00
1640851200,173.71,175.24,171.84,174.7,,2021-12-30 08:00:00+00:00
1640865600,174.7,175.74,173.18,173.86,,2021-12-30 12:00:00+00:00
1640880000,173.86,175.63,173.54,174.33,,2021-12-30 16:00:00+00:00
1640894400,174.32,174.96,171.0,172.52,,2021-12-30 20:00:00+00:00
1640908800,172.53,173.78,170.81,171.59,,2021-12-31 00:00:00+00:00
1640923200,171.59,172.76,170.0,172.56,,2021-12-31 04:00:00+00:00
1640937600,172.55,177.65,172.32,175.12,,2021-12-31 08:00:00+00:00
1640952000,175.11,176.2,174.78,175.68,,2021-12-31 12:00:00+00:00
1640966400,175.71,176.1,167.67,167.96,,2021-12-31 16:00:00+00:00
1640980800,167.96,171.97,167.68,169.99,,2021-12-31 20:00:00+00:00
1640995200,170.01,174.3,169.93,172.94,,2022-01-01 00:00:00+00:00
1641009600,172.97,174.36,171.24,173.11,,2022-01-01 04:00:00+00:00
1641024000,173.11,173.4,170.8,171.53,,2022-01-01 08:00:00+00:00
1641038400,171.56,174.24,171.45,173.84,,2022-01-01 12:00:00+00:00
1641052800,173.84,177.34,173.57,177.3,,2022-01-01 16:00:00+00:00
1641067200,177.3,179.2,176.09,179.06,,2022-01-01 20:00:00+00:00
1641081600,179.06,179.53,176.9,177.65,,2022-01-02 00:00:00+00:00
1641096000,177.66,178.05,175.08,175.86,,2022-01-02 04:00:00+00:00
1641110400,175.83,176.29,174.51,175.66,,2022-01-02 08:00:00+00:00
1641124800,175.66,176.87,174.94,176.23,,2022-01-02 12:00:00+00:00
1641139200,176.24,178.69,174.31,175.32,,2022-01-02 16:00:00+00:00
1641153600,175.31,177.1,174.7,176.35,,2022-01-02 20:00:00+00:00
1641168000,176.34,176.49,172.13,172.8,,2022-01-03 00:00:00+00:00
1641182400,172.78,173.86,172.0,173.11,,2022-01-03 04:00:00+00:00
1641196800,173.11,175.02,172.35,174.74,,2022-01-03 08:00:00+00:00
1641211200,174.76,175.8,170.85,170.95,,2022-01-03 12:00:00+00:00
1641225600,170.94,171.7,168.75,169.94,,2022-01-03 16:00:00+00:00
1641240000,169.93,171.15,166.59,170.15,,2022-01-03 20:00:00+00:00
1641254400,170.14,170.41,166.94,167.84,,2022-01-04 00:00:00+00:00
1641268800,167.82,169.21,166.47,169.04,,2022-01-04 04:00:00+00:00
1641283200,169.03,172.28,167.07,171.63,,2022-01-04 08:00:00+00:00
1641297600,171.63,173.93,170.53,172.21,,2022-01-04 12:00:00+00:00
1641312000,172.2,172.46,167.0,168.6,,2022-01-04 16:00:00+00:00
1641326400,168.6,169.52,167.53,167.72,,2022-01-04 20:00:00+00:00
1641340800,167.74,169.34,167.17,169.15,,2022-01-05 00:00:00+00:00
1641355200,169.16,170.5,168.09,169.86,,2022-01-05 04:00:00+00:00
1641369600,169.89,171.32,168.0,168.51,,2022-01-05 08:00:00+00:00
1641384000,168.51,169.26,167.51,168.27,,2022-01-05 12:00:00+00:00
1641398400,168.26,168.69,157.53,158.65,,2022-01-05 16:00:00+00:00
1641412800,158.69,159.8,144.92,154.52,,2022-01-05 20:00:00+00:00
1641427200,154.48,154.8,148.06,148.12,,2022-01-06 00:00:00+00:00
1641441600,148.14,150.98,147.06,150.73,,2022-01-06 04:00:00+00:00
1641456000,150.73,151.0,145.98,147.56,,2022-01-06 08:00:00+00:00
1641470400,147.54,151.06,146.32,149.66,,2022-01-06 12:00:00+00:00
1641484800,149.67,154.44,148.83,153.84,,2022-01-06 16:00:00+00:00
1641499200,153.87,153.95,150.0,150.26,,2022-01-06 20:00:00+00:00
1641513600,150.28,150.72,138.0,139.63,,2022-01-07 00:00:00+00:00
1641528000,139.63,141.21,134.6,138.99,,2022-01-07 04:00:00+00:00
1641542400,139.0,144.0,138.25,139.21,,2022-01-07 08:00:00+00:00
1641556800,139.2,142.83,133.08,135.97,,2022-01-07 12:00:00+00:00
1641571200,135.97,140.48,134.44,140.21,,2022-01-07 16:00:00+00:00
1641585600,140.21,140.96,135.94,136.45,,2022-01-07 20:00:00+00:00
1641600000,136.43,141.52,135.8,139.36,,2022-01-08 00:00:00+00:00
1641614400,139.4,144.66,139.32,144.4,,2022-01-08 04:00:00+00:00
1641628800,144.4,148.11,144.25,146.43,,2022-01-08 08:00:00+00:00
1641643200,146.44,146.82,142.25,144.25,,2022-01-08 12:00:00+00:00
1641657600,144.21,146.16,133.0,135.38,,2022-01-08 16:00:00+00:00
1641672000,135.36,146.94,134.58,142.14,,2022-01-08 20:00:00+00:00
1641686400,142.1,145.36,140.75,141.93,,2022-01-09 00:00:00+00:00
1641700800,141.92,143.72,140.07,140.37,,2022-01-09 04:00:00+00:00
1641715200,140.38,141.34,137.83,140.56,,2022-01-09 08:00:00+00:00
1641729600,140.59,140.9,137.97,140.11,,2022-01-09 12:00:00+00:00
1641744000,140.11,145.71,139.7,145.26,,2022-01-09 16:00:00+00:00
1641758400,145.3,145.67,140.0,140.82,,2022-01-09 20:00:00+00:00
1641772800,140.82,142.55,138.88,140.62,,2022-01-10 00:00:00+00:00
1641787200,140.62,143.86,140.3,143.05,,2022-01-10 04:00:00+00:00
1641801600,143.05,143.48,138.96,139.44,,2022-01-10 08:00:00+00:00
1641816000,139.45,139.76,130.0,133.16,,2022-01-10 12:00:00+00:00
1641830400,133.17,138.55,130.96,132.64,,2022-01-10 16:00:00+00:00
1641844800,132.65,136.1,131.87,135.86,,2022-01-10 20:00:00+00:00
1641859200,135.84,137.5,133.58,137.28,,2022-01-11 00:00:00+00:00
1641873600,137.28,137.89,135.03,137.25,,2022-01-11 04:00:00+00:00
1641888000,137.26,138.52,134.27,135.4,,2022-01-11 08:00:00+00:00
1641902400,135.4,138.03,135.0,137.08,,2022-01-11 12:00:00+00:00
1641916800,137.09,143.5,136.94,142.39,,2022-01-11 16:00:00+00:00
1641931200,142.41,143.17,139.68,140.2,,2022-01-11 20:00:00+00:00
1641945600,140.19,141.53,139.07,140.07,,2022-01-12 00:00:00+00:00
1641960000,140.06,140.88,138.22,138.95,,2022-01-12 04:00:00+00:00
1641974400,138.94,144.1,138.72,141.42,,2022-01-12 08:00:00+00:00
1641988800,141.4,148.5,141.23,147.7,,2022-01-12 12:00:00+00:00
1642003200,147.7,153.2,147.59,152.71,,2022-01-12 16:00:00+00:00
1642017600,152.71,153.39,151.3,151.51,,2022-01-12 20:00:00+00:00
1642032000,151.5,152.22,148.12,148.65,,2022-01-13 00:00:00+00:00
1642046400,148.66,151.69,148.62,151.41,,2022-01-13 04:00:00+00:00
1642060800,151.39,152.8,149.9,150.32,,2022-01-13 08:00:00+00:00
1642075200,150.33,157.8,150.25,154.95,,2022-01-13 12:00:00+00:00
1642089600,154.9,155.25,146.5,147.65,,2022-01-13 16:00:00+00:00
1642104000,147.63,149.89,145.41,146.14,,2022-01-13 20:00:00+00:00
1642118400,146.13,147.99,144.39,147.52,,2022-01-14 00:00:00+00:00
1642132800,147.52,150.56,146.71,147.71,,2022-01-14 04:00:00+00:00
1642147200,147.71,147.79,141.84,143.45,,2022-01-14 08:00:00+00:00
1642161600,143.45,148.4,142.02,147.34,,2022-01-14 12:00:00+00:00
1642176000,147.34,149.8,145.59,148.36,,2022-01-14 16:00:00+00:00
1642190400,148.34,149.0,145.39,146.17,,2022-01-14 20:00:00+00:00
1642204800,146.18,147.29,145.06,145.98,,2022-01-15 00:00:00+00:00
1642219200,145.98,146.29,144.59,145.51,,2022-01-15 04:00:00+00:00
1642233600,145.51,146.82,144.78,146.4,,2022-01-15 08:00:00+00:00
1642248000,146.39,148.62,143.9,147.99,,2022-01-15 12:00:00+00:00
1642262400,148.0,148.83,147.13,147.95,,2022-01-15 16:00:00+00:00
1642276800,147.94,149.49,147.36,147.64,,2022-01-15 20:00:00+00:00
1642291200,147.61,148.22,146.09,146.83,,2022-01-16 00:00:00+00:00
1642305600,146.82,150.05,146.37,149.67,,2022-01-16 04:00:00+00:00
1642320000,149.73,150.73,147.63,148.13,,2022-01-16 08:00:00+00:00
1642334400,148.11,151.96,147.08,149.94,,2022-01-16 12:00:00+00:00
1642348800,149.97,150.96,147.76,147.97,,2022-01-16 16:00:00+00:00
1642363200,147.97,148.65,146.3,147.98,,2022-01-16 20:00:00+00:00
1642377600,147.98,148.29,142.85,142.95,,2022-01-17 00:00:00+00:00
1642392000,142.97,143.93,141.66,143.23,,2022-01-17 04:00:00+00:00
1642406400,143.26,144.01,142.27,142.46,,2022-01-17 08:00:00+00:00
1642420800,142.46,143.8,141.01,142.15,,2022-01-17 12:00:00+00:00
1642435200,142.16,142.51,138.8,139.87,,2022-01-17 16:00:00+00:00
1642449600,139.86,140.29,137.02,139.8,,2022-01-17 20:00:00+00:00
1642464000,139.81,141.83,139.0,139.21,,2022-01-18 00:00:00+00:00
1642478400,139.22,140.9,138.11,140.23,,2022-01-18 04:00:00+00:00
1642492800,140.22,140.39,135.95,137.62,,2022-01-18 08:00:00+00:00
1642507200,137.61,138.24,134.39,136.67,,2022-01-18 12:00:00+00:00
1642521600,136.67,137.88,135.64,137.01,,2022-01-18 16:00:00+00:00
1642536000,137.06,142.77,136.2,141.22,,2022-01-18 20:00:00+00:00
1642550400,141.32,142.7,136.96,138.0,,2022-01-19 00:00:00+00:00
1642564800,137.98,139.12,134.06,134.44,,2022-01-19 04:00:00+00:00
1642579200,134.44,136.37,132.77,136.13,,2022-01-19 08:00:00+00:00
1642593600,136.15,138.61,135.46,136.94,,2022-01-19 12:00:00+00:00
1642608000,136.94,138.05,135.33,136.74,,2022-01-19 16:00:00+00:00
1642622400,136.71,137.5,134.71,135.25,,2022-01-19 20:00:00+00:00
1642636800,135.23,137.23,134.49,137.03,,2022-01-20 00:00:00+00:00
1642651200,137.06,137.86,136.2,137.42,,2022-01-20 04:00:00+00:00
1642665600,137.41,138.2,135.6,137.89,,2022-01-20 08:00:00+00:00
1642680000,137.9,143.5,136.96,143.18,,2022-01-20 12:00:00+00:00
1642694400,143.15,143.83,139.69,139.93,,2022-01-20 16:00:00+00:00
1642708800,139.92,140.23,126.01,127.54,,2022-01-20 20:00:00+00:00
1642723200,127.54,128.73,121.04,124.21,,2022-01-21 00:00:00+00:00
1642737600,124.2,126.82,123.81,126.54,,2022-01-21 04:00:00+00:00
1642752000,126.53,126.91,121.27,122.19,,2022-01-21 08:00:00+00:00
1642766400,122.19,122.78,115.55,121.91,,2022-01-21 12:00:00+00:00
1642780800,121.91,126.89,120.12,120.33,,2022-01-21 16:00:00+00:00
1642795200,120.32,122.02,106.11,112.27,,2022-01-21 20:00:00+00:00
1642809600,112.24,114.89,108.27,109.67,,2022-01-22 00:00:00+00:00
1642824000,109.67,110.42,98.26,100.39,,2022-01-22 04:00:00+00:00
1642838400,100.4,103.79,87.73,98.69,,2022-01-22 08:00:00+00:00
1642852800,98.69,103.3,92.88,93.05,,2022-01-22 12:00:00+00:00
1642867200,93.04,98.5,88.54,90.58,,2022-01-22 16:00:00+00:00
1642881600,90.57,97.48,89.7,94.54,,2022-01-22 20:00:00+00:00
1642896000,94.57,99.25,93.25,94.37,,2022-01-23 00:00:00+00:00
1642910400,94.36,101.6,93.47,101.19,,2022-01-23 04:00:00+00:00
1642924800,101.21,104.82,99.8,101.85,,2022-01-23 08:00:00+00:00
1642939200,101.85,103.19,96.12,98.86,,2022-01-23 12:00:00+00:00
1642953600,98.85,99.75,93.95,94.75,,2022-01-23 16:00:00+00:00
1642968000,94.73,101.85,94.19,99.78,,2022-01-23 20:00:00+00:00
1642982400,99.74,99.83,91.25,92.1,,2022-01-24 00:00:00+00:00
1642996800,92.09,92.83,86.06,86.75,,2022-01-24 04:00:00+00:00
1643011200,86.77,89.57,81.71,83.94,,2022-01-24 08:00:00+00:00
1643025600,83.95,88.0,80.83,87.47,,2022-01-24 12:00:00+00:00
1643040000,87.48,91.54,83.47,89.61,,2022-01-24 16:00:00+00:00
1643054400,89.61,96.31,89.51,91.93,,2022-01-24 20:00:00+00:00
1643068800,91.94,92.03,87.88,90.07,,2022-01-25 00:00:00+00:00
1643083200,90.1,90.74,87.41,90.0,,2022-01-25 04:00:00+00:00
1643097600,89.98,94.52,89.91,91.59,,2022-01-25 08:00:00+00:00
1643112000,91.6,94.9,90.38,92.95,,2022-01-25 12:00:00+00:00
1643126400,92.95,99.95,92.66,96.13,,2022-01-25 16:00:00+00:00
1643140800,96.13,96.3,91.94,94.67,,2022-01-25 20:00:00+00:00
1643155200,94.65,95.4,91.37,94.73,,2022-01-26 00:00:00+00:00
1643169600,94.71,97.0,93.63,94.45,,2022-01-26 04:00:00+00:00
1643184000,94.44,98.23,94.39,98.05,,2022-01-26 08:00:00+00:00
1643198400,98.05,103.0,96.02,98.79,,2022-01-26 12:00:00+00:00
1643212800,98.79,104.43,96.38,98.21,,2022-01-26 16:00:00+00:00
1643227200,98.21,98.21,89.19,92.12,,2022-01-26 20:00:00+00:00
1643241600,92.11,93.65,85.71,86.75,,2022-01-27 00:00:00+00:00
1643256000,86.73,90.78,86.33,88.78,,2022-01-27 04:00:00+00:00
1643270400,88.8,91.35,88.21,91.18,,2022-01-27 08:00:00+00:00
1643284800,91.19,94.6,90.75,92.32,,2022-01-27 12:00:00+00:00
1643299200,92.3,93.46,89.11,89.87,,2022-01-27 16:00:00+00:00
1643313600,89.88,90.69,85.71,89.51,,2022-01-27 20:00:00+00:00
1643328000,89.51,92.96,88.67,92.42,,2022-01-28 00:00:00+00:00
1643342400,92.45,93.55,89.56,89.69,,2022-01-28 04:00:00+00:00
1643356800,89.68,90.99,87.58,88.65,,2022-01-28 08:00:00+00:00
1643371200,88.64,91.48,87.21,91.16,,2022-01-28 12:00:00+00:00
1643385600,91.15,93.13,90.05,91.58,,2022-01-28 16:00:00+00:00
1643400000,91.61,93.48,90.21,91.34,,2022-01-28 20:00:00+00:00
1643414400,91.35,94.0,90.5,92.11,,2022-01-29 00:00:00+00:00
1643428800,92.13,97.3,91.99,97.2,,2022-01-29 04:00:00+00:00
1643443200,97.21,97.7,95.24,96.31,,2022-01-29 08:00:00+00:00
1643457600,96.3,98.93,93.83,95.08,,2022-01-29 12:00:00+00:00
1643472000,95.05,95.79,93.29,95.24,,2022-01-29 16:00:00+00:00
1643486400,95.25,97.0,94.51,96.13,,2022-01-29 20:00:00+00:00
1643500800,96.15,96.34,93.46,94.45,,2022-01-30 00:00:00+00:00
1643515200,94.47,97.6,94.36,96.71,,2022-01-30 04:00:00+00:00
1643529600,96.73,97.11,95.03,96.37,,2022-01-30 08:00:00+00:00
1643544000,96.37,96.54,93.88,95.15,,2022-01-30 12:00:00+00:00
1643558400,95.16,95.92,91.71,92.04,,2022-01-30 16:00:00+00:00
1643572800,92.03,94.27,91.38,93.29,,2022-01-30 20:00:00+00:00
1643587200,93.26,93.62,89.25,90.72,,2022-01-31 00:00:00+00:00
1643601600,90.73,90.75,89.18,90.25,,2022-01-31 04:00:00+00:00
1643616000,90.26,91.77,89.95,91.37,,2022-01-31 08:00:00+00:00
1643630400,91.36,96.0,90.32,95.41,,2022-01-31 12:00:00+00:00
1643644800,95.42,98.8,94.95,98.39,,2022-01-31 16:00:00+00:00
1643659200,98.4,101.4,95.31,99.49,,2022-01-31 20:00:00+00:00
1643673600,99.5,108.0,99.02,106.92,,2022-02-01 00:00:00+00:00
1643688000,106.92,107.54,104.52,105.42,,2022-02-01 04:00:00+00:00
1643702400,105.41,109.0,103.8,106.35,,2022-02-01 08:00:00+00:00
1643716800,106.35,110.93,106.04,108.71,,2022-02-01 12:00:00+00:00
1643731200,108.7,113.66,107.77,107.89,,2022-02-01 16:00:00+00:00
1643745600,107.87,112.2,107.79,110.02,,2022-02-01 20:00:00+00:00
1643760000,109.99,112.35,108.15,110.63,,2022-02-02 00:00:00+00:00
1643774400,110.62,110.73,107.54,108.5,,2022-02-02 04:00:00+00:00
1643788800,108.52,110.65,108.26,109.98,,2022-02-02 08:00:00+00:00
1643803200,110.01,112.3,105.12,105.92,,2022-02-02 12:00:00+00:00
1643817600,105.95,111.97,103.6,110.03,,2022-02-02 16:00:00+00:00
1643832000,110.02,110.13,96.99,101.88,,2022-02-02 20:00:00+00:00
1643846400,101.91,103.13,96.7,97.4,,2022-02-03 00:00:00+00:00
1643860800,97.38,99.55,97.15,99.36,,2022-02-03 04:00:00+00:00
1643875200,99.4,100.01,94.0,97.43,,2022-02-03 08:00:00+00:00
1643889600,97.43,99.5,94.08,98.26,,2022-02-03 12:00:00+00:00
1643904000,98.25,99.21,95.83,96.81,,2022-02-03 16:00:00+00:00
1643918400,96.8,102.23,95.85,101.77,,2022-02-03 20:00:00+00:00
1643932800,101.83,103.84,100.28,102.39,,2022-02-04 00:00:00+00:00
1643947200,102.39,106.91,101.61,104.92,,2022-02-04 04:00:00+00:00
1643961600,104.9,107.0,104.44,104.8,,2022-02-04 08:00:00+00:00
1643976000,104.8,109.83,101.69,107.19,,2022-02-04 12:00:00+00:00
1643990400,107.19,111.38,106.94,110.65,,2022-02-04 16:00:00+00:00
1644004800,110.64,112.81,109.31,112.62,,2022-02-04 20:00:00+00:00
1644019200,112.63,114.25,110.22,114.01,,2022-02-05 00:00:00+00:00
1644033600,114.02,118.6,113.53,115.56,,2022-02-05 04:00:00+00:00
1644048000,115.56,116.93,114.49,114.95,,2022-02-05 08:00:00+00:00
1644062400,114.95,117.19,114.17,116.03,,2022-02-05 12:00:00+00:00
1644076800,116.01,116.42,110.76,113.5,,2022-02-05 16:00:00+00:00
1644091200,113.49,115.77,112.87,113.75,,2022-02-05 20:00:00+00:00
1644105600,113.74,115.8,113.67,114.4,,2022-02-06 00:00:00+00:00
1644120000,114.41,114.94,112.08,114.32,,2022-02-06 04:00:00+00:00
1644134400,114.31,116.06,113.56,114.41,,2022-02-06 08:00:00+00:00
1644148800,114.41,115.93,111.09,113.07,,2022-02-06 12:00:00+00:00
1644163200,113.06,114.56,112.03,112.88,,2022-02-06 16:00:00+00:00
1644177600,112.88,115.5,112.05,115.28,,2022-02-06 20:00:00+00:00
1644192000,115.26,119.65,112.69,119.2,,2022-02-07 00:00:00+00:00
1644206400,119.21,120.0,116.93,117.27,,2022-02-07 04:00:00+00:00
1644220800,117.29,117.9,115.2,117.53,,2022-02-07 08:00:00+00:00
1644235200,117.5,121.72,116.61,121.3,,2022-02-07 12:00:00+00:00
1644249600,121.31,121.93,119.26,120.03,,2022-02-07 16:00:00+00:00
1644264000,120.04,121.0,116.58,117.55,,2022-02-07 20:00:00+00:00
1644278400,117.57,119.0,115.51,117.47,,2022-02-08 00:00:00+00:00
1644292800,117.48,120.36,116.85,117.73,,2022-02-08 04:00:00+00:00
1644307200,117.7,117.9,112.02,114.36,,2022-02-08 08:00:00+00:00
1644321600,114.32,114.32,110.04,112.03,,2022-02-08 12:00:00+00:00
1644336000,112.07,112.73,110.31,110.82,,2022-02-08 16:00:00+00:00
1644350400,110.84,114.79,109.66,113.45,,2022-02-08 20:00:00+00:00
1644364800,113.44,115.1,110.86,111.23,,2022-02-09 00:00:00+00:00
1644379200,111.23,111.93,109.4,111.5,,2022-02-09 04:00:00+00:00
1644393600,111.5,113.73,110.43,113.27,,2022-02-09 08:00:00+00:00
1644408000,113.27,117.08,112.82,113.18,,2022-02-09 12:00:00+00:00
1644422400,113.18,115.68,112.5,115.06,,2022-02-09 16:00:00+00:00
1644436800,115.07,116.43,113.65,113.93,,2022-02-09 20:00:00+00:00
1644451200,113.96,114.08,110.6,111.01,,2022-02-10 00:00:00+00:00
1644465600,111.02,112.54,110.8,112.4,,2022-02-10 04:00:00+00:00
1644480000,112.39,115.38,112.06,113.77,,2022-02-10 08:00:00+00:00
1644494400,113.78,114.2,105.7,111.96,,2022-02-10 12:00:00+00:00
1644508800,111.94,113.0,108.12,108.92,,2022-02-10 16:00:00+00:00
1644523200,108.93,109.48,105.68,106.17,,2022-02-10 20:00:00+00:00
1644537600,106.18,106.61,103.61,104.67,,2022-02-11 00:00:00+00:00
1644552000,104.66,105.83,103.23,105.71,,2022-02-11 04:00:00+00:00
1644566400,105.72,106.49,104.45,105.56,,2022-02-11 08:00:00+00:00
1644580800,105.55,108.14,105.02,106.84,,2022-02-11 12:00:00+00:00
1644595200,106.82,107.1,99.19,99.74,,2022-02-11 16:00:00+00:00
1644609600,99.72,100.1,95.14,96.53,,2022-02-11 20:00:00+00:00
1644624000,96.53,98.49,95.39,96.92,,2022-02-12 00:00:00+00:00
1644638400,96.93,97.65,92.8,93.77,,2022-02-12 04:00:00+00:00
1644652800,93.77,96.22,93.7,96.09,,2022-02-12 08:00:00+00:00
1644667200,96.1,96.2,93.54,95.0,,2022-02-12 12:00:00+00:00
1644681600,94.99,99.79,94.67,97.17,,2022-02-12 16:00:00+00:00
1644696000,97.14,98.31,94.36,95.96,,2022-02-12 20:00:00+00:00
1644710400,95.98,97.36,95.11,95.95,,2022-02-13 00:00:00+00:00
1644724800,95.98,96.72,95.22,96.34,,2022-02-13 04:00:00+00:00
1644739200,96.33,97.04,95.44,96.19,,2022-02-13 08:00:00+00:00
1644753600,96.19,96.94,95.37,95.62,,2022-02-13 12:00:00+00:00
1644768000,95.64,95.68,91.35,92.25,,2022-02-13 16:00:00+00:00
1644782400,92.26,94.12,91.93,92.85,,2022-02-13 20:00:00+00:00
1644796800,92.85,93.75,90.72,93.55,,2022-02-14 00:00:00+00:00
1644811200,93.56,94.91,92.7,94.8,,2022-02-14 04:00:00+00:00
1644825600,94.8,94.93,91.86,93.15,,2022-02-14 08:00:00+00:00
1644840000,93.15,97.9,92.34,96.59,,2022-02-14 12:00:00+00:00
1644854400,96.59,97.99,93.31,94.32,,2022-02-14 16:00:00+00:00
1644868800,94.32,97.2,93.61,96.37,,2022-02-14 20:00:00+00:00
1644883200,96.39,102.49,96.38,101.32,,2022-02-15 00:00:00+00:00
1644897600,101.32,102.3,100.33,102.0,,2022-02-15 04:00:00+00:00
1644912000,102.0,103.71,101.29,102.4,,2022-02-15 08:00:00+00:00
1644926400,102.4,103.3,100.74,102.76,,2022-02-15 12:00:00+00:00
1644940800,102.77,103.25,100.84,101.6,,2022-02-15 16:00:00+00:00
1644955200,101.59,105.77,100.96,105.52,,2022-02-15 20:00:00+00:00
1644969600,105.52,105.6,102.44,102.8,,2022-02-16 00:00:00+00:00
1644984000,102.8,104.44,100.77,104.25,,2022-02-16 04:00:00+00:00
1644998400,104.26,104.41,101.45,102.51,,2022-02-16 08:00:00+00:00
1645012800,102.49,102.75,98.3,99.09,,2022-02-16 12:00:00+00:00
1645027200,99.1,103.7,98.27,103.25,,2022-02-16 16:00:00+00:00
1645041600,103.26,103.55,101.56,101.86,,2022-02-16 20:00:00+00:00
1645056000,101.85,102.82,99.13,99.19,,2022-02-17 00:00:00+00:00
1645070400,99.17,100.96,98.0,100.93,,2022-02-17 04:00:00+00:00
1645084800,100.93,101.1,97.31,99.09,,2022-02-17 08:00:00+00:00
1645099200,99.09,99.7,96.59,97.33,,2022-02-17 12:00:00+00:00
1645113600,97.33,97.8,93.0,94.92,,2022-02-17 16:00:00+00:00
1645128000,94.92,94.92,92.33,93.52,,2022-02-17 20:00:00+00:00
1645142400,93.55,95.52,92.75,94.38,,2022-02-18 00:00:00+00:00
1645156800,94.38,95.5,93.81,95.18,,2022-02-18 04:00:00+00:00
1645171200,95.17,96.37,93.62,93.9,,2022-02-18 08:00:00+00:00
1645185600,93.93,94.82,90.13,90.96,,2022-02-18 12:00:00+00:00
1645200000,90.95,92.03,89.31,91.03,,2022-02-18 16:00:00+00:00
1645214400,91.03,91.41,89.36,89.86,,2022-02-18 20:00:00+00:00
1645228800,89.86,92.21,89.78,91.21,,2022-02-19 00:00:00+00:00
1645243200,91.21,92.75,91.03,92.13,,2022-02-19 04:00:00+00:00
1645257600,92.13,92.35,88.6,89.48,,2022-02-19 08:00:00+00:00
1645272000,89.5,91.12,88.68,90.99,,2022-02-19 12:00:00+00:00
1645286400,90.99,92.18,89.68,89.9,,2022-02-19 16:00:00+00:00
1645300800,89.85,91.75,89.51,91.27,,2022-02-19 20:00:00+00:00
1645315200,91.27,91.41,87.78,88.41,,2022-02-20 00:00:00+00:00
1645329600,88.41,88.68,85.56,87.39,,2022-02-20 04:00:00+00:00
1645344000,87.37,90.16,85.73,89.18,,2022-02-20 08:00:00+00:00
1645358400,89.2,90.94,87.43,89.43,,2022-02-20 12:00:00+00:00
1645372800,89.42,93.45,89.23,92.02,,2022-02-20 16:00:00+00:00
1645387200,92.02,94.5,90.26,90.72,,2022-02-20 20:00:00+00:00
1645401600,90.7,95.26,90.46,93.83,,2022-02-21 00:00:00+00:00
1645416000,93.83,95.79,93.77,95.43,,2022-02-21 04:00:00+00:00
1645430400,95.43,96.14,88.16,89.15,,2022-02-21 08:00:00+00:00
1645444800,89.16,92.18,86.86,89.62,,2022-02-21 12:00:00+00:00
1645459200,89.6,90.3,86.26,87.49,,2022-02-21 16:00:00+00:00
1645473600,87.49,88.27,82.62,82.96,,2022-02-21 20:00:00+00:00
1645488000,82.95,84.6,81.06,81.64,,2022-02-22 00:00:00+00:00
1645502400,81.65,83.83,81.39,82.12,,2022-02-22 04:00:00+00:00
1645516800,82.11,86.0,81.87,85.2,,2022-02-22 08:00:00+00:00
1645531200,85.19,87.56,84.18,85.85,,2022-02-22 12:00:00+00:00
1645545600,85.85,86.54,83.81,86.28,,2022-02-22 16:00:00+00:00
1645560000,86.3,87.13,84.77,86.38,,2022-02-22 20:00:00+00:00
1645574400,86.39,88.78,86.08,87.24,,2022-02-23 00:00:00+00:00
1645588800,87.24,89.98,86.96,89.14,,2022-02-23 04:00:00+00:00
1645603200,89.17,93.36,88.73,92.04,,2022-02-23 08:00:00+00:00
1645617600,92.06,93.4,89.08,89.72,,2022-02-23 12:00:00+00:00
1645632000,89.73,92.15,87.56,88.11,,2022-02-23 16:00:00+00:00
1645646400,88.11,88.43,84.38,84.59,,2022-02-23 20:00:00+00:00
1645660800,84.58,85.81,76.1,77.52,,2022-02-24 00:00:00+00:00
1645675200,77.55,84.26,75.35,82.19,,2022-02-24 04:00:00+00:00
1645689600,82.18,84.6,79.32,81.37,,2022-02-24 08:00:00+00:00
1645704000,81.36,86.2,79.46,84.92,,2022-02-24 12:00:00+00:00
1645718400,84.95,91.37,83.35,90.81,,2022-02-24 16:00:00+00:00
1645732800,90.81,93.9,86.73,89.36,,2022-02-24 20:00:00+00:00
1645747200,89.35,90.82,87.57,89.65,,2022-02-25 00:00:00+00:00
1645761600,89.64,89.88,86.86,88.74,,2022-02-25 04:00:00+00:00
1645776000,88.74,89.46,86.93,89.2,,2022-02-25 08:00:00+00:00
1645790400,89.22,92.2,87.85,91.06,,2022-02-25 12:00:00+00:00
1645804800,91.06,92.0,88.81,89.55,,2022-02-25 16:00:00+00:00
1645819200,89.55,95.0,89.0,92.71,,2022-02-25 20:00:00+00:00
1645833600,92.73,95.49,92.14,92.79,,2022-02-26 00:00:00+00:00
1645848000,92.77,93.65,90.4,92.02,,2022-02-26 04:00:00+00:00
1645862400,92.05,92.99,90.08,90.66,,2022-02-26 08:00:00+00:00
1645876800,90.67,92.14,90.14,91.26,,2022-02-26 12:00:00+00:00
1645891200,91.28,91.66,89.23,90.78,,2022-02-26 16:00:00+00:00
1645905600,90.78,92.59,89.54,90.23,,2022-02-26 20:00:00+00:00
1645920000,90.25,90.69,86.0,87.01,,2022-02-27 00:00:00+00:00
1645934400,87.01,89.22,86.59,88.83,,2022-02-27 04:00:00+00:00
1645948800,88.83,90.97,88.07,90.79,,2022-02-27 08:00:00+00:00
1645963200,90.78,92.19,88.31,91.2,,2022-02-27 12:00:00+00:00
1645977600,91.21,91.28,84.48,84.87,,2022-02-27 16:00:00+00:00
1645992000,84.85,86.58,84.08,85.63,,2022-02-27 20:00:00+00:00
1646006400,85.61,88.05,84.17,86.68,,2022-02-28 00:00:00+00:00
1646020800,86.69,88.7,84.71,88.12,,2022-02-28 04:00:00+00:00
1646035200,88.13,91.15,88.1,90.76,,2022-02-28 08:00:00+00:00
1646049600,90.75,96.83,88.85,95.59,,2022-02-28 12:00:00+00:00
1646064000,95.58,97.1,94.21,96.22,,2022-02-28 16:00:00+00:00
1646078400,96.2,103.0,95.89,99.68,,2022-02-28 20:00:00+00:00
1646092800,99.67,101.09,95.97,97.31,,2022-03-01 00:00:00+00:00
1646107200,97.31,97.96,95.05,96.94,,2022-03-01 04:00:00+00:00
1646121600,96.96,98.54,94.21,97.8,,2022-03-01 08:00:00+00:00
1646136000,97.8,102.03,96.67,97.87,,2022-03-01 12:00:00+00:00
1646150400,97.87,99.12,96.02,97.71,,2022-03-01 16:00:00+00:00
1646164800,97.71,99.38,96.78,98.66,,2022-03-01 20:00:00+00:00
1646179200,98.65,105.19,96.76,104.24,,2022-03-02 00:00:00+00:00
1646193600,104.25,105.34,101.19,102.37,,2022-03-02 04:00:00+00:00
1646208000,102.39,106.43,101.2,104.58,,2022-03-02 08:00:00+00:00
1646222400,104.57,105.24,100.17,101.6,,2022-03-02 12:00:00+00:00
1646236800,101.61,103.36,99.8,100.99,,2022-03-02 16:00:00+00:00
1646251200,100.98,102.08,99.88,100.68,,2022-03-02 20:00:00+00:00
1646265600,100.69,101.7,97.73,98.39,,2022-03-03 00:00:00+00:00
1646280000,98.34,100.75,97.83,99.79,,2022-03-03 04:00:00+00:00
1646294400,99.78,101.2,98.74,99.71,,2022-03-03 08:00:00+00:00
1646308800,99.7,101.0,95.02,95.95,,2022-03-03 12:00:00+00:00
1646323200,95.94,96.26,94.0,94.96,,2022-03-03 16:00:00+00:00
1646337600,94.95,96.44,94.05,95.62,,2022-03-03 20:00:00+00:00
1646352000,95.63,95.94,90.5,91.56,,2022-03-04 00:00:00+00:00
1646366400,91.53,92.28,90.86,91.99,,2022-03-04 04:00:00+00:00
1646380800,91.99,93.9,90.52,93.16,,2022-03-04 08:00:00+00:00
1646395200,93.16,93.8,90.66,91.32,,2022-03-04 12:00:00+00:00
1646409600,91.32,92.87,88.36,88.7,,2022-03-04 16:00:00+00:00
1646424000,88.71,89.4,87.0,88.32,,2022-03-04 20:00:00+00:00
1646438400,88.33,88.41,86.0,87.71,,2022-03-05 00:00:00+00:00
1646452800,87.71,89.22,86.83,88.85,,2022-03-05 04:00:00+00:00
1646467200,88.85,89.13,87.8,88.72,,2022-03-05 08:00:00+00:00
1646481600,88.72,89.82,87.81,89.13,,2022-03-05 12:00:00+00:00
1646496000,89.13,91.22,89.12,90.14,,2022-03-05 16:00:00+00:00
1646510400,90.14,90.5,89.06,89.63,,2022-03-05 20:00:00+00:00
1646524800,89.61,89.96,87.46,87.69,,2022-03-06 00:00:00+00:00
1646539200,87.69,88.9,86.63,88.33,,2022-03-06 04:00:00+00:00
1646553600,88.32,88.42,85.68,87.02,,2022-03-06 08:00:00+00:00
1646568000,87.02,88.25,86.47,87.25,,2022-03-06 12:00:00+00:00
1646582400,87.26,88.26,84.82,85.38,,2022-03-06 16:00:00+00:00
1646596800,85.4,86.62,84.09,84.57,,2022-03-06 20:00:00+00:00
1646611200,84.58,84.79,81.12,82.26,,2022-03-07 00:00:00+00:00
1646625600,82.27,83.38,81.17,81.82,,2022-03-07 04:00:00+00:00
1646640000,81.83,83.32,81.25,83.13,,2022-03-07 08:00:00+00:00
1646654400,83.12,86.71,83.12,85.06,,2022-03-07 12:00:00+00:00
1646668800,85.04,86.04,80.0,80.34,,2022-03-07 16:00:00+00:00
1646683200,80.34,82.97,79.92,81.66,,2022-03-07 20:00:00+00:00
1646697600,81.65,84.62,81.3,83.48,,2022-03-08 00:00:00+00:00
1646712000,83.48,84.18,82.5,83.03,,2022-03-08 04:00:00+00:00
1646726400,83.03,84.95,82.64,83.92,,2022-03-08 08:00:00+00:00
1646740800,83.92,84.58,81.37,82.77,,2022-03-08 12:00:00+00:00
1646755200,82.78,85.04,81.34,82.9,,2022-03-08 16:00:00+00:00
1646769600,82.9,83.19,81.36,82.32,,2022-03-08 20:00:00+00:00
1646784000,82.32,88.5,81.9,88.13,,2022-03-09 00:00:00+00:00
1646798400,88.13,89.66,86.96,89.26,,2022-03-09 04:00:00+00:00
1646812800,89.26,89.92,87.86,88.19,,2022-03-09 08:00:00+00:00
1646827200,88.19,89.3,86.54,88.91,,2022-03-09 12:00:00+00:00
1646841600,88.91,89.44,86.04,86.95,,2022-03-09 16:00:00+00:00
1646856000,86.96,88.83,86.05,88.06,,2022-03-09 20:00:00+00:00
1646870400,88.06,88.57,85.28,85.31,,2022-03-10 00:00:00+00:00
1646884800,85.31,85.52,81.94,82.68,,2022-03-10 04:00:00+00:00
1646899200,82.68,83.17,81.86,82.08,,2022-03-10 08:00:00+00:00
1646913600,82.08,84.04,80.63,81.94,,2022-03-10 12:00:00+00:00
1646928000,81.92,82.85,81.68,82.44,,2022-03-10 16:00:00+00:00
1646942400,82.44,84.0,82.0,82.87,,2022-03-10 20:00:00+00:00
1646956800,82.86,83.17,80.75,81.92,,2022-03-11 00:00:00+00:00
1646971200,81.92,82.66,80.22,82.26,,2022-03-11 04:00:00+00:00
1646985600,82.26,83.89,81.21,83.28,,2022-03-11 08:00:00+00:00
1647000000,83.27,84.29,81.33,81.75,,2022-03-11 12:00:00+00:00
1647014400,81.77,81.8,80.38,80.59,,2022-03-11 16:00:00+00:00
1647028800,80.59,81.6,80.07,80.67,,2022-03-11 20:00:00+00:00
1647043200,80.67,82.75,80.57,81.8,,2022-03-12 00:00:00+00:00
1647057600,81.8,82.47,81.31,81.69,,2022-03-12 04:00:00+00:00
1647072000,81.7,81.74,80.58,81.08,,2022-03-12 08:00:00+00:00
1647086400,81.08,82.34,80.91,81.68,,2022-03-12 12:00:00+00:00
1647100800,81.67,82.4,81.53,81.66,,2022-03-12 16:00:00+00:00
1647115200,81.67,82.19,81.24,81.38,,2022-03-12 20:00:00+00:00
1647129600,81.4,82.58,81.01,82.56,,2022-03-13 00:00:00+00:00
1647144000,82.59,83.34,81.67,81.74,,2022-03-13 04:00:00+00:00
1647158400,81.75,81.81,80.8,81.05,,2022-03-13 08:00:00+00:00
1647172800,81.04,81.68,80.0,81.2,,2022-03-13 12:00:00+00:00
1647187200,81.2,81.47,80.32,80.48,,2022-03-13 16:00:00+00:00
1647201600,80.48,80.48,77.65,78.73,,2022-03-13 20:00:00+00:00
1647216000,78.72,79.95,78.0,79.5,,2022-03-14 00:00:00+00:00
1647230400,79.51,81.7,79.49,80.9,,2022-03-14 04:00:00+00:00
1647244800,80.9,82.29,80.81,80.9,,2022-03-14 08:00:00+00:00
1647259200,80.9,81.46,80.13,80.97,,2022-03-14 12:00:00+00:00
1647273600,80.96,81.02,78.51,79.95,,2022-03-14 16:00:00+00:00
1647288000,79.96,81.45,79.13,81.22,,2022-03-14 20:00:00+00:00
1647302400,81.23,81.55,79.3,79.66,,2022-03-15 00:00:00+00:00
1647316800,79.64,80.4,78.72,79.32,,2022-03-15 04:00:00+00:00
1647331200,79.34,80.5,78.99,80.1,,2022-03-15 08:00:00+00:00
1647345600,80.11,81.25,79.63,81.05,,2022-03-15 12:00:00+00:00
1647360000,81.05,85.99,80.71,84.58,,2022-03-15 16:00:00+00:00
1647374400,84.58,85.2,82.74,82.84,,2022-03-15 20:00:00+00:00
1647388800,82.84,86.38,82.15,82.38,,2022-03-16 00:00:00+00:00
1647403200,82.37,82.94,81.53,82.82,,2022-03-16 04:00:00+00:00
1647417600,82.83,84.6,82.72,84.24,,2022-03-16 08:00:00+00:00
1647432000,84.25,84.94,82.74,83.94,,2022-03-16 12:00:00+00:00
1647446400,83.96,86.05,82.17,85.81,,2022-03-16 16:00:00+00:00
1647460800,85.82,87.98,85.56,87.77,,2022-03-16 20:00:00+00:00
1647475200,87.77,89.2,86.93,87.99,,2022-03-17 00:00:00+00:00
1647489600,87.97,88.97,86.73,87.23,,2022-03-17 04:00:00+00:00
1647504000,87.22,87.8,86.58,87.67,,2022-03-17 08:00:00+00:00
1647518400,87.67,90.72,87.53,89.35,,2022-03-17 12:00:00+00:00
1647532800,89.36,90.81,88.64,90.81,,2022-03-17 16:00:00+00:00
1647547200,90.8,91.0,87.64,87.8,,2022-03-17 20:00:00+00:00
1647561600,87.8,88.1,85.61,85.91,,2022-03-18 00:00:00+00:00
1647576000,85.9,87.13,85.55,85.76,,2022-03-18 04:00:00+00:00
1647590400,85.77,86.6,84.41,84.96,,2022-03-18 08:00:00+00:00
1647604800,84.97,88.29,84.64,88.28,,2022-03-18 12:00:00+00:00
1647619200,88.28,92.28,88.2,91.12,,2022-03-18 16:00:00+00:00
1647633600,91.12,91.72,88.85,89.8,,2022-03-18 20:00:00+00:00
1647648000,89.81,92.35,89.33,90.25,,2022-03-19 00:00:00+00:00
1647662400,90.25,90.83,89.25,89.35,,2022-03-19 04:00:00+00:00
1647676800,89.35,90.99,89.25,90.73,,2022-03-19 08:00:00+00:00
1647691200,90.73,94.25,90.4,94.05,,2022-03-19 12:00:00+00:00
1647705600,94.04,94.55,92.32,92.65,,2022-03-19 16:00:00+00:00
1647720000,92.64,93.43,91.14,92.31,,2022-03-19 20:00:00+00:00
1647734400,92.31,92.55,90.34,90.78,,2022-03-20 00:00:00+00:00
1647748800,90.78,91.57,90.32,91.0,,2022-03-20 04:00:00+00:00
1647763200,91.01,91.64,89.58,89.93,,2022-03-20 08:00:00+00:00
1647777600,89.93,90.64,88.94,89.15,,2022-03-20 12:00:00+00:00
1647792000,89.14,89.89,87.82,89.52,,2022-03-20 16:00:00+00:00
1647806400,89.52,90.33,88.29,88.62,,2022-03-20 20:00:00+00:00
1647820800,88.62,89.18,86.74,87.7,,2022-03-21 00:00:00+00:00
1647835200,87.72,89.74,87.57,89.66,,2022-03-21 04:00:00+00:00
1647849600,89.65,91.14,89.39,89.83,,2022-03-21 08:00:00+00:00
1647864000,89.83,91.28,88.57,89.61,,2022-03-21 12:00:00+00:00
1647878400,89.58,89.68,87.45,88.75,,2022-03-21 16:00:00+00:00
1647892800,88.76,89.23,88.21,88.59,,2022-03-21 20:00:00+00:00
1647907200,88.58,91.75,88.0,90.99,,2022-03-22 00:00:00+00:00
1647921600,90.99,92.41,89.5,90.25,,2022-03-22 04:00:00+00:00
1647936000,90.26,92.2,90.03,92.0,,2022-03-22 08:00:00+00:00
1647950400,92.0,93.98,91.0,92.56,,2022-03-22 12:00:00+00:00
1647964800,92.57,93.59,91.37,91.39,,2022-03-22 16:00:00+00:00
1647979200,91.39,92.44,90.25,90.43,,2022-03-22 20:00:00+00:00
1647993600,90.44,91.29,89.19,90.11,,2022-03-23 00:00:00+00:00
1648008000,90.1,91.79,89.65,91.13,,2022-03-23 04:00:00+00:00
1648022400,91.13,91.79,90.62,91.33,,2022-03-23 08:00:00+00:00
1648036800,91.33,96.36,90.92,95.67,,2022-03-23 12:00:00+00:00
1648051200,95.68,96.13,92.56,92.79,,2022-03-23 16:00:00+00:00
1648065600,92.81,95.25,92.65,94.89,,2022-03-23 20:00:00+00:00
1648080000,94.88,96.0,93.26,94.66,,2022-03-24 00:00:00+00:00
1648094400,94.65,97.6,94.61,97.11,,2022-03-24 04:00:00+00:00
1648108800,97.11,101.85,96.66,100.05,,2022-03-24 08:00:00+00:00
1648123200,100.05,102.19,98.21,101.62,,2022-03-24 12:00:00+00:00
1648137600,101.62,103.7,100.61,102.88,,2022-03-24 16:00:00+00:00
1648152000,102.89,103.49,101.47,102.32,,2022-03-24 20:00:00+00:00
1648166400,102.32,104.75,100.82,103.51,,2022-03-25 00:00:00+00:00
1648180800,103.5,104.86,102.63,102.88,,2022-03-25 04:00:00+00:00
1648195200,102.87,104.46,101.46,104.25,,2022-03-25 08:00:00+00:00
1648209600,104.25,104.49,99.61,100.23,,2022-03-25 12:00:00+00:00
1648224000,100.24,100.85,96.95,98.47,,2022-03-25 16:00:00+00:00
1648238400,98.48,99.24,97.8,98.6,,2022-03-25 20:00:00+00:00
1648252800,98.6,99.25,97.63,98.92,,2022-03-26 00:00:00+00:00
1648267200,98.92,101.49,98.57,101.24,,2022-03-26 04:00:00+00:00
1648281600,101.23,101.48,99.96,100.39,,2022-03-26 08:00:00+00:00
1648296000,100.39,101.95,99.72,101.2,,2022-03-26 12:00:00+00:00
1648310400,101.2,103.3,101.09,102.69,,2022-03-26 16:00:00+00:00
1648324800,102.69,103.4,101.22,101.73,,2022-03-26 20:00:00+00:00
1648339200,101.73,103.03,101.35,101.82,,2022-03-27 00:00:00+00:00
1648353600,101.82,102.44,101.08,102.21,,2022-03-27 04:00:00+00:00
1648368000,102.22,102.45,100.22,100.46,,2022-03-27 08:00:00+00:00
1648382400,100.47,101.58,98.77,101.46,,2022-03-27 12:00:00+00:00
1648396800,101.45,103.44,100.93,103.23,,2022-03-27 16:00:00+00:00
1648411200,103.23,107.46,101.81,107.04,,2022-03-27 20:00:00+00:00
1648425600,107.04,107.71,105.22,106.84,,2022-03-28 00:00:00+00:00
1648440000,106.84,111.93,105.89,108.91,,2022-03-28 04:00:00+00:00
1648454400,108.92,111.66,107.66,110.06,,2022-03-28 08:00:00+00:00
1648468800,110.07,113.87,109.23,109.89,,2022-03-28 12:00:00+00:00
1648483200,109.89,112.98,108.88,111.38,,2022-03-28 16:00:00+00:00
1648497600,111.38,113.04,105.4,105.75,,2022-03-28 20:00:00+00:00
1648512000,105.75,110.47,105.49,109.17,,2022-03-29 00:00:00+00:00
1648526400,109.16,111.75,108.56,109.92,,2022-03-29 04:00:00+00:00
1648540800,109.88,113.66,109.84,113.38,,2022-03-29 08:00:00+00:00
1648555200,113.37,115.7,111.21,111.62,,2022-03-29 12:00:00+00:00
1648569600,111.62,114.13,108.84,113.91,,2022-03-29 16:00:00+00:00
1648584000,113.92,113.98,109.23,111.62,,2022-03-29 20:00:00+00:00
1648598400,111.62,111.62,107.11,110.75,,2022-03-30 00:00:00+00:00
1648612800,110.75,112.89,109.57,112.33,,2022-03-30 04:00:00+00:00
1648627200,112.32,112.93,110.72,112.18,,2022-03-30 08:00:00+00:00
1648641600,112.19,125.26,111.52,122.63,,2022-03-30 12:00:00+00:00
1648656000,122.62,125.05,119.6,121.16,,2022-03-30 16:00:00+00:00
1648670400,121.16,121.48,119.1,120.82,,2022-03-30 20:00:00+00:00
1648684800,120.82,123.95,119.95,121.25,,2022-03-31 00:00:00+00:00
1648699200,121.26,123.59,120.39,123.28,,2022-03-31 04:00:00+00:00
1648713600,123.28,127.98,122.41,127.24,,2022-03-31 08:00:00+00:00
1648728000,127.24,129.5,121.24,125.3,,2022-03-31 12:00:00+00:00
1648742400,125.28,127.48,121.72,122.96,,2022-03-31 16:00:00+00:00
1648756800,122.96,125.6,122.21,122.77,,2022-03-31 20:00:00+00:00
1648771200,122.79,124.94,117.39,121.95,,2022-04-01 00:00:00+00:00
1648785600,121.95,126.46,119.82,126.45,,2022-04-01 04:00:00+00:00
1648800000,126.45,127.2,123.99,124.37,,2022-04-01 08:00:00+00:00
1648814400,124.34,133.71,122.1,132.75,,2022-04-01 12:00:00+00:00
1648828800,132.73,137.59,132.12,137.44,,2022-04-01 16:00:00+00:00
1648843200,137.42,138.4,133.42,134.52,,2022-04-01 20:00:00+00:00
1648857600,134.53,137.28,133.05,134.78,,2022-04-02 00:00:00+00:00
1648872000,134.8,136.32,134.13,135.81,,2022-04-02 04:00:00+00:00
1648886400,135.81,138.43,135.04,137.66,,2022-04-02 08:00:00+00:00
1648900800,137.67,143.51,136.12,137.96,,2022-04-02 12:00:00+00:00
1648915200,137.96,140.55,134.36,135.87,,2022-04-02 16:00:00+00:00
1648929600,135.87,137.51,131.47,132.49,,2022-04-02 20:00:00+00:00
1648944000,132.48,136.19,130.52,135.45,,2022-04-03 00:00:00+00:00
1648958400,135.46,138.95,135.46,137.56,,2022-04-03 04:00:00+00:00
1648972800,137.59,141.11,136.28,139.1,,2022-04-03 08:00:00+00:00
1648987200,139.1,140.02,135.51,136.05,,2022-04-03 12:00:00+00:00
1649001600,136.05,136.98,134.09,135.29,,2022-04-03 16:00:00+00:00
1649016000,135.3,139.45,135.05,136.9,,2022-04-03 20:00:00+00:00
1649030400,136.9,137.39,134.07,135.31,,2022-04-04 00:00:00+00:00
1649044800,135.31,138.29,134.86,136.93,,2022-04-04 04:00:00+00:00
1649059200,136.94,137.88,133.14,134.76,,2022-04-04 08:00:00+00:00
1649073600,134.76,135.48,128.26,129.32,,2022-04-04 12:00:00+00:00
1649088000,129.32,131.54,125.82,130.11,,2022-04-04 16:00:00+00:00
1649102400,130.11,133.09,129.04,132.14,,2022-04-04 20:00:00+00:00
1649116800,132.14,133.97,129.73,133.36,,2022-04-05 00:00:00+00:00
1649131200,133.38,134.22,131.39,133.34,,2022-04-05 04:00:00+00:00
1649145600,133.35,134.86,131.46,134.51,,2022-04-05 08:00:00+00:00
1649160000,134.51,136.63,129.24,131.51,,2022-04-05 12:00:00+00:00
1649174400,131.5,133.61,129.17,131.19,,2022-04-05 16:00:00+00:00
1649188800,131.19,131.5,126.07,126.87,,2022-04-05 20:00:00+00:00
1649203200,126.88,126.97,120.12,123.69,,2022-04-06 00:00:00+00:00
1649217600,123.7,127.4,123.0,125.51,,2022-04-06 04:00:00+00:00
1649232000,125.52,125.85,119.25,121.63,,2022-04-06 08:00:00+00:00
1649246400,121.62,123.2,114.71,117.63,,2022-04-06 12:00:00+00:00
1649260800,117.63,120.0,114.5,118.8,,2022-04-06 16:00:00+00:00
1649275200,118.78,119.6,112.1,112.95,,2022-04-06 20:00:00+00:00
1649289600,112.94,114.94,110.88,113.78,,2022-04-07 00:00:00+00:00
1649304000,113.78,116.48,113.05,116.03,,2022-04-07 04:00:00+00:00
1649318400,116.02,117.7,113.78,117.46,,2022-04-07 08:00:00+00:00
1649332800,117.46,118.62,111.74,113.23,,2022-04-07 12:00:00+00:00
1649347200,113.23,118.6,112.71,117.71,,2022-04-07 16:00:00+00:00
1649361600,117.7,120.0,116.76,118.48,,2022-04-07 20:00:00+00:00
1649376000,118.47,122.42,118.01,122.08,,2022-04-08 00:00:00+00:00
1649390400,122.1,122.36,116.68,119.11,,2022-04-08 04:00:00+00:00
1649404800,119.13,120.24,114.86,115.28,,2022-04-08 08:00:00+00:00
1649419200,115.28,118.57,112.89,116.48,,2022-04-08 12:00:00+00:00
1649433600,116.48,116.87,112.72,113.57,,2022-04-08 16:00:00+00:00
1649448000,113.56,114.0,108.1,109.92,,2022-04-08 20:00:00+00:00
1649462400,109.92,111.81,108.28,109.43,,2022-04-09 00:00:00+00:00
1649476800,109.46,111.17,109.01,110.63,,2022-04-09 04:00:00+00:00
1649491200,110.62,111.17,108.96,110.5,,2022-04-09 08:00:00+00:00
1649505600,110.51,111.8,109.33,109.59,,2022-04-09 12:00:00+00:00
1649520000,109.6,111.58,109.28,109.78,,2022-04-09 16:00:00+00:00
1649534400,109.78,113.69,109.55,112.96,,2022-04-09 20:00:00+00:00
1649548800,112.97,113.97,110.98,113.4,,2022-04-10 00:00:00+00:00
1649563200,113.38,113.63,111.4,111.59,,2022-04-10 04:00:00+00:00
1649577600,111.58,112.21,109.71,111.05,,2022-04-10 08:00:00+00:00
1649592000,111.06,112.6,110.49,112.38,,2022-04-10 12:00:00+00:00
1649606400,112.39,116.09,111.89,114.54,,2022-04-10 16:00:00+00:00
1649620800,114.54,115.34,110.52,111.07,,2022-04-10 20:00:00+00:00
1649635200,111.06,111.94,108.33,109.96,,2022-04-11 00:00:00+00:00
1649649600,109.97,111.34,109.53,111.1,,2022-04-11 04:00:00+00:00
1649664000,111.1,111.86,103.36,103.93,,2022-04-11 08:00:00+00:00
1649678400,103.93,104.79,101.21,101.44,,2022-04-11 12:00:00+00:00
1649692800,101.43,103.86,100.42,101.37,,2022-04-11 16:00:00+00:00
1649707200,101.37,102.62,98.1,99.67,,2022-04-11 20:00:00+00:00
1649721600,99.64,101.1,98.31,99.72,,2022-04-12 00:00:00+00:00
1649736000,99.7,103.3,99.26,103.05,,2022-04-12 04:00:00+00:00
1649750400,103.04,105.7,102.23,105.55,,2022-04-12 08:00:00+00:00
1649764800,105.54,109.36,104.81,106.0,,2022-04-12 12:00:00+00:00
1649779200,105.99,107.04,100.32,101.0,,2022-04-12 16:00:00+00:00
1649793600,101.0,103.65,100.78,103.22,,2022-04-12 20:00:00+00:00
1649808000,103.21,105.11,101.87,103.68,,2022-04-13 00:00:00+00:00
1649822400,103.67,104.84,102.93,103.94,,2022-04-13 04:00:00+00:00
1649836800,103.95,104.29,101.0,101.05,,2022-04-13 08:00:00+00:00
1649851200,101.05,106.04,100.09,105.15,,2022-04-13 12:00:00+00:00
1649865600,105.13,105.99,103.64,103.95,,2022-04-13 16:00:00+00:00
1649880000,103.92,105.47,103.66,104.94,,2022-04-13 20:00:00+00:00
1649894400,104.92,107.34,104.53,105.62,,2022-04-14 00:00:00+00:00
1649908800,105.63,107.72,105.56,106.41,,2022-04-14 04:00:00+00:00
1649923200,106.4,107.28,103.23,103.67,,2022-04-14 08:00:00+00:00
1649937600,103.66,105.78,101.13,101.34,,2022-04-14 12:00:00+00:00
1649952000,101.36,101.98,98.77,99.57,,2022-04-14 16:00:00+00:00
1649966400,99.57,101.29,99.09,100.77,,2022-04-14 20:00:00+00:00
1649980800,100.77,102.11,99.55,102.07,,2022-04-15 00:00:00+00:00
1649995200,102.06,102.49,100.53,101.79,,2022-04-15 04:00:00+00:00
1650009600,101.81,102.1,100.86,101.72,,2022-04-15 08:00:00+00:00
1650024000,101.72,102.91,99.85,102.31,,2022-04-15 12:00:00+00:00
1650038400,102.32,102.81,100.2,100.39,,2022-04-15 16:00:00+00:00
1650052800,100.38,101.42,100.33,101.31,,2022-04-15 20:00:00+00:00
1650067200,101.38,102.07,100.9,101.07,,2022-04-16 00:00:00+00:00
1650081600,101.06,101.91,101.0,101.48,,2022-04-16 04:00:00+00:00
1650096000,101.47,102.78,101.1,101.89,,2022-04-16 08:00:00+00:00
1650110400,101.89,103.5,100.71,100.98,,2022-04-16 12:00:00+00:00
1650124800,100.96,102.7,100.76,101.99,,2022-04-16 16:00:00+00:00
1650139200,101.98,102.9,101.73,102.06,,2022-04-16 20:00:00+00:00
1650153600,102.06,102.36,101.01,101.51,,2022-04-17 00:00:00+00:00
1650168000,101.5,102.25,101.34,101.89,,2022-04-17 04:00:00+00:00
1650182400,101.89,102.5,101.81,102.44,,2022-04-17 08:00:00+00:00
1650196800,102.45,105.28,102.33,105.11,,2022-04-17 12:00:00+00:00
1650211200,105.1,105.44,102.76,104.07,,2022-04-17 16:00:00+00:00
1650225600,104.06,104.26,99.62,100.15,,2022-04-17 20:00:00+00:00
1650240000,100.15,101.74,99.87,101.18,,2022-04-18 00:00:00+00:00
1650254400,101.19,101.32,95.03,96.43,,2022-04-18 04:00:00+00:00
1650268800,96.43,97.28,94.62,96.79,,2022-04-18 08:00:00+00:00
1650283200,96.78,99.19,96.78,98.66,,2022-04-18 12:00:00+00:00
1650297600,98.66,102.41,97.1,101.18,,2022-04-18 16:00:00+00:00
1650312000,101.18,102.65,100.99,102.33,,2022-04-18 20:00:00+00:00
1650326400,102.37,103.79,101.2,101.42,,2022-04-19 00:00:00+00:00
1650340800,101.43,102.59,101.02,101.85,,2022-04-19 04:00:00+00:00
1650355200,101.85,103.56,101.24,102.34,,2022-04-19 08:00:00+00:00
1650369600,102.34,108.58,102.28,106.46,,2022-04-19 12:00:00+00:00
1650384000,106.46,107.19,105.28,106.92,,2022-04-19 16:00:00+00:00
1650398400,106.93,109.0,105.8,108.51,,2022-04-19 20:00:00+00:00
1650412800,108.51,109.5,107.05,108.29,,2022-04-20 00:00:00+00:00
1650427200,108.28,108.6,106.67,107.01,,2022-04-20 04:00:00+00:00
1650441600,107.01,110.9,106.61,110.42,,2022-04-20 08:00:00+00:00
1650456000,110.43,110.74,104.75,105.72,,2022-04-20 12:00:00+00:00
1650470400,105.72,106.67,104.25,106.04,,2022-04-20 16:00:00+00:00
1650484800,106.04,107.59,105.0,105.59,,2022-04-20 20:00:00+00:00
1650499200,105.58,107.17,105.39,107.06,,2022-04-21 00:00:00+00:00
1650513600,107.06,107.63,105.31,106.85,,2022-04-21 04:00:00+00:00
1650528000,106.85,109.07,105.75,108.38,,2022-04-21 08:00:00+00:00
1650542400,108.39,110.0,107.66,107.75,,2022-04-21 12:00:00+00:00
1650556800,107.74,107.75,104.18,104.29,,2022-04-21 16:00:00+00:00
1650571200,104.29,104.34,99.86,101.78,,2022-04-21 20:00:00+00:00
1650585600,101.78,103.15,101.4,102.55,,2022-04-22 00:00:00+00:00
1650600000,102.56,103.55,101.33,102.62,,2022-04-22 04:00:00+00:00
1650614400,102.63,102.98,100.11,102.2,,2022-04-22 08:00:00+00:00
1650628800,102.2,102.78,99.38,99.69,,2022-04-22 12:00:00+00:00
1650643200,99.69,101.98,99.19,100.91,,2022-04-22 16:00:00+00:00
1650657600,100.91,101.74,100.0,100.55,,2022-04-22 20:00:00+00:00
1650672000,100.55,101.04,99.32,99.86,,2022-04-23 00:00:00+00:00
1650686400,99.86,101.27,98.31,101.21,,2022-04-23 04:00:00+00:00
1650700800,101.21,102.05,100.68,101.54,,2022-04-23 08:00:00+00:00
1650715200,101.55,102.55,100.82,102.14,,2022-04-23 12:00:00+00:00
1650729600,102.16,102.9,101.44,102.07,,2022-04-23 16:00:00+00:00
1650744000,102.08,102.49,100.13,100.63,,2022-04-23 20:00:00+00:00
1650758400,100.63,101.62,100.26,101.3,,2022-04-24 00:00:00+00:00
1650772800,101.29,102.01,101.18,101.81,,2022-04-24 04:00:00+00:00
1650787200,101.8,102.31,100.82,101.13,,2022-04-24 08:00:00+00:00
1650801600,101.13,101.54,99.88,100.11,,2022-04-24 12:00:00+00:00
1650816000,100.11,101.25,98.55,100.48,,2022-04-24 16:00:00+00:00
1650830400,100.49,100.69,98.99,99.23,,2022-04-24 20:00:00+00:00
1650844800,99.22,99.42,96.18,98.05,,2022-04-25 00:00:00+00:00
1650859200,98.05,98.3,94.32,95.13,,2022-04-25 04:00:00+00:00
1650873600,95.12,96.94,94.49,96.75,,2022-04-25 08:00:00+00:00
1650888000,96.75,98.25,95.86,96.95,,2022-04-25 12:00:00+00:00
1650902400,96.95,100.78,96.8,100.69,,2022-04-25 16:00:00+00:00
1650916800,100.67,101.59,99.8,100.99,,2022-04-25 20:00:00+00:00
1650931200,100.98,101.98,100.23,101.0,,2022-04-26 00:00:00+00:00
1650945600,101.01,101.53,99.92,100.88,,2022-04-26 04:00:00+00:00
1650960000,100.89,101.62,99.77,100.51,,2022-04-26 08:00:00+00:00
1650974400,100.51,101.09,96.37,96.53,,2022-04-26 12:00:00+00:00
1650988800,96.53,97.77,95.63,96.58,,2022-04-26 16:00:00+00:00
1651003200,96.56,97.5,94.61,95.7,,2022-04-26 20:00:00+00:00
1651017600,95.7,97.2,94.89,96.8,,2022-04-27 00:00:00+00:00
1651032000,96.79,99.54,96.61,99.52,,2022-04-27 04:00:00+00:00
1651046400,99.55,100.11,98.01,99.22,,2022-04-27 08:00:00+00:00
1651060800,99.22,100.79,96.84,98.15,,2022-04-27 12:00:00+00:00
1651075200,98.17,98.99,96.82,97.42,,2022-04-27 16:00:00+00:00
1651089600,97.42,98.89,97.21,98.36,,2022-04-27 20:00:00+00:00
1651104000,98.35,99.98,97.98,99.14,,2022-04-28 00:00:00+00:00
1651118400,99.14,100.0,98.45,99.48,,2022-04-28 04:00:00+00:00
1651132800,99.48,100.55,98.97,99.84,,2022-04-28 08:00:00+00:00
1651147200,99.84,100.07,96.33,97.51,,2022-04-28 12:00:00+00:00
1651161600,97.48,100.2,96.88,98.76,,2022-04-28 16:00:00+00:00
1651176000,98.77,99.11,97.3,98.24,,2022-04-28 20:00:00+00:00
1651190400,98.23,98.68,96.96,97.23,,2022-04-29 00:00:00+00:00
1651204800,97.24,98.05,96.75,97.81,,2022-04-29 04:00:00+00:00
1651219200,97.81,98.02,95.1,95.61,,2022-04-29 08:00:00+00:00
1651233600,95.6,97.05,95.22,96.16,,2022-04-29 12:00:00+00:00
1651248000,96.16,96.36,92.35,92.93,,2022-04-29 16:00:00+00:00
1651262400,92.93,94.5,92.62,93.96,,2022-04-29 20:00:00+00:00
1651276800,93.96,94.95,93.71,94.09,,2022-04-30 00:00:00+00:00
1651291200,94.1,94.95,93.7,94.03,,2022-04-30 04:00:00+00:00
1651305600,94.03,94.53,93.56,93.88,,2022-04-30 08:00:00+00:00
1651320000,93.88,94.2,91.46,92.25,,2022-04-30 12:00:00+00:00
1651334400,92.24,92.58,90.3,91.58,,2022-04-30 16:00:00+00:00
1651348800,91.58,91.58,81.91,84.63,,2022-04-30 20:00:00+00:00
1651363200,84.63,88.43,84.15,88.03,,2022-05-01 00:00:00+00:00
1651377600,88.04,89.85,87.08,88.89,,2022-05-01 04:00:00+00:00
1651392000,88.9,89.92,87.76,88.24,,2022-05-01 08:00:00+00:00
1651406400,88.22,90.37,87.03,90.03,,2022-05-01 12:00:00+00:00
1651420800,90.04,93.12,87.07,88.02,,2022-05-01 16:00:00+00:00
1651435200,88.01,90.48,87.74,89.68,,2022-05-01 20:00:00+00:00
1651449600,89.67,90.89,88.67,89.34,,2022-05-02 00:00:00+00:00
1651464000,89.34,90.77,89.05,89.79,,2022-05-02 04:00:00+00:00
1651478400,89.79,90.0,86.29,86.78,,2022-05-02 08:00:00+00:00
1651492800,86.77,88.94,86.25,87.72,,2022-05-02 12:00:00+00:00
1651507200,87.74,87.96,85.1,87.26,,2022-05-02 16:00:00+00:00
1651521600,87.29,88.49,86.32,87.5,,2022-05-02 20:00:00+00:00
1651536000,87.49,88.66,86.72,88.65,,2022-05-03 00:00:00+00:00
1651550400,88.65,88.81,87.85,88.35,,2022-05-03 04:00:00+00:00
1651564800,88.35,88.74,87.23,88.48,,2022-05-03 08:00:00+00:00
1651579200,88.49,88.58,86.74,87.22,,2022-05-03 12:00:00+00:00
1651593600,87.22,87.44,84.82,85.45,,2022-05-03 16:00:00+00:00
1651608000,85.46,86.59,84.66,85.86,,2022-05-03 20:00:00+00:00
1651622400,85.86,86.78,85.47,86.14,,2022-05-04 00:00:00+00:00
1651636800,86.14,87.53,85.51,87.34,,2022-05-04 04:00:00+00:00
1651651200,87.33,88.75,87.06,88.45,,2022-05-04 08:00:00+00:00
1651665600,88.46,88.75,86.31,87.19,,2022-05-04 12:00:00+00:00
1651680000,87.19,92.18,86.5,91.64,,2022-05-04 16:00:00+00:00
1651694400,91.64,93.06,91.38,92.77,,2022-05-04 20:00:00+00:00
1651708800,92.77,95.25,92.67,94.32,,2022-05-05 00:00:00+00:00
1651723200,94.32,94.57,92.81,93.19,,2022-05-05 04:00:00+00:00
1651737600,93.19,93.39,92.08,92.31,,2022-05-05 08:00:00+00:00
1651752000,92.32,92.99,84.23,84.95,,2022-05-05 12:00:00+00:00
1651766400,84.95,86.27,81.32,83.76,,2022-05-05 16:00:00+00:00
1651780800,83.76,85.38,83.05,84.52,,2022-05-05 20:00:00+00:00
1651795200,84.52,84.84,82.56,82.84,,2022-05-06 00:00:00+00:00
1651809600,82.84,83.51,81.0,82.41,,2022-05-06 04:00:00+00:00
1651824000,82.42,83.65,80.4,81.23,,2022-05-06 08:00:00+00:00
1651838400,81.24,83.2,79.98,81.79,,2022-05-06 12:00:00+00:00
1651852800,81.79,82.47,81.02,81.97,,2022-05-06 16:00:00+00:00
1651867200,81.97,82.4,81.33,81.68,,2022-05-06 20:00:00+00:00
1651881600,81.67,81.99,80.38,80.5,,2022-05-07 00:00:00+00:00
1651896000,80.5,80.97,79.12,80.46,,2022-05-07 04:00:00+00:00
1651910400,80.46,82.03,80.24,81.79,,2022-05-07 08:00:00+00:00
1651924800,81.79,82.33,80.9,82.08,,2022-05-07 12:00:00+00:00
1651939200,82.09,82.22,81.2,81.44,,2022-05-07 16:00:00+00:00
1651953600,81.44,81.44,77.03,78.86,,2022-05-07 20:00:00+00:00
1651968000,78.86,79.41,75.93,76.94,,2022-05-08 00:00:00+00:00
1651982400,76.94,78.6,76.93,77.84,,2022-05-08 04:00:00+00:00
1651996800,77.84,79.36,77.79,79.09,,2022-05-08 08:00:00+00:00
1652011200,79.1,79.34,76.75,77.14,,2022-05-08 12:00:00+00:00
1652025600,77.14,78.1,73.69,76.36,,2022-05-08 16:00:00+00:00
1652040000,76.36,76.55,74.67,75.38,,2022-05-08 20:00:00+00:00
1652054400,75.39,77.21,73.75,75.24,,2022-05-09 00:00:00+00:00
1652068800,75.25,76.06,73.32,73.94,,2022-05-09 04:00:00+00:00
1652083200,73.93,75.25,70.68,72.23,,2022-05-09 08:00:00+00:00
1652097600,72.24,73.13,69.22,69.84,,2022-05-09 12:00:00+00:00
1652112000,69.84,70.36,62.88,65.09,,2022-05-09 16:00:00+00:00
1652126400,65.14,68.43,61.7,62.16,,2022-05-09 20:00:00+00:00
1652140800,62.16,66.65,60.13,64.46,,2022-05-10 00:00:00+00:00
1652155200,64.46,73.0,64.09,68.91,,2022-05-10 04:00:00+00:00
1652169600,68.91,72.1,68.44,71.56,,2022-05-10 08:00:00+00:00
1652184000,71.56,74.03,67.27,69.46,,2022-05-10 12:00:00+00:00
1652198400,69.46,71.1,67.17,67.52,,2022-05-10 16:00:00+00:00
1652212800,67.51,67.72,63.23,66.9,,2022-05-10 20:00:00+00:00
1652227200,66.9,68.31,65.01,66.2,,2022-05-11 00:00:00+00:00
1652241600,66.19,68.44,60.67,62.62,,2022-05-11 04:00:00+00:00
1652256000,62.6,66.41,61.01,61.39,,2022-05-11 08:00:00+00:00
1652270400,61.39,63.93,48.0,55.53,,2022-05-11 12:00:00+00:00
1652284800,55.52,56.75,47.0,47.9,,2022-05-11 16:00:00+00:00
1652299200,47.89,51.01,43.17,50.9,,2022-05-11 20:00:00+00:00
1652313600,50.9,54.29,45.07,45.18,,2022-05-12 00:00:00+00:00
1652328000,45.17,46.76,37.37,44.7,,2022-05-12 04:00:00+00:00
1652342400,44.7,47.95,41.44,43.95,,2022-05-12 08:00:00+00:00
1652356800,43.94,49.33,42.68,44.67,,2022-05-12 12:00:00+00:00
1652371200,44.66,48.07,43.32,44.63,,2022-05-12 16:00:00+00:00
1652385600,44.65,45.67,41.5,44.64,,2022-05-12 20:00:00+00:00
1652400000,44.64,52.11,43.83,50.43,,2022-05-13 00:00:00+00:00
1652414400,50.43,53.92,48.88,49.07,,2022-05-13 04:00:00+00:00
1652428800,49.08,53.28,49.06,53.18,,2022-05-13 08:00:00+00:00
1652443200,53.19,56.99,51.91,53.08,,2022-05-13 12:00:00+00:00
1652457600,53.09,54.25,49.7,51.49,,2022-05-13 16:00:00+00:00
1652472000,51.51,51.91,48.24,48.92,,2022-05-13 20:00:00+00:00
1652486400,48.93,53.91,48.56,51.73,,2022-05-14 00:00:00+00:00
1652500800,51.72,53.37,50.55,50.74,,2022-05-14 04:00:00+00:00
1652515200,50.75,51.57,47.34,48.04,,2022-05-14 08:00:00+00:00
1652529600,48.05,49.18,46.14,46.47,,2022-05-14 12:00:00+00:00
1652544000,46.47,50.74,45.81,49.37,,2022-05-14 16:00:00+00:00
1652558400,49.37,52.98,49.32,52.43,,2022-05-14 20:00:00+00:00
1652572800,52.43,52.83,49.63,50.2,,2022-05-15 00:00:00+00:00
1652587200,50.19,52.6,49.86,51.46,,2022-05-15 04:00:00+00:00
1652601600,51.46,53.68,50.81,53.45,,2022-05-15 08:00:00+00:00
1652616000,53.45,54.77,52.21,52.88,,2022-05-15 12:00:00+00:00
1652630400,52.88,55.65,52.69,55.27,,2022-05-15 16:00:00+00:00
1652644800,55.27,59.31,55.01,58.83,,2022-05-15 20:00:00+00:00
1652659200,58.83,58.83,55.31,56.09,,2022-05-16 00:00:00+00:00
1652673600,56.1,56.43,53.18,53.79,,2022-05-16 04:00:00+00:00
1652688000,53.79,55.24,52.58,53.82,,2022-05-16 08:00:00+00:00
1652702400,53.83,55.5,51.89,53.29,,2022-05-16 12:00:00+00:00
1652716800,53.29,55.48,52.22,54.0,,2022-05-16 16:00:00+00:00
1652731200,54.01,55.8,53.2,53.79,,2022-05-16 20:00:00+00:00
1652745600,53.8,56.13,53.7,55.77,,2022-05-17 00:00:00+00:00
1652760000,55.76,57.67,55.09,55.78,,2022-05-17 04:00:00+00:00
1652774400,55.78,57.1,55.42,55.67,,2022-05-17 08:00:00+00:00
1652788800,55.66,58.22,54.33,55.17,,2022-05-17 12:00:00+00:00
1652803200,55.17,56.08,53.04,55.19,,2022-05-17 16:00:00+00:00
1652817600,55.18,57.62,55.0,57.02,,2022-05-17 20:00:00+00:00
1652832000,57.01,57.85,54.88,55.09,,2022-05-18 00:00:00+00:00
1652846400,55.08,56.25,54.78,55.42,,2022-05-18 04:00:00+00:00
1652860800,55.42,55.55,53.78,54.2,,2022-05-18 08:00:00+00:00
1652875200,54.2,54.31,49.68,50.4,,2022-05-18 12:00:00+00:00
1652889600,50.4,51.99,49.83,51.72,,2022-05-18 16:00:00+00:00
1652904000,51.73,51.76,49.38,49.93,,2022-05-18 20:00:00+00:00
1652918400,49.93,50.97,48.2,50.63,,2022-05-19 00:00:00+00:00
1652932800,50.63,52.26,50.16,51.08,,2022-05-19 04:00:00+00:00
1652947200,51.07,51.56,48.25,51.22,,2022-05-19 08:00:00+00:00
1652961600,51.22,54.09,50.3,53.22,,2022-05-19 12:00:00+00:00
1652976000,53.22,53.58,51.58,51.6,,2022-05-19 16:00:00+00:00
1652990400,51.6,52.65,50.71,52.2,,2022-05-19 20:00:00+00:00
1653004800,52.2,53.54,51.43,51.5,,2022-05-20 00:00:00+00:00
1653019200,51.49,52.36,50.6,52.08,,2022-05-20 04:00:00+00:00
1653033600,52.08,53.62,51.81,53.16,,2022-05-20 08:00:00+00:00
1653048000,53.17,53.24,49.29,49.41,,2022-05-20 12:00:00+00:00
1653062400,49.41,50.31,47.81,50.16,,2022-05-20 16:00:00+00:00
1653076800,50.16,50.77,49.33,49.43,,2022-05-20 20:00:00+00:00
1653091200,49.42,50.23,48.43,50.13,,2022-05-21 00:00:00+00:00
1653105600,50.13,50.38,49.45,50.0,,2022-05-21 04:00:00+00:00
1653120000,50.0,50.2,48.93,49.44,,2022-05-21 08:00:00+00:00
1653134400,49.44,50.84,48.99,50.71,,2022-05-21 12:00:00+00:00
1653148800,50.71,51.21,49.95,50.22,,2022-05-21 16:00:00+00:00
1653163200,50.21,50.65,49.45,50.31,,2022-05-21 20:00:00+00:00
1653177600,50.3,50.74,49.93,50.14,,2022-05-22 00:00:00+00:00
1653192000,50.14,50.54,49.69,50.27,,2022-05-22 04:00:00+00:00
1653206400,50.27,52.01,50.19,51.49,,2022-05-22 08:00:00+00:00
1653220800,51.49,52.89,51.33,51.81,,2022-05-22 12:00:00+00:00
1653235200,51.82,52.23,51.14,51.42,,2022-05-22 16:00:00+00:00
1653249600,51.42,53.2,51.32,52.48,,2022-05-22 20:00:00+00:00
1653264000,52.48,53.19,51.82,52.22,,2022-05-23 00:00:00+00:00
1653278400,52.22,54.38,51.91,53.56,,2022-05-23 04:00:00+00:00
1653292800,53.56,54.68,52.94,54.01,,2022-05-23 08:00:00+00:00
1653307200,54.01,54.64,52.22,53.86,,2022-05-23 12:00:00+00:00
1653321600,53.87,54.44,50.03,50.09,,2022-05-23 16:00:00+00:00
1653336000,50.09,51.05,48.61,49.17,,2022-05-23 20:00:00+00:00
1653350400,49.17,49.98,48.89,49.89,,2022-05-24 00:00:00+00:00
1653364800,49.89,50.32,49.41,49.84,,2022-05-24 04:00:00+00:00
1653379200,49.83,49.97,48.68,49.55,,2022-05-24 08:00:00+00:00
1653393600,49.54,50.61,47.1,50.09,,2022-05-24 12:00:00+00:00
1653408000,50.08,50.85,48.56,49.09,,2022-05-24 16:00:00+00:00
1653422400,49.09,50.12,48.74,49.67,,2022-05-24 20:00:00+00:00
1653436800,49.67,50.55,49.01,50.32,,2022-05-25 00:00:00+00:00
1653451200,50.33,50.35,48.56,48.83,,2022-05-25 04:00:00+00:00
1653465600,48.83,49.38,47.59,47.69,,2022-05-25 08:00:00+00:00
1653480000,47.68,48.89,47.57,48.25,,2022-05-25 12:00:00+00:00
1653494400,48.25,49.13,47.81,48.31,,2022-05-25 16:00:00+00:00
1653508800,48.3,48.89,47.87,47.98,,2022-05-25 20:00:00+00:00
1653523200,47.97,48.66,47.86,48.18,,2022-05-26 00:00:00+00:00
1653537600,48.19,48.32,45.57,46.42,,2022-05-26 04:00:00+00:00
1653552000,46.41,46.5,43.14,43.72,,2022-05-26 08:00:00+00:00
1653566400,43.71,45.89,41.69,45.11,,2022-05-26 12:00:00+00:00
1653580800,45.11,46.68,43.9,44.05,,2022-05-26 16:00:00+00:00
1653595200,44.04,44.83,43.29,43.44,,2022-05-26 20:00:00+00:00
1653609600,43.44,43.95,41.18,42.65,,2022-05-27 00:00:00+00:00
1653624000,42.66,42.91,39.93,41.04,,2022-05-27 04:00:00+00:00
1653638400,41.04,42.27,40.52,41.59,,2022-05-27 08:00:00+00:00
1653652800,41.58,43.61,41.27,42.15,,2022-05-27 12:00:00+00:00
1653667200,42.14,42.36,40.42,41.86,,2022-05-27 16:00:00+00:00
1653681600,41.86,42.6,40.56,41.17,,2022-05-27 20:00:00+00:00
1653696000,41.18,42.56,40.33,41.32,,2022-05-28 00:00:00+00:00
1653710400,41.33,42.2,41.09,41.71,,2022-05-28 04:00:00+00:00
1653724800,41.72,41.99,41.12,41.59,,2022-05-28 08:00:00+00:00
1653739200,41.59,43.5,41.47,42.98,,2022-05-28 12:00:00+00:00
1653753600,42.98,44.76,42.49,44.43,,2022-05-28 16:00:00+00:00
1653768000,44.43,45.08,43.72,44.25,,2022-05-28 20:00:00+00:00
1653782400,44.24,44.41,42.14,42.36,,2022-05-29 00:00:00+00:00
1653796800,42.36,42.66,41.79,42.45,,2022-05-29 04:00:00+00:00
1653811200,42.44,44.18,42.28,44.07,,2022-05-29 08:00:00+00:00
1653825600,44.06,45.67,44.06,44.71,,2022-05-29 12:00:00+00:00
1653840000,44.7,45.32,44.08,44.26,,2022-05-29 16:00:00+00:00
1653854400,44.25,45.17,44.16,44.98,,2022-05-29 20:00:00+00:00
1653868800,44.98,46.79,44.27,45.95,,2022-05-30 00:00:00+00:00
1653883200,45.95,47.37,45.54,47.07,,2022-05-30 04:00:00+00:00
1653897600,47.06,47.24,45.87,46.07,,2022-05-30 08:00:00+00:00
1653912000,46.06,46.65,44.94,45.84,,2022-05-30 12:00:00+00:00
1653926400,45.85,46.36,45.4,45.67,,2022-05-30 16:00:00+00:00
1653940800,45.66,48.39,45.46,47.22,,2022-05-30 20:00:00+00:00
1653955200,47.22,48.24,46.19,47.7,,2022-05-31 00:00:00+00:00
1653969600,47.7,47.83,45.87,46.36,,2022-05-31 04:00:00+00:00
1653984000,46.36,46.93,45.96,46.59,,2022-05-31 08:00:00+00:00
1653998400,46.58,46.78,44.56,46.35,,2022-05-31 12:00:00+00:00
1654012800,46.34,46.83,45.21,45.53,,2022-05-31 16:00:00+00:00
1654027200,45.53,46.21,45.4,45.77,,2022-05-31 20:00:00+00:00
1654041600,45.78,46.12,44.67,44.78,,2022-06-01 00:00:00+00:00
1654056000,44.77,45.21,44.34,44.59,,2022-06-01 04:00:00+00:00
1654070400,44.59,45.29,44.23,44.6,,2022-06-01 08:00:00+00:00
1654084800,44.6,45.67,42.81,42.93,,2022-06-01 12:00:00+00:00
1654099200,42.94,43.12,40.77,41.29,,2022-06-01 16:00:00+00:00
1654113600,41.29,41.38,39.51,40.11,,2022-06-01 20:00:00+00:00
1654128000,40.11,40.24,38.7,38.85,,2022-06-02 00:00:00+00:00
1654142400,38.86,40.1,38.13,39.68,,2022-06-02 04:00:00+00:00
1654156800,39.69,41.2,39.48,41.04,,2022-06-02 08:00:00+00:00
1654171200,41.04,41.22,39.64,40.7,,2022-06-02 12:00:00+00:00
1654185600,40.7,41.05,39.91,40.45,,2022-06-02 16:00:00+00:00
1654200000,40.45,41.65,40.39,40.85,,2022-06-02 20:00:00+00:00
1654214400,40.86,41.54,40.43,41.15,,2022-06-03 00:00:00+00:00
1654228800,41.13,41.22,40.27,40.32,,2022-06-03 04:00:00+00:00
1654243200,40.33,40.47,37.93,38.25,,2022-06-03 08:00:00+00:00
1654257600,38.26,38.71,37.63,38.05,,2022-06-03 12:00:00+00:00
1654272000,38.05,38.59,37.77,38.17,,2022-06-03 16:00:00+00:00
1654286400,38.18,38.97,37.92,38.28,,2022-06-03 20:00:00+00:00
1654300800,38.28,38.38,35.71,36.3,,2022-06-04 00:00:00+00:00
1654315200,36.3,37.48,36.22,37.34,,2022-06-04 04:00:00+00:00
1654329600,37.34,37.9,36.84,37.0,,2022-06-04 08:00:00+00:00
1654344000,37.0,38.22,36.55,37.77,,2022-06-04 12:00:00+00:00
1654358400,37.76,38.21,37.34,37.51,,2022-06-04 16:00:00+00:00
1654372800,37.51,39.5,37.44,39.0,,2022-06-04 20:00:00+00:00
1654387200,39.02,39.47,37.85,38.3,,2022-06-05 00:00:00+00:00
1654401600,38.31,39.35,37.94,38.83,,2022-06-05 04:00:00+00:00
1654416000,38.82,39.96,38.74,39.47,,2022-06-05 08:00:00+00:00
1654430400,39.46,39.86,38.76,39.82,,2022-06-05 12:00:00+00:00
1654444800,39.82,40.22,39.21,39.65,,2022-06-05 16:00:00+00:00
1654459200,39.66,40.09,38.41,38.52,,2022-06-05 20:00:00+00:00
1654473600,38.53,41.97,38.33,41.77,,2022-06-06 00:00:00+00:00
1654488000,41.77,43.99,41.52,43.05,,2022-06-06 04:00:00+00:00
1654502400,43.05,44.87,42.94,43.92,,2022-06-06 08:00:00+00:00
1654516800,43.93,44.14,42.31,42.83,,2022-06-06 12:00:00+00:00
1654531200,42.83,42.86,41.53,42.23,,2022-06-06 16:00:00+00:00
1654545600,42.23,43.28,41.1,42.39,,2022-06-06 20:00:00+00:00
1654560000,42.39,42.8,38.7,39.55,,2022-06-07 00:00:00+00:00
1654574400,39.55,39.68,38.83,39.31,,2022-06-07 04:00:00+00:00
1654588800,39.32,39.67,37.12,38.07,,2022-06-07 08:00:00+00:00
1654603200,38.07,39.64,37.66,39.14,,2022-06-07 12:00:00+00:00
1654617600,39.14,41.16,38.63,40.44,,2022-06-07 16:00:00+00:00
1654632000,40.44,41.36,38.4,39.31,,2022-06-07 20:00:00+00:00
1654646400,39.32,40.96,38.31,38.65,,2022-06-08 00:00:00+00:00
1654660800,38.64,39.55,38.28,39.25,,2022-06-08 04:00:00+00:00
1654675200,39.26,39.74,38.98,39.31,,2022-06-08 08:00:00+00:00
1654689600,39.31,40.16,38.72,39.71,,2022-06-08 12:00:00+00:00
1654704000,39.71,39.87,38.4,38.79,,2022-06-08 16:00:00+00:00
1654718400,38.78,39.4,38.68,38.83,,2022-06-08 20:00:00+00:00
1654732800,38.83,39.23,38.44,39.12,,2022-06-09 00:00:00+00:00
1654747200,39.13,39.55,38.88,39.54,,2022-06-09 04:00:00+00:00
1654761600,39.55,41.97,39.31,41.22,,2022-06-09 08:00:00+00:00
1654776000,41.22,41.42,39.82,40.34,,2022-06-09 12:00:00+00:00
1654790400,40.34,41.44,39.55,39.66,,2022-06-09 16:00:00+00:00
1654804800,39.66,40.16,39.44,39.96,,2022-06-09 20:00:00+00:00
1654819200,39.96,40.9,39.03,40.27,,2022-06-10 00:00:00+00:00
1654833600,40.28,40.83,40.05,40.32,,2022-06-10 04:00:00+00:00
1654848000,40.32,40.76,38.9,39.31,,2022-06-10 08:00:00+00:00
1654862400,39.3,39.7,37.45,37.98,,2022-06-10 12:00:00+00:00
1654876800,37.97,38.09,37.0,37.26,,2022-06-10 16:00:00+00:00
1654891200,37.27,38.08,36.8,37.17,,2022-06-10 20:00:00+00:00
1654905600,37.17,37.72,36.99,37.54,,2022-06-11 00:00:00+00:00
1654920000,37.54,37.93,37.11,37.7,,2022-06-11 04:00:00+00:00
1654934400,37.71,37.77,35.13,35.47,,2022-06-11 08:00:00+00:00
1654948800,35.47,35.78,33.17,33.76,,2022-06-11 12:00:00+00:00
1654963200,33.77,34.77,33.34,34.12,,2022-06-11 16:00:00+00:00
1654977600,34.12,34.69,33.62,33.93,,2022-06-11 20:00:00+00:00
1654992000,33.94,34.31,31.45,32.31,,2022-06-12 00:00:00+00:00
1655006400,32.31,33.2,31.08,33.16,,2022-06-12 04:00:00+00:00
1655020800,33.16,33.85,32.29,32.74,,2022-06-12 08:00:00+00:00
1655035200,32.75,34.5,31.4,34.01,,2022-06-12 12:00:00+00:00
1655049600,34.0,34.29,32.31,32.61,,2022-06-12 16:00:00+00:00
1655064000,32.61,32.82,30.56,30.61,,2022-06-12 20:00:00+00:00
1655078400,30.6,31.11,27.62,28.85,,2022-06-13 00:00:00+00:00
1655092800,28.84,29.7,27.21,27.57,,2022-06-13 04:00:00+00:00
1655107200,27.57,28.5,26.05,26.84,,2022-06-13 08:00:00+00:00
1655121600,26.84,28.27,26.11,27.92,,2022-06-13 12:00:00+00:00
1655136000,27.92,29.45,27.42,28.31,,2022-06-13 16:00:00+00:00
1655150400,28.31,29.89,27.0,28.6,,2022-06-13 20:00:00+00:00
1655164800,28.59,29.19,25.86,28.94,,2022-06-14 00:00:00+00:00
1655179200,28.94,32.32,28.07,31.02,,2022-06-14 04:00:00+00:00
1655193600,31.02,31.12,28.66,29.1,,2022-06-14 08:00:00+00:00
1655208000,29.09,31.41,28.37,31.03,,2022-06-14 12:00:00+00:00
1655222400,31.03,31.2,29.05,29.44,,2022-06-14 16:00:00+00:00
1655236800,29.45,30.06,27.92,29.59,,2022-06-14 20:00:00+00:00
1655251200,29.59,30.29,28.64,28.8,,2022-06-15 00:00:00+00:00
1655265600,28.8,28.82,27.35,27.66,,2022-06-15 04:00:00+00:00
1655280000,27.65,29.24,26.79,28.9,,2022-06-15 08:00:00+00:00
1655294400,28.91,30.01,28.62,29.51,,2022-06-15 12:00:00+00:00
1655308800,29.5,33.0,28.11,31.48,,2022-06-15 16:00:00+00:00
1655323200,31.48,34.86,31.06,34.76,,2022-06-15 20:00:00+00:00
1655337600,34.75,36.0,33.73,33.79,,2022-06-16 00:00:00+00:00
1655352000,33.79,34.25,32.45,32.61,,2022-06-16 04:00:00+00:00
1655366400,32.61,33.0,30.73,31.28,,2022-06-16 08:00:00+00:00
1655380800,31.28,32.56,30.03,31.31,,2022-06-16 12:00:00+00:00
1655395200,31.31,32.65,30.44,30.87,,2022-06-16 16:00:00+00:00
1655409600,30.87,31.57,29.52,30.12,,2022-06-16 20:00:00+00:00
1655424000,30.12,31.34,29.26,30.03,,2022-06-17 00:00:00+00:00
1655438400,30.04,31.97,29.94,31.59,,2022-06-17 04:00:00+00:00
1655452800,31.59,32.19,30.96,31.58,,2022-06-17 08:00:00+00:00
1655467200,31.58,32.08,30.83,31.21,,2022-06-17 12:00:00+00:00
1655481600,31.2,32.12,30.96,31.14,,2022-06-17 16:00:00+00:00
1655496000,31.14,31.74,30.57,30.71,,2022-06-17 20:00:00+00:00
1655510400,30.72,31.32,29.76,30.08,,2022-06-18 00:00:00+00:00
1655524800,30.08,30.41,28.1,28.48,,2022-06-18 04:00:00+00:00
1655539200,28.48,30.69,27.82,30.0,,2022-06-18 08:00:00+00:00
1655553600,30.0,30.44,29.52,29.81,,2022-06-18 12:00:00+00:00
1655568000,29.8,30.64,28.07,28.09,,2022-06-18 16:00:00+00:00
1655582400,28.1,32.06,27.15,32.02,,2022-06-18 20:00:00+00:00
1655596800,32.01,32.35,29.74,30.19,,2022-06-19 00:00:00+00:00
1655611200,30.18,30.61,28.84,29.21,,2022-06-19 04:00:00+00:00
1655625600,29.21,33.0,28.68,32.4,,2022-06-19 08:00:00+00:00
1655640000,32.41,33.62,31.54,33.47,,2022-06-19 12:00:00+00:00
1655654400,33.47,34.28,32.0,33.21,,2022-06-19 16:00:00+00:00
1655668800,33.2,35.4,33.04,34.19,,2022-06-19 20:00:00+00:00
1655683200,34.19,34.58,31.81,32.27,,2022-06-20 00:00:00+00:00
1655697600,32.27,32.83,31.73,32.33,,2022-06-20 04:00:00+00:00
1655712000,32.33,36.9,32.17,36.34,,2022-06-20 08:00:00+00:00
1655726400,36.33,36.73,34.46,35.29,,2022-06-20 12:00:00+00:00
1655740800,35.28,35.29,33.94,34.45,,2022-06-20 16:00:00+00:00
1655755200,34.45,35.76,33.78,35.24,,2022-06-20 20:00:00+00:00
1655769600,35.25,35.9,34.2,35.22,,2022-06-21 00:00:00+00:00
1655784000,35.22,37.67,34.74,36.83,,2022-06-21 04:00:00+00:00
1655798400,36.82,38.55,36.71,37.15,,2022-06-21 08:00:00+00:00
1655812800,37.15,39.19,36.93,37.95,,2022-06-21 12:00:00+00:00
1655827200,37.94,38.61,36.52,36.6,,2022-06-21 16:00:00+00:00
1655841600,36.59,36.84,35.64,36.42,,2022-06-21 20:00:00+00:00
1655856000,36.42,36.73,34.53,34.7,,2022-06-22 00:00:00+00:00
1655870400,34.7,35.31,33.72,33.86,,2022-06-22 04:00:00+00:00
1655884800,33.86,36.13,33.65,35.48,,2022-06-22 08:00:00+00:00
1655899200,35.49,36.87,34.54,34.75,,2022-06-22 12:00:00+00:00
1655913600,34.75,35.34,33.95,34.4,,2022-06-22 16:00:00+00:00
1655928000,34.39,35.1,33.86,34.12,,2022-06-22 20:00:00+00:00
1655942400,34.13,35.86,33.91,35.13,,2022-06-23 00:00:00+00:00
1655956800,35.12,36.66,35.01,35.97,,2022-06-23 04:00:00+00:00
1655971200,35.96,37.48,35.71,36.91,,2022-06-23 08:00:00+00:00
1655985600,36.92,37.79,36.1,37.22,,2022-06-23 12:00:00+00:00
1656000000,37.21,38.48,36.26,37.57,,2022-06-23 16:00:00+00:00
1656014400,37.56,38.65,37.23,38.15,,2022-06-23 20:00:00+00:00
1656028800,38.15,39.6,37.67,38.93,,2022-06-24 00:00:00+00:00
1656043200,38.93,39.31,37.75,38.33,,2022-06-24 04:00:00+00:00
1656057600,38.34,40.48,38.08,40.28,,2022-06-24 08:00:00+00:00
1656072000,40.28,41.36,39.75,40.09,,2022-06-24 12:00:00+00:00
1656086400,40.1,41.16,39.42,41.16,,2022-06-24 16:00:00+00:00
1656100800,41.17,42.92,40.89,41.91,,2022-06-24 20:00:00+00:00
1656115200,41.91,42.46,40.7,41.41,,2022-06-25 00:00:00+00:00
1656129600,41.41,42.37,40.96,42.17,,2022-06-25 04:00:00+00:00
1656144000,42.17,42.64,41.75,41.86,,2022-06-25 08:00:00+00:00
1656158400,41.86,42.08,39.73,39.86,,2022-06-25 12:00:00+00:00
1656172800,39.86,40.95,39.75,40.36,,2022-06-25 16:00:00+00:00
1656187200,40.36,42.6,40.09,42.22,,2022-06-25 20:00:00+00:00
1656201600,42.22,42.49,40.7,41.41,,2022-06-26 00:00:00+00:00
1656216000,41.41,41.82,40.79,41.32,,2022-06-26 04:00:00+00:00
1656230400,41.32,42.21,40.58,42.08,,2022-06-26 08:00:00+00:00
1656244800,42.08,42.49,39.99,40.62,,2022-06-26 12:00:00+00:00
1656259200,40.61,40.94,39.59,40.69,,2022-06-26 16:00:00+00:00
1656273600,40.68,41.4,39.14,39.39,,2022-06-26 20:00:00+00:00
1656288000,39.39,40.3,38.91,40.15,,2022-06-27 00:00:00+00:00
1656302400,40.15,40.86,39.64,40.61,,2022-06-27 04:00:00+00:00
1656316800,40.61,41.25,40.27,40.33,,2022-06-27 08:00:00+00:00
1656331200,40.32,40.46,38.27,38.75,,2022-06-27 12:00:00+00:00
1656345600,38.76,39.18,37.9,38.33,,2022-06-27 16:00:00+00:00
1656360000,38.34,39.15,38.3,38.52,,2022-06-27 20:00:00+00:00
1656374400,38.5,38.97,37.0,37.74,,2022-06-28 00:00:00+00:00
1656388800,37.75,38.72,37.55,38.61,,2022-06-28 04:00:00+00:00
1656403200,38.62,39.71,38.45,39.24,,2022-06-28 08:00:00+00:00
1656417600,39.23,39.9,37.02,37.05,,2022-06-28 12:00:00+00:00
1656432000,37.06,37.22,35.62,35.93,,2022-06-28 16:00:00+00:00
1656446400,35.93,36.7,35.02,35.35,,2022-06-28 20:00:00+00:00
1656460800,35.34,36.12,35.03,35.46,,2022-06-29 00:00:00+00:00
1656475200,35.46,35.72,34.45,35.35,,2022-06-29 04:00:00+00:00
1656489600,35.34,35.75,34.3,34.97,,2022-06-29 08:00:00+00:00
1656504000,34.96,35.16,33.61,34.67,,2022-06-29 12:00:00+00:00
1656518400,34.66,34.69,33.1,34.49,,2022-06-29 16:00:00+00:00
1656532800,34.48,35.12,33.53,34.05,,2022-06-29 20:00:00+00:00
1656547200,34.06,34.2,32.53,33.01,,2022-06-30 00:00:00+00:00
1656561600,33.01,33.22,31.55,31.91,,2022-06-30 04:00:00+00:00
1656576000,31.91,32.14,31.21,31.68,,2022-06-30 08:00:00+00:00
1656590400,31.68,32.31,30.92,32.1,,2022-06-30 12:00:00+00:00
1656604800,32.1,32.88,31.54,32.03,,2022-06-30 16:00:00+00:00
1656619200,32.03,33.93,31.41,33.76,,2022-06-30 20:00:00+00:00
1656633600,33.76,35.4,33.47,33.66,,2022-07-01 00:00:00+00:00
1656648000,33.65,33.76,32.34,33.13,,2022-07-01 04:00:00+00:00
1656662400,33.14,33.58,31.82,32.34,,2022-07-01 08:00:00+00:00
1656676800,32.33,33.15,32.03,32.33,,2022-07-01 12:00:00+00:00
1656691200,32.33,33.48,32.25,33.24,,2022-07-01 16:00:00+00:00
1656705600,33.25,33.97,32.63,32.84,,2022-07-01 20:00:00+00:00
1656720000,32.85,33.44,32.08,32.16,,2022-07-02 00:00:00+00:00
1656734400,32.16,32.88,32.1,32.42,,2022-07-02 04:00:00+00:00
1656748800,32.43,32.79,31.87,32.77,,2022-07-02 08:00:00+00:00
1656763200,32.77,33.37,32.6,32.87,,2022-07-02 12:00:00+00:00
1656777600,32.87,33.52,32.69,33.13,,2022-07-02 16:00:00+00:00
1656792000,33.12,34.14,32.9,33.36,,2022-07-02 20:00:00+00:00
1656806400,33.36,33.62,32.7,33.07,,2022-07-03 00:00:00+00:00
1656820800,33.08,33.77,32.32,32.87,,2022-07-03 04:00:00+00:00
1656835200,32.87,33.13,32.5,32.91,,2022-07-03 08:00:00+00:00
1656849600,32.91,33.01,32.14,32.34,,2022-07-03 12:00:00+00:00
1656864000,32.34,33.57,32.29,33.45,,2022-07-03 16:00:00+00:00
1656878400,33.45,33.68,33.13,33.39,,2022-07-03 20:00:00+00:00
1656892800,33.4,33.87,32.63,32.64,,2022-07-04 00:00:00+00:00
1656907200,32.63,33.08,32.45,32.78,,2022-07-04 04:00:00+00:00
1656921600,32.78,34.4,32.74,34.39,,2022-07-04 08:00:00+00:00
1656936000,34.39,34.98,33.77,34.3,,2022-07-04 12:00:00+00:00
1656950400,34.3,35.15,34.13,34.87,,2022-07-04 16:00:00+00:00
1656964800,34.88,36.94,34.73,36.71,,2022-07-04 20:00:00+00:00
1656979200,36.71,36.99,35.17,35.85,,2022-07-05 00:00:00+00:00
1656993600,35.85,36.31,35.59,35.92,,2022-07-05 04:00:00+00:00
1657008000,35.93,35.94,33.83,33.98,,2022-07-05 08:00:00+00:00
1657022400,33.98,34.09,33.03,33.87,,2022-07-05 12:00:00+00:00
1657036800,33.86,36.08,33.62,35.71,,2022-07-05 16:00:00+00:00
1657051200,35.7,36.48,35.14,35.4,,2022-07-05 20:00:00+00:00
1657065600,35.41,36.06,34.8,35.56,,2022-07-06 00:00:00+00:00
1657080000,35.56,36.5,35.27,35.96,,2022-07-06 04:00:00+00:00
1657094400,35.95,36.67,35.6,35.62,,2022-07-06 08:00:00+00:00
1657108800,35.62,36.5,35.3,35.74,,2022-07-06 12:00:00+00:00
1657123200,35.74,36.8,35.68,36.28,,2022-07-06 16:00:00+00:00
1657137600,36.27,37.65,35.93,37.04,,2022-07-06 20:00:00+00:00
1657152000,37.04,37.41,36.73,37.09,,2022-07-07 00:00:00+00:00
1657166400,37.09,37.12,36.39,36.82,,2022-07-07 04:00:00+00:00
1657180800,36.81,37.43,36.64,37.26,,2022-07-07 08:00:00+00:00
1657195200,37.26,38.57,36.75,38.29,,2022-07-07 12:00:00+00:00
1657209600,38.29,39.29,38.07,39.01,,2022-07-07 16:00:00+00:00
1657224000,39.01,39.07,38.14,38.46,,2022-07-07 20:00:00+00:00
1657238400,38.46,39.72,38.04,38.64,,2022-07-08 00:00:00+00:00
1657252800,38.64,38.8,37.17,37.51,,2022-07-08 04:00:00+00:00
1657267200,37.51,37.65,36.58,37.21,,2022-07-08 08:00:00+00:00
1657281600,37.2,38.79,36.46,38.58,,2022-07-08 12:00:00+00:00
1657296000,38.59,39.35,37.93,38.96,,2022-07-08 16:00:00+00:00
1657310400,38.95,39.17,38.0,38.12,,2022-07-08 20:00:00+00:00
1657324800,38.12,38.83,37.78,38.33,,2022-07-09 00:00:00+00:00
1657339200,38.32,38.9,38.23,38.61,,2022-07-09 04:00:00+00:00
1657353600,38.61,38.86,38.04,38.18,,2022-07-09 08:00:00+00:00
1657368000,38.19,38.36,37.77,38.05,,2022-07-09 12:00:00+00:00
1657382400,38.05,38.95,37.97,38.4,,2022-07-09 16:00:00+00:00
1657396800,38.41,38.51,37.94,38.06,,2022-07-09 20:00:00+00:00
1657411200,38.06,38.14,37.06,37.38,,2022-07-10 00:00:00+00:00
1657425600,37.37,37.54,37.15,37.29,,2022-07-10 04:00:00+00:00
1657440000,37.3,37.39,36.65,36.93,,2022-07-10 08:00:00+00:00
1657454400,36.93,37.13,36.26,36.69,,2022-07-10 12:00:00+00:00
1657468800,36.68,37.3,36.39,37.3,,2022-07-10 16:00:00+00:00
1657483200,37.3,37.43,36.52,36.71,,2022-07-10 20:00:00+00:00
1657497600,36.71,36.73,35.35,35.81,,2022-07-11 00:00:00+00:00
1657512000,35.8,35.84,34.78,35.19,,2022-07-11 04:00:00+00:00
1657526400,35.19,35.66,35.01,35.16,,2022-07-11 08:00:00+00:00
1657540800,35.15,35.79,34.49,35.19,,2022-07-11 12:00:00+00:00
1657555200,35.18,35.68,35.06,35.36,,2022-07-11 16:00:00+00:00
1657569600,35.36,35.46,33.24,33.42,,2022-07-11 20:00:00+00:00
1657584000,33.42,34.0,33.25,33.63,,2022-07-12 00:00:00+00:00
1657598400,33.62,34.13,33.27,33.5,,2022-07-12 04:00:00+00:00
1657612800,33.51,34.18,33.14,33.93,,2022-07-12 08:00:00+00:00
1657627200,33.93,34.61,33.75,34.21,,2022-07-12 12:00:00+00:00
1657641600,34.21,34.5,32.71,32.95,,2022-07-12 16:00:00+00:00
1657656000,32.94,33.31,32.6,32.68,,2022-07-12 20:00:00+00:00
1657670400,32.69,33.24,32.38,33.05,,2022-07-13 00:00:00+00:00
1657684800,33.06,33.75,32.95,33.7,,2022-07-13 04:00:00+00:00
1657699200,33.71,34.22,33.62,33.97,,2022-07-13 08:00:00+00:00
1657713600,33.96,34.51,31.82,33.22,,2022-07-13 12:00:00+00:00
1657728000,33.22,34.08,33.0,33.64,,2022-07-13 16:00:00+00:00
1657742400,33.65,35.08,33.49,34.94,,2022-07-13 20:00:00+00:00
1657756800,34.94,35.33,34.52,34.58,,2022-07-14 00:00:00+00:00
1657771200,34.58,34.74,34.19,34.35,,2022-07-14 04:00:00+00:00
1657785600,34.34,34.49,33.58,33.81,,2022-07-14 08:00:00+00:00
1657800000,33.8,35.22,33.61,35.16,,2022-07-14 12:00:00+00:00
1657814400,35.17,37.2,34.83,36.36,,2022-07-14 16:00:00+00:00
1657828800,36.37,37.31,36.35,37.15,,2022-07-14 20:00:00+00:00
1657843200,37.14,37.88,36.56,37.36,,2022-07-15 00:00:00+00:00
1657857600,37.36,37.54,36.49,37.46,,2022-07-15 04:00:00+00:00
1657872000,37.47,38.51,37.45,37.71,,2022-07-15 08:00:00+00:00
1657886400,37.72,38.56,37.36,37.69,,2022-07-15 12:00:00+00:00
1657900800,37.68,38.88,37.06,38.82,,2022-07-15 16:00:00+00:00
1657915200,38.82,39.1,37.25,37.36,,2022-07-15 20:00:00+00:00
1657929600,37.36,37.53,36.74,37.21,,2022-07-16 00:00:00+00:00
1657944000,37.22,37.26,36.35,36.43,,2022-07-16 04:00:00+00:00
1657958400,36.44,36.92,36.4,36.75,,2022-07-16 08:00:00+00:00
1657972800,36.75,38.0,36.63,37.94,,2022-07-16 12:00:00+00:00
1657987200,37.94,40.41,37.89,39.42,,2022-07-16 16:00:00+00:00
1658001600,39.42,39.92,38.79,39.58,,2022-07-16 20:00:00+00:00
1658016000,39.59,40.49,39.28,39.89,,2022-07-17 00:00:00+00:00
1658030400,39.89,41.09,39.86,40.35,,2022-07-17 04:00:00+00:00
1658044800,40.36,40.58,39.29,39.78,,2022-07-17 08:00:00+00:00
1658059200,39.78,39.9,39.03,39.28,,2022-07-17 12:00:00+00:00
1658073600,39.27,39.81,38.29,39.01,,2022-07-17 16:00:00+00:00
1658088000,39.01,39.55,38.49,38.62,,2022-07-17 20:00:00+00:00
1658102400,38.61,40.9,38.55,40.56,,2022-07-18 00:00:00+00:00
1658116800,40.55,42.47,40.27,42.13,,2022-07-18 04:00:00+00:00
1658131200,42.14,42.69,41.31,41.63,,2022-07-18 08:00:00+00:00
1658145600,41.63,42.58,41.21,42.31,,2022-07-18 12:00:00+00:00
1658160000,42.31,42.47,39.69,40.04,,2022-07-18 16:00:00+00:00
1658174400,40.05,44.07,39.78,43.52,,2022-07-18 20:00:00+00:00
1658188800,43.52,46.0,42.8,42.99,,2022-07-19 00:00:00+00:00
1658203200,43.0,44.15,42.54,43.48,,2022-07-19 04:00:00+00:00
1658217600,43.48,45.9,43.24,45.54,,2022-07-19 08:00:00+00:00
1658232000,45.54,47.36,45.25,46.58,,2022-07-19 12:00:00+00:00
1658246400,46.58,47.26,45.38,45.42,,2022-07-19 16:00:00+00:00
1658260800,45.42,46.1,44.59,44.87,,2022-07-19 20:00:00+00:00
1658275200,44.87,45.78,44.09,45.45,,2022-07-20 00:00:00+00:00
1658289600,45.46,46.05,44.37,44.41,,2022-07-20 04:00:00+00:00
1658304000,44.41,45.64,43.71,45.33,,2022-07-20 08:00:00+00:00
1658318400,45.33,46.3,44.86,45.35,,2022-07-20 12:00:00+00:00
1658332800,45.34,45.47,43.12,43.21,,2022-07-20 16:00:00+00:00
1658347200,43.22,43.56,41.24,42.04,,2022-07-20 20:00:00+00:00
1658361600,42.03,42.47,39.86,40.02,,2022-07-21 00:00:00+00:00
1658376000,40.03,41.49,39.64,41.05,,2022-07-21 04:00:00+00:00
1658390400,41.05,41.88,40.61,41.76,,2022-07-21 08:00:00+00:00
1658404800,41.75,42.44,40.84,41.88,,2022-07-21 12:00:00+00:00
1658419200,41.87,43.89,41.84,43.8,,2022-07-21 16:00:00+00:00
1658433600,43.81,44.24,42.53,43.11,,2022-07-21 20:00:00+00:00
1658448000,43.1,43.52,42.28,42.66,,2022-07-22 00:00:00+00:00
1658462400,42.66,43.46,42.08,43.05,,2022-07-22 04:00:00+00:00
1658476800,43.06,44.33,42.85,44.14,,2022-07-22 08:00:00+00:00
1658491200,44.14,44.2,41.52,41.69,,2022-07-22 12:00:00+00:00
1658505600,41.69,41.9,40.03,40.2,,2022-07-22 16:00:00+00:00
1658520000,40.21,41.09,40.14,40.54,,2022-07-22 20:00:00+00:00
1658534400,40.54,41.49,40.1,41.08,,2022-07-23 00:00:00+00:00
1658548800,41.09,41.91,41.0,41.33,,2022-07-23 04:00:00+00:00
1658563200,41.34,41.51,39.52,39.6,,2022-07-23 08:00:00+00:00
1658577600,39.61,40.49,39.37,40.2,,2022-07-23 12:00:00+00:00
1658592000,40.2,40.39,38.6,39.36,,2022-07-23 16:00:00+00:00
1658606400,39.36,40.23,39.17,39.97,,2022-07-23 20:00:00+00:00
1658620800,39.97,40.44,39.47,39.61,,2022-07-24 00:00:00+00:00
1658635200,39.6,41.18,39.5,40.72,,2022-07-24 04:00:00+00:00
1658649600,40.72,41.43,40.22,40.89,,2022-07-24 08:00:00+00:00
1658664000,40.89,41.32,40.11,41.21,,2022-07-24 12:00:00+00:00
1658678400,41.2,41.28,40.6,40.83,,2022-07-24 16:00:00+00:00
1658692800,40.82,42.1,40.71,40.93,,2022-07-24 20:00:00+00:00
1658707200,40.93,41.09,37.74,38.09,,2022-07-25 00:00:00+00:00
1658721600,38.08,38.73,37.78,38.57,,2022-07-25 04:00:00+00:00
1658736000,38.57,39.27,38.34,38.88,,2022-07-25 08:00:00+00:00
1658750400,38.89,39.36,38.27,38.49,,2022-07-25 12:00:00+00:00
1658764800,38.49,38.99,37.33,37.95,,2022-07-25 16:00:00+00:00
1658779200,37.95,38.99,36.56,36.65,,2022-07-25 20:00:00+00:00
1658793600,36.66,36.84,35.51,36.21,,2022-07-26 00:00:00+00:00
1658808000,36.21,36.49,35.46,35.65,,2022-07-26 04:00:00+00:00
1658822400,35.66,36.24,35.33,35.81,,2022-07-26 08:00:00+00:00
1658836800,35.82,36.29,34.92,35.0,,2022-07-26 12:00:00+00:00
1658851200,34.99,35.59,34.67,35.02,,2022-07-26 16:00:00+00:00
1658865600,35.02,36.34,34.79,36.25,,2022-07-26 20:00:00+00:00
1658880000,36.26,36.38,35.68,35.78,,2022-07-27 00:00:00+00:00
1658894400,35.78,37.2,35.77,36.82,,2022-07-27 04:00:00+00:00
1658908800,36.83,37.06,36.3,36.39,,2022-07-27 08:00:00+00:00
1658923200,36.39,37.46,36.19,37.17,,2022-07-27 12:00:00+00:00
1658937600,37.17,40.34,36.42,39.38,,2022-07-27 16:00:00+00:00
1658952000,39.38,40.55,39.28,40.23,,2022-07-27 20:00:00+00:00
1658966400,40.23,40.55,39.03,39.73,,2022-07-28 00:00:00+00:00
1658980800,39.73,40.0,39.26,39.33,,2022-07-28 04:00:00+00:00
1658995200,39.33,40.86,39.27,40.53,,2022-07-28 08:00:00+00:00
1659009600,40.53,42.12,39.22,41.93,,2022-07-28 12:00:00+00:00
1659024000,41.93,42.97,41.75,42.12,,2022-07-28 16:00:00+00:00
1659038400,42.13,44.15,42.12,42.91,,2022-07-28 20:00:00+00:00
1659052800,42.92,43.55,42.4,43.48,,2022-07-29 00:00:00+00:00
1659067200,43.49,44.42,42.72,43.05,,2022-07-29 04:00:00+00:00
1659081600,43.06,43.3,41.31,41.93,,2022-07-29 08:00:00+00:00
1659096000,41.93,43.47,41.13,42.63,,2022-07-29 12:00:00+00:00
1659110400,42.64,42.68,41.25,41.84,,2022-07-29 16:00:00+00:00
1659124800,41.8,43.1,41.52,41.91,,2022-07-29 20:00:00+00:00
1659139200,41.92,42.49,41.41,41.87,,2022-07-30 00:00:00+00:00
1659153600,41.88,42.49,41.47,42.35,,2022-07-30 04:00:00+00:00
1659168000,42.36,43.09,41.84,42.41,,2022-07-30 08:00:00+00:00
1659182400,42.41,46.31,42.21,46.28,,2022-07-30 12:00:00+00:00
1659196800,46.29,46.65,44.81,45.08,,2022-07-30 16:00:00+00:00
1659211200,45.07,45.47,43.41,43.84,,2022-07-30 20:00:00+00:00
1659225600,43.84,44.19,43.0,43.23,,2022-07-31 00:00:00+00:00
1659240000,43.23,44.45,43.22,43.84,,2022-07-31 04:00:00+00:00
1659254400,43.85,44.76,43.28,44.41,,2022-07-31 08:00:00+00:00
1659268800,44.41,44.6,43.62,44.13,,2022-07-31 12:00:00+00:00
1659283200,44.13,45.21,42.8,43.78,,2022-07-31 16:00:00+00:00
1659297600,43.77,43.91,42.22,42.35,,2022-07-31 20:00:00+00:00
1659312000,42.34,43.26,42.04,43.01,,2022-08-01 00:00:00+00:00
1659326400,43.0,43.12,42.26,42.94,,2022-08-01 04:00:00+00:00
1659340800,42.95,43.12,41.64,42.23,,2022-08-01 08:00:00+00:00
1659355200,42.22,42.96,41.35,42.47,,2022-08-01 12:00:00+00:00
1659369600,42.46,42.54,40.57,41.11,,2022-08-01 16:00:00+00:00
1659384000,41.1,41.89,40.77,41.65,,2022-08-01 20:00:00+00:00
1659398400,41.65,42.11,39.97,40.24,,2022-08-02 00:00:00+00:00
1659412800,40.24,40.65,39.93,40.53,,2022-08-02 04:00:00+00:00
1659427200,40.53,40.82,39.82,40.56,,2022-08-02 08:00:00+00:00
1659441600,40.56,41.85,39.91,41.49,,2022-08-02 12:00:00+00:00
1659456000,41.49,42.45,40.94,41.15,,2022-08-02 16:00:00+00:00
1659470400,41.14,41.5,39.5,39.79,,2022-08-02 20:00:00+00:00
1659484800,39.78,40.11,37.43,38.54,,2022-08-03 00:00:00+00:00
1659499200,38.54,39.41,38.18,38.33,,2022-08-03 04:00:00+00:00
1659513600,38.33,39.99,38.33,39.67,,2022-08-03 08:00:00+00:00
1659528000,39.66,40.99,39.51,40.16,,2022-08-03 12:00:00+00:00
1659542400,40.17,40.75,39.8,40.1,,2022-08-03 16:00:00+00:00
1659556800,40.1,40.28,38.21,38.54,,2022-08-03 20:00:00+00:00
1659571200,38.54,39.7,38.43,39.36,,2022-08-04 00:00:00+00:00
1659585600,39.37,39.74,38.55,39.21,,2022-08-04 04:00:00+00:00
1659600000,39.21,39.32,38.56,38.61,,2022-08-04 08:00:00+00:00
1659614400,38.61,39.85,38.33,38.88,,2022-08-04 12:00:00+00:00
1659628800,38.88,39.0,37.96,38.38,,2022-08-04 16:00:00+00:00
1659643200,38.39,39.03,38.17,38.83,,2022-08-04 20:00:00+00:00
1659657600,38.83,40.16,38.71,40.1,,2022-08-05 00:00:00+00:00
1659672000,40.11,40.58,39.68,40.08,,2022-08-05 04:00:00+00:00
1659686400,40.08,41.07,39.85,41.01,,2022-08-05 08:00:00+00:00
1659700800,41.01,41.33,39.62,40.01,,2022-08-05 12:00:00+00:00
1659715200,40.01,40.15,39.44,39.94,,2022-08-05 16:00:00+00:00
1659729600,39.93,40.76,39.74,40.55,,2022-08-05 20:00:00+00:00
1659744000,40.55,40.72,40.17,40.51,,2022-08-06 00:00:00+00:00
1659758400,40.52,40.67,40.25,40.42,,2022-08-06 04:00:00+00:00
1659772800,40.42,40.88,40.27,40.29,,2022-08-06 08:00:00+00:00
1659787200,40.3,40.56,40.17,40.45,,2022-08-06 12:00:00+00:00
1659801600,40.45,40.89,39.85,40.81,,2022-08-06 16:00:00+00:00
1659816000,40.81,40.89,39.92,40.07,,2022-08-06 20:00:00+00:00
1659830400,40.07,40.26,39.21,39.76,,2022-08-07 00:00:00+00:00
1659844800,39.76,40.21,39.72,39.99,,2022-08-07 04:00:00+00:00
1659859200,39.98,40.16,39.69,40.13,,2022-08-07 08:00:00+00:00
1659873600,40.14,40.63,40.09,40.33,,2022-08-07 12:00:00+00:00
1659888000,40.34,40.79,40.25,40.56,,2022-08-07 16:00:00+00:00
1659902400,40.55,41.57,40.47,40.6,,2022-08-07 20:00:00+00:00
1659916800,40.6,42.09,40.55,41.93,,2022-08-08 00:00:00+00:00
1659931200,41.93,42.8,41.86,42.68,,2022-08-08 04:00:00+00:00
1659945600,42.67,43.42,42.42,43.41,,2022-08-08 08:00:00+00:00
1659960000,43.4,43.71,42.41,42.5,,2022-08-08 12:00:00+00:00
1659974400,42.5,42.56,42.01,42.5,,2022-08-08 16:00:00+00:00
1659988800,42.5,43.14,41.77,42.18,,2022-08-08 20:00:00+00:00
1660003200,42.17,42.47,41.52,42.44,,2022-08-09 00:00:00+00:00
1660017600,42.43,42.76,42.23,42.56,,2022-08-09 04:00:00+00:00
1660032000,42.56,42.59,40.68,40.85,,2022-08-09 08:00:00+00:00
1660046400,40.85,41.44,39.73,40.14,,2022-08-09 12:00:00+00:00
1660060800,40.13,40.48,39.94,40.08,,2022-08-09 16:00:00+00:00
1660075200,40.07,40.72,40.05,40.33,,2022-08-09 20:00:00+00:00
1660089600,40.34,40.34,39.15,39.28,,2022-08-10 00:00:00+00:00
1660104000,39.28,39.81,39.15,39.68,,2022-08-10 04:00:00+00:00
1660118400,39.68,40.2,39.66,40.04,,2022-08-10 08:00:00+00:00
1660132800,40.05,42.45,39.84,42.08,,2022-08-10 12:00:00+00:00
1660147200,42.08,42.45,41.22,41.31,,2022-08-10 16:00:00+00:00
1660161600,41.32,42.87,41.31,42.47,,2022-08-10 20:00:00+00:00
1660176000,42.47,44.14,42.34,43.82,,2022-08-11 00:00:00+00:00
1660190400,43.83,45.08,43.82,44.52,,2022-08-11 04:00:00+00:00
1660204800,44.52,44.61,43.69,44.08,,2022-08-11 08:00:00+00:00
1660219200,44.08,45.32,43.37,43.46,,2022-08-11 12:00:00+00:00
1660233600,43.46,44.01,42.85,43.37,,2022-08-11 16:00:00+00:00
1660248000,43.38,43.5,42.38,42.77,,2022-08-11 20:00:00+00:00
1660262400,42.78,43.64,42.21,43.4,,2022-08-12 00:00:00+00:00
1660276800,43.4,43.66,42.81,43.15,,2022-08-12 04:00:00+00:00
1660291200,43.15,43.8,42.12,42.31,,2022-08-12 08:00:00+00:00
1660305600,42.31,43.29,42.29,43.2,,2022-08-12 12:00:00+00:00
1660320000,43.2,44.83,42.94,44.65,,2022-08-12 16:00:00+00:00
1660334400,44.64,45.49,44.31,45.48,,2022-08-12 20:00:00+00:00
1660348800,45.49,47.78,45.27,47.42,,2022-08-13 00:00:00+00:00
1660363200,47.43,48.38,46.91,47.16,,2022-08-13 04:00:00+00:00
1660377600,47.16,47.76,46.36,46.73,,2022-08-13 08:00:00+00:00
1660392000,46.72,47.13,46.04,46.24,,2022-08-13 12:00:00+00:00
1660406400,46.24,46.78,46.06,46.3,,2022-08-13 16:00:00+00:00
1660420800,46.3,47.39,46.2,46.6,,2022-08-13 20:00:00+00:00
1660435200,46.59,47.64,46.05,46.74,,2022-08-14 00:00:00+00:00
1660449600,46.74,48.06,46.54,47.74,,2022-08-14 04:00:00+00:00
1660464000,47.73,47.77,46.6,46.71,,2022-08-14 08:00:00+00:00
1660478400,46.7,46.72,45.75,46.04,,2022-08-14 12:00:00+00:00
1660492800,46.04,46.1,44.46,45.09,,2022-08-14 16:00:00+00:00
1660507200,45.09,45.82,44.75,44.87,,2022-08-14 20:00:00+00:00
1660521600,44.86,47.24,44.36,46.46,,2022-08-15 00:00:00+00:00
1660536000,46.47,46.65,43.53,43.83,,2022-08-15 04:00:00+00:00
1660550400,43.82,44.43,43.23,43.8,,2022-08-15 08:00:00+00:00
1660564800,43.8,44.57,43.3,44.51,,2022-08-15 12:00:00+00:00
1660579200,44.51,44.76,43.65,43.81,,2022-08-15 16:00:00+00:00
1660593600,43.82,44.14,42.75,43.72,,2022-08-15 20:00:00+00:00
1660608000,43.72,44.2,42.53,43.66,,2022-08-16 00:00:00+00:00
1660622400,43.66,43.78,42.78,43.31,,2022-08-16 04:00:00+00:00
1660636800,43.31,44.31,43.13,43.97,,2022-08-16 08:00:00+00:00
1660651200,43.98,44.23,42.61,43.41,,2022-08-16 12:00:00+00:00
1660665600,43.42,43.59,42.54,43.12,,2022-08-16 16:00:00+00:00
1660680000,43.13,43.52,42.83,43.08,,2022-08-16 20:00:00+00:00
1660694400,43.08,44.09,42.96,44.0,,2022-08-17 00:00:00+00:00
1660708800,44.01,44.75,43.0,43.14,,2022-08-17 04:00:00+00:00
1660723200,43.14,43.44,42.61,42.77,,2022-08-17 08:00:00+00:00
1660737600,42.77,42.81,40.76,41.11,,2022-08-17 12:00:00+00:00
1660752000,41.11,41.91,40.66,40.76,,2022-08-17 16:00:00+00:00
1660766400,40.75,41.17,40.18,40.54,,2022-08-17 20:00:00+00:00
1660780800,40.54,41.05,40.09,40.82,,2022-08-18 00:00:00+00:00
1660795200,40.82,41.06,40.55,40.92,,2022-08-18 04:00:00+00:00
1660809600,40.92,41.42,40.7,41.33,,2022-08-18 08:00:00+00:00
1660824000,41.34,41.67,40.69,41.18,,2022-08-18 12:00:00+00:00
1660838400,41.18,41.27,40.37,40.78,,2022-08-18 16:00:00+00:00
1660852800,40.77,41.25,39.31,39.52,,2022-08-18 20:00:00+00:00
1660867200,39.51,39.59,37.84,38.31,,2022-08-19 00:00:00+00:00
1660881600,38.31,38.43,35.25,36.65,,2022-08-19 04:00:00+00:00
1660896000,36.65,36.67,35.55,36.37,,2022-08-19 08:00:00+00:00
1660910400,36.37,37.22,36.07,36.95,,2022-08-19 12:00:00+00:00
1660924800,36.96,37.8,36.74,37.15,,2022-08-19 16:00:00+00:00
1660939200,37.16,37.28,35.61,35.81,,2022-08-19 20:00:00+00:00
1660953600,35.82,36.86,35.77,36.6,,2022-08-20 00:00:00+00:00
1660968000,36.61,37.27,36.45,37.04,,2022-08-20 04:00:00+00:00
1660982400,37.05,37.13,36.39,36.57,,2022-08-20 08:00:00+00:00
1660996800,36.58,36.96,36.19,36.5,,2022-08-20 12:00:00+00:00
1661011200,36.5,36.6,34.39,34.44,,2022-08-20 16:00:00+00:00
1661025600,34.44,35.36,34.21,35.28,,2022-08-20 20:00:00+00:00
1661040000,35.28,35.66,35.02,35.11,,2022-08-21 00:00:00+00:00
1661054400,35.11,35.48,34.51,35.45,,2022-08-21 04:00:00+00:00
1661068800,35.45,36.27,35.41,36.2,,2022-08-21 08:00:00+00:00
1661083200,36.2,36.31,35.61,36.02,,2022-08-21 12:00:00+00:00
1661097600,36.02,36.57,35.85,36.33,,2022-08-21 16:00:00+00:00
1661112000,36.33,37.09,35.95,36.47,,2022-08-21 20:00:00+00:00
1661126400,36.48,36.56,36.05,36.12,,2022-08-22 00:00:00+00:00
1661140800,36.11,36.34,34.81,34.89,,2022-08-22 04:00:00+00:00
1661155200,34.9,34.94,33.73,34.65,,2022-08-22 08:00:00+00:00
1661169600,34.66,34.88,33.91,34.82,,2022-08-22 12:00:00+00:00
1661184000,34.81,35.03,34.0,34.61,,2022-08-22 16:00:00+00:00
1661198400,34.61,35.58,34.49,35.41,,2022-08-22 20:00:00+00:00
1661212800,35.42,35.59,35.09,35.22,,2022-08-23 00:00:00+00:00
1661227200,35.22,35.41,34.24,34.97,,2022-08-23 04:00:00+00:00
1661241600,34.96,35.74,34.84,35.67,,2022-08-23 08:00:00+00:00
1661256000,35.68,36.11,35.17,35.7,,2022-08-23 12:00:00+00:00
1661270400,35.71,35.79,35.18,35.4,,2022-08-23 16:00:00+00:00
1661284800,35.41,35.91,35.31,35.68,,2022-08-23 20:00:00+00:00
1661299200,35.69,35.72,34.31,34.61,,2022-08-24 00:00:00+00:00
1661313600,34.6,35.35,34.49,34.89,,2022-08-24 04:00:00+00:00
1661328000,34.89,35.44,34.87,35.39,,2022-08-24 08:00:00+00:00
1661342400,35.38,36.1,35.17,36.05,,2022-08-24 12:00:00+00:00
1661356800,36.06,36.4,35.68,35.83,,2022-08-24 16:00:00+00:00
1661371200,35.83,36.08,34.88,34.89,,2022-08-24 20:00:00+00:00
1661385600,34.9,35.68,34.87,35.23,,2022-08-25 00:00:00+00:00
1661400000,35.23,36.28,35.2,36.26,,2022-08-25 04:00:00+00:00
1661414400,36.25,36.37,35.95,36.33,,2022-08-25 08:00:00+00:00
1661428800,36.32,36.49,35.38,35.74,,2022-08-25 12:00:00+00:00
1661443200,35.73,35.86,35.4,35.79,,2022-08-25 16:00:00+00:00
1661457600,35.79,35.99,35.06,35.27,,2022-08-25 20:00:00+00:00
1661472000,35.26,35.27,34.51,35.1,,2022-08-26 00:00:00+00:00
1661486400,35.1,35.23,34.41,34.69,,2022-08-26 04:00:00+00:00
1661500800,34.68,34.78,33.89,34.25,,2022-08-26 08:00:00+00:00
1661515200,34.24,35.79,33.0,33.28,,2022-08-26 12:00:00+00:00
1661529600,33.29,33.39,32.56,32.92,,2022-08-26 16:00:00+00:00
1661544000,32.93,33.16,31.36,31.72,,2022-08-26 20:00:00+00:00
1661558400,31.72,32.03,31.52,31.88,,2022-08-27 00:00:00+00:00
1661572800,31.87,32.25,31.14,32.23,,2022-08-27 04:00:00+00:00
1661587200,32.23,32.25,31.77,31.99,,2022-08-27 08:00:00+00:00
1661601600,31.98,32.05,31.05,31.35,,2022-08-27 12:00:00+00:00
1661616000,31.36,31.44,30.86,31.33,,2022-08-27 16:00:00+00:00
1661630400,31.33,31.67,31.04,31.53,,2022-08-27 20:00:00+00:00
1661644800,31.53,31.79,31.17,31.41,,2022-08-28 00:00:00+00:00
1661659200,31.41,31.86,31.26,31.79,,2022-08-28 04:00:00+00:00
1661673600,31.79,32.05,31.51,31.77,,2022-08-28 08:00:00+00:00
1661688000,31.78,31.92,31.22,31.85,,2022-08-28 12:00:00+00:00
1661702400,31.85,32.21,31.66,31.7,,2022-08-28 16:00:00+00:00
1661716800,31.7,31.9,30.19,30.44,,2022-08-28 20:00:00+00:00
1661731200,30.43,30.97,30.0,30.69,,2022-08-29 00:00:00+00:00
1661745600,30.68,30.79,30.11,30.58,,2022-08-29 04:00:00+00:00
1661760000,30.58,30.78,30.34,30.7,,2022-08-29 08:00:00+00:00
1661774400,30.7,32.29,30.64,31.79,,2022-08-29 12:00:00+00:00
1661788800,31.79,31.94,31.42,31.53,,2022-08-29 16:00:00+00:00
1661803200,31.52,32.64,31.48,32.42,,2022-08-29 20:00:00+00:00
1661817600,32.42,32.52,31.86,32.32,,2022-08-30 00:00:00+00:00
1661832000,32.33,33.06,32.29,32.75,,2022-08-30 04:00:00+00:00
1661846400,32.74,33.16,32.6,32.75,,2022-08-30 08:00:00+00:00
1661860800,32.75,32.87,30.92,31.21,,2022-08-30 12:00:00+00:00
1661875200,31.21,32.03,30.64,31.55,,2022-08-30 16:00:00+00:00
1661889600,31.55,32.12,31.28,31.47,,2022-08-30 20:00:00+00:00
1661904000,31.47,32.65,31.45,32.45,,2022-08-31 00:00:00+00:00
1661918400,32.46,32.88,32.19,32.31,,2022-08-31 04:00:00+00:00
1661932800,32.3,32.81,31.93,32.58,,2022-08-31 08:00:00+00:00
1661947200,32.58,32.95,31.57,31.93,,2022-08-31 12:00:00+00:00
1661961600,31.92,32.36,31.44,32.11,,2022-08-31 16:00:00+00:00
1661976000,32.11,32.49,31.18,31.5,,2022-08-31 20:00:00+00:00
1661990400,31.49,31.77,30.98,31.24,,2022-09-01 00:00:00+00:00
1662004800,31.23,31.55,30.83,31.08,,2022-09-01 04:00:00+00:00
1662019200,31.08,31.58,30.86,31.45,,2022-09-01 08:00:00+00:00
1662033600,31.46,31.5,30.44,30.76,,2022-09-01 12:00:00+00:00
1662048000,30.76,31.09,30.48,31.07,,2022-09-01 16:00:00+00:00
1662062400,31.07,31.79,31.0,31.61,,2022-09-01 20:00:00+00:00
1662076800,31.61,31.81,31.11,31.57,,2022-09-02 00:00:00+00:00
1662091200,31.57,31.96,31.43,31.63,,2022-09-02 04:00:00+00:00
1662105600,31.62,31.7,31.25,31.58,,2022-09-02 08:00:00+00:00
1662120000,31.57,32.38,31.46,32.28,,2022-09-02 12:00:00+00:00
1662134400,32.28,32.34,30.76,31.06,,2022-09-02 16:00:00+00:00
1662148800,31.06,31.28,30.89,31.23,,2022-09-02 20:00:00+00:00
1662163200,31.23,31.27,30.87,30.95,,2022-09-03 00:00:00+00:00
1662177600,30.95,31.29,30.8,31.04,,2022-09-03 04:00:00+00:00
1662192000,31.04,31.22,30.89,31.04,,2022-09-03 08:00:00+00:00
1662206400,31.05,31.27,31.01,31.12,,2022-09-03 12:00:00+00:00
1662220800,31.12,31.21,30.8,30.99,,2022-09-03 16:00:00+00:00
1662235200,30.98,31.22,30.91,31.12,,2022-09-03 20:00:00+00:00
1662249600,31.11,31.73,31.07,31.43,,2022-09-04 00:00:00+00:00
1662264000,31.43,31.54,31.08,31.1,,2022-09-04 04:00:00+00:00
1662278400,31.1,31.87,31.02,31.86,,2022-09-04 08:00:00+00:00
1662292800,31.87,32.0,31.45,31.82,,2022-09-04 12:00:00+00:00
1662307200,31.81,31.95,31.63,31.74,,2022-09-04 16:00:00+00:00
1662321600,31.75,32.2,31.74,32.16,,2022-09-04 20:00:00+00:00
1662336000,32.17,32.5,32.06,32.1,,2022-09-05 00:00:00+00:00
1662350400,32.11,32.19,31.47,31.68,,2022-09-05 04:00:00+00:00
1662364800,31.68,31.75,31.15,31.28,,2022-09-05 08:00:00+00:00
1662379200,31.28,31.93,31.18,31.85,,2022-09-05 12:00:00+00:00
1662393600,31.86,32.02,31.7,31.72,,2022-09-05 16:00:00+00:00
1662408000,31.72,32.44,31.72,32.18,,2022-09-05 20:00:00+00:00
1662422400,32.17,33.56,32.16,32.73,,2022-09-06 00:00:00+00:00
1662436800,32.73,33.24,32.51,32.97,,2022-09-06 04:00:00+00:00
1662451200,32.97,33.32,32.75,33.24,,2022-09-06 08:00:00+00:00
1662465600,33.24,33.9,32.41,33.79,,2022-09-06 12:00:00+00:00
1662480000,33.79,33.84,30.73,31.01,,2022-09-06 16:00:00+00:00
1662494400,31.02,31.33,30.44,30.88,,2022-09-06 20:00:00+00:00
1662508800,30.88,31.21,30.31,30.88,,2022-09-07 00:00:00+00:00
1662523200,30.88,31.18,30.7,31.1,,2022-09-07 04:00:00+00:00
1662537600,31.1,31.33,30.95,31.15,,2022-09-07 08:00:00+00:00
1662552000,31.16,31.59,30.85,31.5,,2022-09-07 12:00:00+00:00
1662566400,31.5,32.37,31.41,31.95,,2022-09-07 16:00:00+00:00
1662580800,31.96,32.94,31.96,32.69,,2022-09-07 20:00:00+00:00
1662595200,32.7,32.84,32.24,32.45,,2022-09-08 00:00:00+00:00
1662609600,32.44,32.78,31.97,32.37,,2022-09-08 04:00:00+00:00
1662624000,32.37,33.3,32.34,32.89,,2022-09-08 08:00:00+00:00
1662638400,32.9,33.98,32.16,33.4,,2022-09-08 12:00:00+00:00
1662652800,33.4,33.48,32.89,33.47,,2022-09-08 16:00:00+00:00
1662667200,33.47,33.82,33.33,33.61,,2022-09-08 20:00:00+00:00
1662681600,33.62,34.84,33.59,34.74,,2022-09-09 00:00:00+00:00
1662696000,34.74,35.54,34.66,35.38,,2022-09-09 04:00:00+00:00
1662710400,35.37,35.96,35.12,35.37,,2022-09-09 08:00:00+00:00
1662724800,35.38,35.93,34.82,34.97,,2022-09-09 12:00:00+00:00
1662739200,34.96,35.18,34.43,34.8,,2022-09-09 16:00:00+00:00
1662753600,34.8,35.19,34.26,34.67,,2022-09-09 20:00:00+00:00
1662768000,34.68,35.0,34.29,34.69,,2022-09-10 00:00:00+00:00
1662782400,34.69,35.17,34.27,34.36,,2022-09-10 04:00:00+00:00
1662796800,34.36,34.85,34.34,34.74,,2022-09-10 08:00:00+00:00
1662811200,34.75,34.94,34.3,34.5,,2022-09-10 12:00:00+00:00
1662825600,34.5,35.02,34.29,34.92,,2022-09-10 16:00:00+00:00
1662840000,34.92,35.41,34.61,35.03,,2022-09-10 20:00:00+00:00
1662854400,35.04,35.31,34.7,34.76,,2022-09-11 00:00:00+00:00
1662868800,34.76,34.94,34.04,34.62,,2022-09-11 04:00:00+00:00
1662883200,34.63,34.84,34.44,34.77,,2022-09-11 08:00:00+00:00
1662897600,34.77,35.25,34.53,35.24,,2022-09-11 12:00:00+00:00
1662912000,35.24,36.0,35.15,35.27,,2022-09-11 16:00:00+00:00
1662926400,35.28,35.55,34.31,34.99,,2022-09-11 20:00:00+00:00
1662940800,34.99,36.3,34.4,34.91,,2022-09-12 00:00:00+00:00
1662955200,34.91,35.5,34.58,35.46,,2022-09-12 04:00:00+00:00
1662969600,35.47,38.15,35.31,37.71,,2022-09-12 08:00:00+00:00
1662984000,37.7,38.39,36.83,37.14,,2022-09-12 12:00:00+00:00
1662998400,37.14,37.86,36.8,37.64,,2022-09-12 16:00:00+00:00
1663012800,37.64,37.82,37.18,37.44,,2022-09-12 20:00:00+00:00
1663027200,37.44,38.92,36.7,38.79,,2022-09-13 00:00:00+00:00
1663041600,38.78,39.01,38.14,38.54,,2022-09-13 04:00:00+00:00
1663056000,38.54,38.98,38.15,38.46,,2022-09-13 08:00:00+00:00
1663070400,38.46,38.86,34.41,34.73,,2022-09-13 12:00:00+00:00
1663084800,34.74,35.32,33.3,34.09,,2022-09-13 16:00:00+00:00
1663099200,34.08,34.35,32.93,33.0,,2022-09-13 20:00:00+00:00
1663113600,33.0,33.82,32.67,33.6,,2022-09-14 00:00:00+00:00
1663128000,33.6,33.92,32.81,33.17,,2022-09-14 04:00:00+00:00
1663142400,33.17,33.67,32.97,33.23,,2022-09-14 08:00:00+00:00
1663156800,33.24,33.71,32.94,33.53,,2022-09-14 12:00:00+00:00
1663171200,33.54,33.62,32.72,33.49,,2022-09-14 16:00:00+00:00
1663185600,33.49,34.35,33.26,34.12,,2022-09-14 20:00:00+00:00
1663200000,34.12,34.14,32.85,33.06,,2022-09-15 00:00:00+00:00
1663214400,33.06,34.84,32.76,34.7,,2022-09-15 04:00:00+00:00
1663228800,34.71,34.81,33.69,33.92,,2022-09-15 08:00:00+00:00
1663243200,33.92,34.07,32.42,32.99,,2022-09-15 12:00:00+00:00
1663257600,32.98,33.68,32.82,33.42,,2022-09-15 16:00:00+00:00
1663272000,33.42,33.8,32.76,33.07,,2022-09-15 20:00:00+00:00
1663286400,33.08,33.26,32.5,32.86,,2022-09-16 00:00:00+00:00
1663300800,32.86,33.11,32.8,32.82,,2022-09-16 04:00:00+00:00
1663315200,32.83,33.14,32.34,33.07,,2022-09-16 08:00:00+00:00
1663329600,33.08,33.12,31.83,32.27,,2022-09-16 12:00:00+00:00
1663344000,32.27,32.27,31.5,32.11,,2022-09-16 16:00:00+00:00
1663358400,32.11,32.39,32.06,32.25,,2022-09-16 20:00:00+00:00
1663372800,32.25,32.97,32.23,32.67,,2022-09-17 00:00:00+00:00
1663387200,32.68,33.07,32.53,32.85,,2022-09-17 04:00:00+00:00
1663401600,32.85,32.99,32.62,32.63,,2022-09-17 08:00:00+00:00
1663416000,32.62,33.32,32.53,33.3,,2022-09-17 12:00:00+00:00
1663430400,33.3,33.63,33.1,33.26,,2022-09-17 16:00:00+00:00
1663444800,33.27,33.89,33.18,33.68,,2022-09-17 20:00:00+00:00
1663459200,33.69,33.88,33.23,33.42,,2022-09-18 00:00:00+00:00
1663473600,33.41,33.87,33.39,33.83,,2022-09-18 04:00:00+00:00
1663488000,33.83,33.99,32.97,33.34,,2022-09-18 08:00:00+00:00
1663502400,33.34,33.49,32.75,32.9,,2022-09-18 12:00:00+00:00
1663516800,32.89,32.99,32.07,32.41,,2022-09-18 16:00:00+00:00
1663531200,32.4,32.44,30.86,31.1,,2022-09-18 20:00:00+00:00
1663545600,31.1,31.77,30.5,30.9,,2022-09-19 00:00:00+00:00
1663560000,30.9,31.65,30.84,31.11,,2022-09-19 04:00:00+00:00
1663574400,31.11,31.47,30.62,31.26,,2022-09-19 08:00:00+00:00
1663588800,31.26,32.53,31.18,31.92,,2022-09-19 12:00:00+00:00
1663603200,31.92,32.98,31.68,32.81,,2022-09-19 16:00:00+00:00
1663617600,32.82,33.08,32.56,32.62,,2022-09-19 20:00:00+00:00
1663632000,32.63,32.88,31.94,32.44,,2022-09-20 00:00:00+00:00
1663646400,32.45,32.75,32.1,32.32,,2022-09-20 04:00:00+00:00
1663660800,32.33,32.53,31.9,32.19,,2022-09-20 08:00:00+00:00
1663675200,32.19,32.56,31.57,32.51,,2022-09-20 12:00:00+00:00
1663689600,32.52,32.53,31.45,31.84,,2022-09-20 16:00:00+00:00
1663704000,31.84,31.99,31.29,31.41,,2022-09-20 20:00:00+00:00
1663718400,31.42,31.99,31.32,31.84,,2022-09-21 00:00:00+00:00
1663732800,31.84,32.04,31.42,31.76,,2022-09-21 04:00:00+00:00
1663747200,31.76,32.1,31.43,32.04,,2022-09-21 08:00:00+00:00
1663761600,32.05,32.34,31.23,31.51,,2022-09-21 12:00:00+00:00
1663776000,31.5,33.48,30.78,31.55,,2022-09-21 16:00:00+00:00
1663790400,31.55,31.68,30.01,30.65,,2022-09-21 20:00:00+00:00
1663804800,30.65,31.14,30.59,31.02,,2022-09-22 00:00:00+00:00
1663819200,31.02,31.76,31.02,31.74,,2022-09-22 04:00:00+00:00
1663833600,31.74,32.45,31.7,32.35,,2022-09-22 08:00:00+00:00
1663848000,32.36,32.49,31.59,31.91,,2022-09-22 12:00:00+00:00
1663862400,31.91,32.87,31.56,32.46,,2022-09-22 16:00:00+00:00
1663876800,32.46,32.77,32.07,32.43,,2022-09-22 20:00:00+00:00
1663891200,32.43,33.23,32.16,33.0,,2022-09-23 00:00:00+00:00
1663905600,33.01,33.3,32.54,32.58,,2022-09-23 04:00:00+00:00
1663920000,32.58,32.68,31.53,31.75,,2022-09-23 08:00:00+00:00
1663934400,31.75,32.28,31.2,31.59,,2022-09-23 12:00:00+00:00
1663948800,31.58,31.95,31.25,31.93,,2022-09-23 16:00:00+00:00
1663963200,31.94,33.98,31.93,33.66,,2022-09-23 20:00:00+00:00
1663977600,33.67,34.49,33.41,33.98,,2022-09-24 00:00:00+00:00
1663992000,33.98,34.03,33.49,33.73,,2022-09-24 04:00:00+00:00
1664006400,33.73,34.79,33.55,34.48,,2022-09-24 08:00:00+00:00
1664020800,34.48,34.59,33.56,33.72,,2022-09-24 12:00:00+00:00
1664035200,33.72,34.17,33.26,34.06,,2022-09-24 16:00:00+00:00
1664049600,34.06,34.09,33.14,33.38,,2022-09-24 20:00:00+00:00
1664064000,33.39,33.7,33.36,33.69,,2022-09-25 00:00:00+00:00
1664078400,33.7,34.05,33.62,33.97,,2022-09-25 04:00:00+00:00
1664092800,33.96,33.99,33.46,33.64,,2022-09-25 08:00:00+00:00
1664107200,33.63,33.8,32.81,33.22,,2022-09-25 12:00:00+00:00
1664121600,33.22,33.37,32.57,32.73,,2022-09-25 16:00:00+00:00
1664136000,32.73,32.73,31.87,32.34,,2022-09-25 20:00:00+00:00
1664150400,32.33,32.71,32.04,32.52,,2022-09-26 00:00:00+00:00
1664164800,32.51,32.61,31.87,32.47,,2022-09-26 04:00:00+00:00
1664179200,32.47,33.32,32.13,32.54,,2022-09-26 08:00:00+00:00
1664193600,32.55,33.43,32.26,33.11,,2022-09-26 12:00:00+00:00
1664208000,33.11,33.95,32.69,33.74,,2022-09-26 16:00:00+00:00
1664222400,33.74,33.94,33.32,33.88,,2022-09-26 20:00:00+00:00
1664236800,33.89,34.97,33.73,34.73,,2022-09-27 00:00:00+00:00
1664251200,34.73,35.04,34.48,34.52,,2022-09-27 04:00:00+00:00
1664265600,34.52,34.96,34.33,34.66,,2022-09-27 08:00:00+00:00
1664280000,34.65,35.41,34.31,34.37,,2022-09-27 12:00:00+00:00
1664294400,34.38,34.57,32.08,32.61,,2022-09-27 16:00:00+00:00
1664308800,32.6,32.94,32.35,32.69,,2022-09-27 20:00:00+00:00
1664323200,32.68,32.94,31.65,32.34,,2022-09-28 00:00:00+00:00
1664337600,32.34,32.6,31.87,32.32,,2022-09-28 04:00:00+00:00
1664352000,32.33,32.85,31.84,32.49,,2022-09-28 08:00:00+00:00
1664366400,32.49,33.16,32.39,33.12,,2022-09-28 12:00:00+00:00
1664380800,33.13,33.76,32.79,33.58,,2022-09-28 16:00:00+00:00
1664395200,33.59,33.81,33.11,33.22,,2022-09-28 20:00:00+00:00
1664409600,33.23,33.92,32.96,33.74,,2022-09-29 00:00:00+00:00
1664424000,33.74,33.96,33.13,33.36,,2022-09-29 04:00:00+00:00
1664438400,33.35,33.94,33.21,33.75,,2022-09-29 08:00:00+00:00
1664452800,33.76,34.21,32.65,34.11,,2022-09-29 12:00:00+00:00
1664467200,34.12,34.42,33.4,33.82,,2022-09-29 16:00:00+00:00
1664481600,33.82,34.12,33.62,33.93,,2022-09-29 20:00:00+00:00
1664496000,33.94,34.36,33.73,34.1,,2022-09-30 00:00:00+00:00
1664510400,34.09,34.35,33.87,34.23,,2022-09-30 04:00:00+00:00
1664524800,34.23,34.64,33.89,33.96,,2022-09-30 08:00:00+00:00
1664539200,33.95,35.22,33.31,34.65,,2022-09-30 12:00:00+00:00
1664553600,34.66,34.85,33.64,33.72,,2022-09-30 16:00:00+00:00
1664568000,33.72,33.88,32.62,33.25,,2022-09-30 20:00:00+00:00
1664582400,33.25,33.25,32.7,33.08,,2022-10-01 00:00:00+00:00
1664596800,33.08,33.09,32.78,33.01,,2022-10-01 04:00:00+00:00
1664611200,33.01,33.18,32.81,33.02,,2022-10-01 08:00:00+00:00
1664625600,33.02,33.1,32.81,32.99,,2022-10-01 12:00:00+00:00
1664640000,32.98,33.0,32.34,32.65,,2022-10-01 16:00:00+00:00
1664654400,32.65,32.69,32.4,32.44,,2022-10-01 20:00:00+00:00
1664668800,32.44,32.96,32.42,32.84,,2022-10-02 00:00:00+00:00
1664683200,32.84,33.0,32.74,32.83,,2022-10-02 04:00:00+00:00
1664697600,32.82,32.89,32.1,32.54,,2022-10-02 08:00:00+00:00
1664712000,32.54,32.61,32.22,32.42,,2022-10-02 12:00:00+00:00
1664726400,32.41,32.84,32.36,32.73,,2022-10-02 16:00:00+00:00
1664740800,32.73,32.77,31.9,32.06,,2022-10-02 20:00:00+00:00
1664755200,32.06,32.51,31.73,32.32,,2022-10-03 00:00:00+00:00
1664769600,32.33,32.46,31.97,32.26,,2022-10-03 04:00:00+00:00
1664784000,32.26,32.51,32.12,32.5,,2022-10-03 08:00:00+00:00
1664798400,32.51,33.14,32.42,32.83,,2022-10-03 12:00:00+00:00
1664812800,32.84,33.23,32.67,32.95,,2022-10-03 16:00:00+00:00
1664827200,32.96,33.27,32.72,32.89,,2022-10-03 20:00:00+00:00
1664841600,32.9,33.16,32.84,33.1,,2022-10-04 00:00:00+00:00
1664856000,33.11,33.79,32.98,33.73,,2022-10-04 04:00:00+00:00
1664870400,33.73,33.88,33.4,33.67,,2022-10-04 08:00:00+00:00
1664884800,33.67,34.39,33.55,34.17,,2022-10-04 12:00:00+00:00
1664899200,34.17,34.25,33.79,34.1,,2022-10-04 16:00:00+00:00
1664913600,34.11,34.4,33.92,34.09,,2022-10-04 20:00:00+00:00
1664928000,34.1,34.37,33.89,34.08,,2022-10-05 00:00:00+00:00
1664942400,34.08,34.32,33.93,34.12,,2022-10-05 04:00:00+00:00
1664956800,34.12,34.14,33.44,33.52,,2022-10-05 08:00:00+00:00
1664971200,33.52,33.7,33.18,33.68,,2022-10-05 12:00:00+00:00
1664985600,33.68,34.28,33.62,33.87,,2022-10-05 16:00:00+00:00
1665000000,33.87,34.15,33.66,34.04,,2022-10-05 20:00:00+00:00
1665014400,34.04,34.5,34.03,34.32,,2022-10-06 00:00:00+00:00
1665028800,34.32,34.46,33.89,34.05,,2022-10-06 04:00:00+00:00
1665043200,34.05,34.17,33.84,34.14,,2022-10-06 08:00:00+00:00
1665057600,34.15,34.32,33.57,33.83,,2022-10-06 12:00:00+00:00
1665072000,33.83,34.04,33.58,33.64,,2022-10-06 16:00:00+00:00
1665086400,33.63,33.8,33.23,33.36,,2022-10-06 20:00:00+00:00
1665100800,33.35,33.76,33.33,33.62,,2022-10-07 00:00:00+00:00
1665115200,33.62,33.74,33.14,33.33,,2022-10-07 04:00:00+00:00
1665129600,33.33,33.47,33.15,33.35,,2022-10-07 08:00:00+00:00
1665144000,33.35,33.39,32.43,32.91,,2022-10-07 12:00:00+00:00
1665158400,32.9,33.06,32.61,32.96,,2022-10-07 16:00:00+00:00
1665172800,32.96,33.15,32.83,32.98,,2022-10-07 20:00:00+00:00
1665187200,32.98,33.08,32.77,32.83,,2022-10-08 00:00:00+00:00
1665201600,32.83,33.02,32.72,33.0,,2022-10-08 04:00:00+00:00
1665216000,33.0,33.0,32.84,32.96,,2022-10-08 08:00:00+00:00
1665230400,32.95,32.98,32.68,32.83,,2022-10-08 12:00:00+00:00
1665244800,32.83,32.99,32.66,32.72,,2022-10-08 16:00:00+00:00
1665259200,32.72,32.82,32.35,32.58,,2022-10-08 20:00:00+00:00
1665273600,32.57,32.64,32.44,32.51,,2022-10-09 00:00:00+00:00
1665288000,32.5,32.77,32.47,32.72,,2022-10-09 04:00:00+00:00
1665302400,32.72,32.95,32.6,32.83,,2022-10-09 08:00:00+00:00
1665316800,32.83,33.14,32.8,33.11,,2022-10-09 12:00:00+00:00
1665331200,33.1,33.12,32.85,32.96,,2022-10-09 16:00:00+00:00
1665345600,32.96,32.99,32.6,32.92,,2022-10-09 20:00:00+00:00
1665360000,32.92,33.46,32.84,33.04,,2022-10-10 00:00:00+00:00
1665374400,33.04,33.11,32.77,32.9,,2022-10-10 04:00:00+00:00
1665388800,32.9,32.91,32.36,32.7,,2022-10-10 08:00:00+00:00
1665403200,32.71,32.91,32.41,32.6,,2022-10-10 12:00:00+00:00
1665417600,32.6,32.65,32.27,32.46,,2022-10-10 16:00:00+00:00
1665432000,32.46,32.57,31.88,31.96,,2022-10-10 20:00:00+00:00
1665446400,31.95,31.96,31.07,31.36,,2022-10-11 00:00:00+00:00
1665460800,31.36,31.61,31.28,31.56,,2022-10-11 04:00:00+00:00
1665475200,31.55,31.64,31.27,31.55,,2022-10-11 08:00:00+00:00
1665489600,31.56,31.74,31.07,31.57,,2022-10-11 12:00:00+00:00
1665504000,31.57,31.89,31.13,31.16,,2022-10-11 16:00:00+00:00
1665518400,31.15,31.39,30.42,30.8,,2022-10-11 20:00:00+00:00
1665532800,30.8,31.12,30.67,30.94,,2022-10-12 00:00:00+00:00
1665547200,30.94,31.43,30.93,31.25,,2022-10-12 04:00:00+00:00
1665561600,31.26,31.55,31.15,31.24,,2022-10-12 08:00:00+00:00
1665576000,31.24,31.35,30.91,31.28,,2022-10-12 12:00:00+00:00
1665590400,31.29,31.29,30.85,31.11,,2022-10-12 16:00:00+00:00
1665604800,31.11,31.28,31.09,31.16,,2022-10-12 20:00:00+00:00
1665619200,31.15,31.21,30.52,30.76,,2022-10-13 00:00:00+00:00
1665633600,30.77,30.77,29.31,29.72,,2022-10-13 04:00:00+00:00
1665648000,29.73,29.96,28.25,28.8,,2022-10-13 08:00:00+00:00
1665662400,28.8,30.1,27.87,29.67,,2022-10-13 12:00:00+00:00
1665676800,29.67,30.93,29.6,30.59,,2022-10-13 16:00:00+00:00
1665691200,30.59,30.9,30.49,30.49,,2022-10-13 20:00:00+00:00
1665705600,30.48,31.89,30.38,31.65,,2022-10-14 00:00:00+00:00
1665720000,31.65,31.98,31.21,31.33,,2022-10-14 04:00:00+00:00
1665734400,31.33,31.52,31.15,31.21,,2022-10-14 08:00:00+00:00
1665748800,31.22,31.8,30.81,30.82,,2022-10-14 12:00:00+00:00
1665763200,30.81,30.9,29.97,30.2,,2022-10-14 16:00:00+00:00
1665777600,30.21,30.3,29.62,30.0,,2022-10-14 20:00:00+00:00
1665792000,30.0,30.2,29.88,30.11,,2022-10-15 00:00:00+00:00
1665806400,30.11,30.19,29.85,30.05,,2022-10-15 04:00:00+00:00
1665820800,30.05,30.06,29.55,29.99,,2022-10-15 08:00:00+00:00
1665835200,29.99,30.1,29.72,29.92,,2022-10-15 12:00:00+00:00
1665849600,29.92,30.08,29.76,29.86,,2022-10-15 16:00:00+00:00
1665864000,29.86,29.86,29.42,29.59,,2022-10-15 20:00:00+00:00
1665878400,29.59,29.94,29.56,29.79,,2022-10-16 00:00:00+00:00
1665892800,29.79,29.92,29.68,29.76,,2022-10-16 04:00:00+00:00
1665907200,29.76,30.04,29.76,29.95,,2022-10-16 08:00:00+00:00
1665921600,29.95,30.05,29.82,29.96,,2022-10-16 12:00:00+00:00
1665936000,29.96,30.4,29.82,30.38,,2022-10-16 16:00:00+00:00
1665950400,30.39,30.53,29.88,30.17,,2022-10-16 20:00:00+00:00
1665964800,30.16,30.26,29.84,30.01,,2022-10-17 00:00:00+00:00
1665979200,30.01,30.37,29.95,30.31,,2022-10-17 04:00:00+00:00
1665993600,30.32,30.77,30.17,30.53,,2022-10-17 08:00:00+00:00
1666008000,30.53,31.21,30.42,30.93,,2022-10-17 12:00:00+00:00
1666022400,30.93,30.99,30.56,30.8,,2022-10-17 16:00:00+00:00
1666036800,30.79,31.29,30.76,31.21,,2022-10-17 20:00:00+00:00
1666051200,31.22,31.48,30.91,31.11,,2022-10-18 00:00:00+00:00
1666065600,31.11,31.25,30.92,31.12,,2022-10-18 04:00:00+00:00
1666080000,31.12,31.14,30.41,30.84,,2022-10-18 08:00:00+00:00
1666094400,30.84,31.02,30.13,30.32,,2022-10-18 12:00:00+00:00
1666108800,30.31,30.5,29.73,30.08,,2022-10-18 16:00:00+00:00
1666123200,30.09,30.48,30.03,30.15,,2022-10-18 20:00:00+00:00
1666137600,30.14,30.26,29.89,30.03,,2022-10-19 00:00:00+00:00
1666152000,30.03,30.07,29.76,30.06,,2022-10-19 04:00:00+00:00
1666166400,30.06,30.18,29.77,29.93,,2022-10-19 08:00:00+00:00
1666180800,29.93,30.02,29.56,29.99,,2022-10-19 12:00:00+00:00
1666195200,29.99,30.01,29.52,29.76,,2022-10-19 16:00:00+00:00
1666209600,29.75,29.85,28.61,28.86,,2022-10-19 20:00:00+00:00
1666224000,28.86,29.01,28.42,28.91,,2022-10-20 00:00:00+00:00
1666238400,28.92,29.37,28.89,29.25,,2022-10-20 04:00:00+00:00
1666252800,29.25,29.47,29.16,29.33,,2022-10-20 08:00:00+00:00
1666267200,29.34,29.44,28.96,29.14,,2022-10-20 12:00:00+00:00
1666281600,29.14,29.15,28.05,28.26,,2022-10-20 16:00:00+00:00
1666296000,28.25,28.41,27.98,28.01,,2022-10-20 20:00:00+00:00
1666310400,28.01,28.24,27.51,28.13,,2022-10-21 00:00:00+00:00
1666324800,28.13,28.21,27.84,27.92,,2022-10-21 04:00:00+00:00
1666339200,27.91,27.95,27.23,27.48,,2022-10-21 08:00:00+00:00
1666353600,27.49,27.72,26.84,27.58,,2022-10-21 12:00:00+00:00
1666368000,27.58,28.26,27.57,28.19,,2022-10-21 16:00:00+00:00
1666382400,28.19,28.28,27.87,28.1,,2022-10-21 20:00:00+00:00
1666396800,28.1,28.17,27.66,27.82,,2022-10-22 00:00:00+00:00
1666411200,27.81,27.89,27.48,27.77,,2022-10-22 04:00:00+00:00
1666425600,27.77,28.02,27.72,27.99,,2022-10-22 08:00:00+00:00
1666440000,27.98,28.22,27.83,28.0,,2022-10-22 12:00:00+00:00
1666454400,27.99,28.08,27.64,27.82,,2022-10-22 16:00:00+00:00
1666468800,27.82,28.19,27.75,28.01,,2022-10-22 20:00:00+00:00
1666483200,28.01,28.58,27.91,28.36,,2022-10-23 00:00:00+00:00
1666497600,28.35,28.58,28.21,28.42,,2022-10-23 04:00:00+00:00
1666512000,28.42,28.53,27.93,27.96,,2022-10-23 08:00:00+00:00
1666526400,27.96,28.16,27.73,27.94,,2022-10-23 12:00:00+00:00
1666540800,27.94,29.03,27.89,28.81,,2022-10-23 16:00:00+00:00
1666555200,28.82,29.44,28.73,29.28,,2022-10-23 20:00:00+00:00
1666569600,29.28,29.5,28.57,28.62,,2022-10-24 00:00:00+00:00
1666584000,28.61,28.78,28.35,28.54,,2022-10-24 04:00:00+00:00
1666598400,28.54,29.2,28.47,29.13,,2022-10-24 08:00:00+00:00
1666612800,29.13,29.19,28.18,28.45,,2022-10-24 12:00:00+00:00
1666627200,28.44,28.59,28.16,28.41,,2022-10-24 16:00:00+00:00
1666641600,28.41,28.57,28.23,28.3,,2022-10-24 20:00:00+00:00
1666656000,28.31,28.53,28.09,28.47,,2022-10-25 00:00:00+00:00
1666670400,28.48,28.6,28.34,28.44,,2022-10-25 04:00:00+00:00
1666684800,28.43,28.45,28.05,28.22,,2022-10-25 08:00:00+00:00
1666699200,28.22,29.79,28.1,29.69,,2022-10-25 12:00:00+00:00
1666713600,29.69,32.31,29.69,31.5,,2022-10-25 16:00:00+00:00
1666728000,31.51,31.58,30.71,30.86,,2022-10-25 20:00:00+00:00
1666742400,30.87,31.36,30.8,31.11,,2022-10-26 00:00:00+00:00
1666756800,31.11,31.53,30.98,31.34,,2022-10-26 04:00:00+00:00
1666771200,31.34,31.91,31.11,31.25,,2022-10-26 08:00:00+00:00
1666785600,31.25,32.17,30.63,31.42,,2022-10-26 12:00:00+00:00
1666800000,31.42,31.67,30.94,31.27,,2022-10-26 16:00:00+00:00
1666814400,31.27,31.6,30.99,31.29,,2022-10-26 20:00:00+00:00
1666828800,31.29,31.63,31.06,31.44,,2022-10-27 00:00:00+00:00
1666843200,31.44,32.36,31.39,31.65,,2022-10-27 04:00:00+00:00
1666857600,31.64,31.85,31.19,31.37,,2022-10-27 08:00:00+00:00
1666872000,31.36,32.1,31.18,31.3,,2022-10-27 12:00:00+00:00
1666886400,31.31,31.61,31.1,31.42,,2022-10-27 16:00:00+00:00
1666900800,31.43,31.5,30.41,30.58,,2022-10-27 20:00:00+00:00
1666915200,30.6,30.86,30.38,30.68,,2022-10-28 00:00:00+00:00
1666929600,30.67,30.72,30.11,30.22,,2022-10-28 04:00:00+00:00
1666944000,30.22,30.64,30.21,30.42,,2022-10-28 08:00:00+00:00
1666958400,30.41,31.32,30.12,31.1,,2022-10-28 12:00:00+00:00
1666972800,31.09,32.28,31.03,32.01,,2022-10-28 16:00:00+00:00
1666987200,32.01,32.54,31.98,32.07,,2022-10-28 20:00:00+00:00
1667001600,32.06,33.0,31.85,32.89,,2022-10-29 00:00:00+00:00
1667016000,32.9,33.3,32.53,33.29,,2022-10-29 04:00:00+00:00
1667030400,33.28,33.84,32.86,32.97,,2022-10-29 08:00:00+00:00
1667044800,32.98,33.4,32.74,33.15,,2022-10-29 12:00:00+00:00
1667059200,33.15,33.73,32.77,32.93,,2022-10-29 16:00:00+00:00
1667073600,32.94,33.14,32.6,32.87,,2022-10-29 20:00:00+00:00
1667088000,32.87,33.26,32.72,33.0,,2022-10-30 00:00:00+00:00
1667102400,33.01,33.53,32.74,33.42,,2022-10-30 04:00:00+00:00
1667116800,33.41,33.54,32.38,32.69,,2022-10-30 08:00:00+00:00
1667131200,32.69,32.72,32.12,32.22,,2022-10-30 12:00:00+00:00
1667145600,32.21,32.49,32.0,32.34,,2022-10-30 16:00:00+00:00
1667160000,32.35,33.15,31.93,32.94,,2022-10-30 20:00:00+00:00
1667174400,32.93,33.38,32.41,32.82,,2022-10-31 00:00:00+00:00
1667188800,32.82,33.49,32.82,33.41,,2022-10-31 04:00:00+00:00
1667203200,33.42,34.39,33.13,34.03,,2022-10-31 08:00:00+00:00
1667217600,34.03,34.17,32.63,33.01,,2022-10-31 12:00:00+00:00
1667232000,33.0,33.24,32.54,32.55,,2022-10-31 16:00:00+00:00
1667246400,32.55,32.77,32.2,32.56,,2022-10-31 20:00:00+00:00
1667260800,32.57,33.0,32.5,32.61,,2022-11-01 00:00:00+00:00
1667275200,32.61,33.23,32.57,33.03,,2022-11-01 04:00:00+00:00
1667289600,33.03,33.39,32.83,32.9,,2022-11-01 08:00:00+00:00
1667304000,32.91,33.14,32.27,32.48,,2022-11-01 12:00:00+00:00
1667318400,32.47,32.59,32.16,32.22,,2022-11-01 16:00:00+00:00
1667332800,32.22,32.44,32.15,32.2,,2022-11-01 20:00:00+00:00
1667347200,32.2,32.38,31.93,32.26,,2022-11-02 00:00:00+00:00
1667361600,32.26,32.42,31.53,31.73,,2022-11-02 04:00:00+00:00
1667376000,31.72,31.96,31.11,31.3,,2022-11-02 08:00:00+00:00
1667390400,31.3,31.56,31.13,31.33,,2022-11-02 12:00:00+00:00
1667404800,31.32,32.95,30.83,30.91,,2022-11-02 16:00:00+00:00
1667419200,30.91,31.03,30.24,30.8,,2022-11-02 20:00:00+00:00
1667433600,30.81,31.81,30.61,31.64,,2022-11-03 00:00:00+00:00
1667448000,31.65,32.25,31.59,31.64,,2022-11-03 04:00:00+00:00
1667462400,31.65,32.06,31.13,31.26,,2022-11-03 08:00:00+00:00
1667476800,31.26,31.57,30.86,31.2,,2022-11-03 12:00:00+00:00
1667491200,31.19,31.44,31.16,31.31,,2022-11-03 16:00:00+00:00
1667505600,31.31,31.43,30.62,30.85,,2022-11-03 20:00:00+00:00
1667520000,30.86,31.94,30.66,31.94,,2022-11-04 00:00:00+00:00
1667534400,31.94,32.58,31.68,32.39,,2022-11-04 04:00:00+00:00
1667548800,32.39,32.77,32.15,32.31,,2022-11-04 08:00:00+00:00
1667563200,32.31,34.0,31.87,33.13,,2022-11-04 12:00:00+00:00
1667577600,33.12,33.53,32.7,33.5,,2022-11-04 16:00:00+00:00
1667592000,33.5,34.2,33.38,33.74,,2022-11-04 20:00:00+00:00
1667606400,33.73,35.04,33.66,34.7,,2022-11-05 00:00:00+00:00
1667620800,34.69,35.6,34.51,35.24,,2022-11-05 04:00:00+00:00
1667635200,35.23,35.55,34.8,35.42,,2022-11-05 08:00:00+00:00
1667649600,35.42,38.08,34.39,37.24,,2022-11-05 12:00:00+00:00
1667664000,37.24,38.79,35.77,37.09,,2022-11-05 16:00:00+00:00
1667678400,37.1,37.32,36.46,36.9,,2022-11-05 20:00:00+00:00
1667692800,36.9,37.06,35.63,36.01,,2022-11-06 00:00:00+00:00
1667707200,36.01,36.23,35.53,36.16,,2022-11-06 04:00:00+00:00
1667721600,36.17,36.41,35.57,35.75,,2022-11-06 08:00:00+00:00
1667736000,35.75,36.0,34.96,35.05,,2022-11-06 12:00:00+00:00
1667750400,35.06,35.4,33.71,34.19,,2022-11-06 16:00:00+00:00
1667764800,34.18,34.18,32.31,32.62,,2022-11-06 20:00:00+00:00
1667779200,32.61,33.13,32.12,32.44,,2022-11-07 00:00:00+00:00
1667793600,32.45,32.57,30.7,30.78,,2022-11-07 04:00:00+00:00
1667808000,30.78,31.93,30.62,31.62,,2022-11-07 08:00:00+00:00
1667822400,31.61,32.85,30.87,32.82,,2022-11-07 12:00:00+00:00
1667836800,32.82,32.87,31.86,32.38,,2022-11-07 16:00:00+00:00
1667851200,32.38,32.47,28.0,29.62,,2022-11-07 20:00:00+00:00
1667865600,29.62,29.7,26.0,26.5,,2022-11-08 00:00:00+00:00
1667880000,26.5,28.68,25.0,27.96,,2022-11-08 04:00:00+00:00
1667894400,27.95,29.09,27.78,28.0,,2022-11-08 08:00:00+00:00
1667908800,28.01,28.51,26.65,27.72,,2022-11-08 12:00:00+00:00
1667923200,27.71,31.72,19.8,23.77,,2022-11-08 16:00:00+00:00
1667937600,23.77,24.73,22.63,24.38,,2022-11-08 20:00:00+00:00
1667952000,24.38,24.38,21.21,22.1,,2022-11-09 00:00:00+00:00
1667966400,22.11,22.17,19.12,19.29,,2022-11-09 04:00:00+00:00
1667980800,19.29,20.48,16.24,20.05,,2022-11-09 08:00:00+00:00
1667995200,20.05,20.77,15.73,16.07,,2022-11-09 12:00:00+00:00
1668009600,16.08,17.84,12.54,13.84,,2022-11-09 16:00:00+00:00
1668024000,13.85,14.87,12.37,14.08,,2022-11-09 20:00:00+00:00
1668038400,14.08,16.05,13.19,15.28,,2022-11-10 00:00:00+00:00
1668052800,15.29,16.06,14.53,15.34,,2022-11-10 04:00:00+00:00
1668067200,15.34,15.34,13.14,14.15,,2022-11-10 08:00:00+00:00
1668081600,14.16,18.55,14.0,17.67,,2022-11-10 12:00:00+00:00
1668096000,17.66,18.87,16.24,17.28,,2022-11-10 16:00:00+00:00
1668110400,17.29,18.5,16.9,17.66,,2022-11-10 20:00:00+00:00
1668124800,17.65,18.15,15.81,16.39,,2022-11-11 00:00:00+00:00
1668139200,16.38,17.69,16.16,17.22,,2022-11-11 04:00:00+00:00
1668153600,17.22,18.31,17.07,18.13,,2022-11-11 08:00:00+00:00
1668168000,18.13,18.28,15.1,16.46,,2022-11-11 12:00:00+00:00
1668182400,16.46,16.65,15.79,16.22,,2022-11-11 16:00:00+00:00
1668196800,16.21,16.5,15.37,16.45,,2022-11-11 20:00:00+00:00
1668211200,16.46,16.53,15.67,15.81,,2022-11-12 00:00:00+00:00
1668225600,15.82,15.93,14.75,15.49,,2022-11-12 04:00:00+00:00
1668240000,15.49,15.7,15.04,15.31,,2022-11-12 08:00:00+00:00
1668254400,15.31,15.5,14.79,14.82,,2022-11-12 12:00:00+00:00
1668268800,14.82,15.26,14.76,15.16,,2022-11-12 16:00:00+00:00
1668283200,15.15,15.17,14.47,14.58,,2022-11-12 20:00:00+00:00
1668297600,14.58,14.74,14.04,14.55,,2022-11-13 00:00:00+00:00
1668312000,14.55,14.67,13.5,13.95,,2022-11-13 04:00:00+00:00
1668326400,13.95,13.99,13.33,13.78,,2022-11-13 08:00:00+00:00
1668340800,13.78,14.43,13.61,14.06,,2022-11-13 12:00:00+00:00
1668355200,14.05,14.19,13.63,13.99,,2022-11-13 16:00:00+00:00
1668369600,13.98,14.02,13.02,13.18,,2022-11-13 20:00:00+00:00
1668384000,13.18,13.34,12.07,13.0,,2022-11-14 00:00:00+00:00
1668398400,13.01,14.98,12.46,14.54,,2022-11-14 04:00:00+00:00
1668412800,14.54,15.01,14.19,14.22,,2022-11-14 08:00:00+00:00
1668427200,14.23,14.97,13.5,13.72,,2022-11-14 12:00:00+00:00
1668441600,13.72,14.24,13.25,13.74,,2022-11-14 16:00:00+00:00
1668456000,13.75,14.23,13.59,14.0,,2022-11-14 20:00:00+00:00
1668470400,14.0,14.47,13.82,14.2,,2022-11-15 00:00:00+00:00
1668484800,14.19,14.7,13.91,14.48,,2022-11-15 04:00:00+00:00
1668499200,14.48,14.91,14.45,14.53,,2022-11-15 08:00:00+00:00
1668513600,14.54,15.1,14.05,14.35,,2022-11-15 12:00:00+00:00
1668528000,14.34,14.62,14.05,14.34,,2022-11-15 16:00:00+00:00
1668542400,14.35,14.44,14.15,14.32,,2022-11-15 20:00:00+00:00
1668556800,14.32,14.6,14.1,14.51,,2022-11-16 00:00:00+00:00
1668571200,14.51,14.57,14.27,14.34,,2022-11-16 04:00:00+00:00
1668585600,14.34,14.64,14.08,14.17,,2022-11-16 08:00:00+00:00
1668600000,14.16,14.2,13.67,13.77,,2022-11-16 12:00:00+00:00
1668614400,13.77,14.22,13.64,14.12,,2022-11-16 16:00:00+00:00
1668628800,14.12,14.42,14.1,14.27,,2022-11-16 20:00:00+00:00
1668643200,14.27,14.5,14.19,14.25,,2022-11-17 00:00:00+00:00
1668657600,14.25,14.43,14.06,14.27,,2022-11-17 04:00:00+00:00
1668672000,14.26,14.34,14.07,14.22,,2022-11-17 08:00:00+00:00
1668686400,14.22,14.23,12.93,13.52,,2022-11-17 12:00:00+00:00
1668700800,13.52,13.76,13.32,13.45,,2022-11-17 16:00:00+00:00
1668715200,13.44,13.81,13.4,13.65,,2022-11-17 20:00:00+00:00
1668729600,13.65,13.89,13.55,13.72,,2022-11-18 00:00:00+00:00
1668744000,13.71,13.74,13.55,13.62,,2022-11-18 04:00:00+00:00
1668758400,13.62,13.73,13.47,13.57,,2022-11-18 08:00:00+00:00
1668772800,13.57,13.65,13.25,13.37,,2022-11-18 12:00:00+00:00
1668787200,13.37,13.41,13.0,13.17,,2022-11-18 16:00:00+00:00
1668801600,13.16,13.3,13.12,13.27,,2022-11-18 20:00:00+00:00
1668816000,13.28,13.28,12.65,12.88,,2022-11-19 00:00:00+00:00
1668830400,12.88,13.02,12.71,12.85,,2022-11-19 04:00:00+00:00
1668844800,12.86,13.0,12.8,12.85,,2022-11-19 08:00:00+00:00
1668859200,12.85,12.89,12.58,12.72,,2022-11-19 12:00:00+00:00
1668873600,12.72,12.9,12.66,12.79,,2022-11-19 16:00:00+00:00
1668888000,12.8,12.98,12.76,12.84,,2022-11-19 20:00:00+00:00
1668902400,12.84,12.94,12.7,12.92,,2022-11-20 00:00:00+00:00
1668916800,12.92,13.58,12.92,13.06,,2022-11-20 04:00:00+00:00
1668931200,13.07,13.09,12.55,12.55,,2022-11-20 08:00:00+00:00
1668945600,12.56,13.16,12.47,13.0,,2022-11-20 12:00:00+00:00
1668960000,13.0,13.03,12.67,12.76,,2022-11-20 16:00:00+00:00
1668974400,12.76,12.8,12.1,12.27,,2022-11-20 20:00:00+00:00
1668988800,12.26,12.29,11.56,11.75,,2022-11-21 00:00:00+00:00
1669003200,11.75,12.01,11.65,11.72,,2022-11-21 04:00:00+00:00
1669017600,11.72,11.9,11.54,11.81,,2022-11-21 08:00:00+00:00
1669032000,11.82,12.17,11.73,11.92,,2022-11-21 12:00:00+00:00
1669046400,11.92,12.08,11.27,11.42,,2022-11-21 16:00:00+00:00
1669060800,11.42,12.01,11.4,11.83,,2022-11-21 20:00:00+00:00
1669075200,11.83,12.08,11.57,11.61,,2022-11-22 00:00:00+00:00
1669089600,11.6,11.7,11.32,11.51,,2022-11-22 04:00:00+00:00
1669104000,11.51,11.52,11.0,11.04,,2022-11-22 08:00:00+00:00
1669118400,11.03,12.09,10.94,12.06,,2022-11-22 12:00:00+00:00
1669132800,12.06,12.18,11.66,11.84,,2022-11-22 16:00:00+00:00
1669147200,11.83,12.5,11.83,12.44,,2022-11-22 20:00:00+00:00
1669161600,12.43,13.44,12.4,13.08,,2022-11-23 00:00:00+00:00
1669176000,13.07,13.27,12.82,13.13,,2022-11-23 04:00:00+00:00
1669190400,13.14,13.48,12.94,13.34,,2022-11-23 08:00:00+00:00
1669204800,13.33,13.37,12.71,13.08,,2022-11-23 12:00:00+00:00
1669219200,13.09,14.5,12.99,14.06,,2022-11-23 16:00:00+00:00
1669233600,14.06,14.48,13.85,14.36,,2022-11-23 20:00:00+00:00
1669248000,14.36,14.96,13.98,14.61,,2022-11-24 00:00:00+00:00
1669262400,14.62,14.63,14.18,14.42,,2022-11-24 04:00:00+00:00
1669276800,14.41,14.5,13.84,14.09,,2022-11-24 08:00:00+00:00
1669291200,14.1,14.55,13.99,14.44,,2022-11-24 12:00:00+00:00
1669305600,14.44,14.79,14.32,14.44,,2022-11-24 16:00:00+00:00
1669320000,14.43,14.68,14.3,14.59,,2022-11-24 20:00:00+00:00
1669334400,14.6,14.61,13.97,14.2,,2022-11-25 00:00:00+00:00
1669348800,14.2,14.26,13.91,14.24,,2022-11-25 04:00:00+00:00
1669363200,14.25,14.48,13.98,14.31,,2022-11-25 08:00:00+00:00
1669377600,14.31,14.43,14.04,14.15,,2022-11-25 12:00:00+00:00
1669392000,14.15,14.23,13.95,14.23,,2022-11-25 16:00:00+00:00
1669406400,14.22,14.31,14.01,14.03,,2022-11-25 20:00:00+00:00
1669420800,14.03,14.58,13.99,14.37,,2022-11-26 00:00:00+00:00
1669435200,14.37,14.5,14.23,14.48,,2022-11-26 04:00:00+00:00
1669449600,14.47,14.98,14.34,14.75,,2022-11-26 08:00:00+00:00
1669464000,14.74,14.76,14.35,14.42,,2022-11-26 12:00:00+00:00
1669478400,14.43,14.44,14.07,14.24,,2022-11-26 16:00:00+00:00
1669492800,14.23,14.24,13.97,14.17,,2022-11-26 20:00:00+00:00
1669507200,14.17,14.31,14.06,14.27,,2022-11-27 00:00:00+00:00
1669521600,14.26,14.45,14.21,14.31,,2022-11-27 04:00:00+00:00
1669536000,14.32,14.38,14.21,14.35,,2022-11-27 08:00:00+00:00
1669550400,14.35,14.43,14.16,14.41,,2022-11-27 12:00:00+00:00
1669564800,14.41,14.43,14.21,14.31,,2022-11-27 16:00:00+00:00
1669579200,14.3,14.44,14.05,14.12,,2022-11-27 20:00:00+00:00
1669593600,14.11,14.17,12.78,13.1,,2022-11-28 00:00:00+00:00
1669608000,13.1,13.54,13.05,13.43,,2022-11-28 04:00:00+00:00
1669622400,13.43,13.56,13.27,13.47,,2022-11-28 08:00:00+00:00
1669636800,13.46,13.53,13.09,13.23,,2022-11-28 12:00:00+00:00
1669651200,13.24,13.76,13.0,13.35,,2022-11-28 16:00:00+00:00
1669665600,13.36,13.43,13.27,13.32,,2022-11-28 20:00:00+00:00
1669680000,13.33,13.58,13.14,13.47,,2022-11-29 00:00:00+00:00
1669694400,13.47,13.9,13.45,13.73,,2022-11-29 04:00:00+00:00
1669708800,13.74,13.96,13.6,13.64,,2022-11-29 08:00:00+00:00
1669723200,13.65,13.67,13.33,13.44,,2022-11-29 12:00:00+00:00
1669737600,13.45,13.46,13.28,13.42,,2022-11-29 16:00:00+00:00
1669752000,13.42,13.47,13.27,13.34,,2022-11-29 20:00:00+00:00
1669766400,13.35,13.93,13.33,13.5,,2022-11-30 00:00:00+00:00
1669780800,13.5,13.74,13.5,13.7,,2022-11-30 04:00:00+00:00
1669795200,13.71,13.8,13.65,13.71,,2022-11-30 08:00:00+00:00
1669809600,13.72,13.73,13.47,13.53,,2022-11-30 12:00:00+00:00
1669824000,13.53,13.85,13.21,13.64,,2022-11-30 16:00:00+00:00
1669838400,13.65,14.32,13.61,14.16,,2022-11-30 20:00:00+00:00
1669852800,14.17,14.19,13.81,13.92,,2022-12-01 00:00:00+00:00
1669867200,13.93,14.0,13.81,13.81,,2022-12-01 04:00:00+00:00
1669881600,13.82,13.93,13.74,13.82,,2022-12-01 08:00:00+00:00
1669896000,13.82,13.95,13.46,13.62,,2022-12-01 12:00:00+00:00
1669910400,13.63,13.65,13.5,13.52,,2022-12-01 16:00:00+00:00
1669924800,13.52,13.57,13.4,13.51,,2022-12-01 20:00:00+00:00
1669939200,13.51,13.68,13.33,13.44,,2022-12-02 00:00:00+00:00
1669953600,13.44,13.56,13.33,13.53,,2022-12-02 04:00:00+00:00
1669968000,13.52,13.68,13.49,13.61,,2022-12-02 08:00:00+00:00
1669982400,13.61,13.84,13.37,13.54,,2022-12-02 12:00:00+00:00
1669996800,13.53,13.7,13.45,13.69,,2022-12-02 16:00:00+00:00
1670011200,13.69,13.79,13.66,13.71,,2022-12-02 20:00:00+00:00
1670025600,13.71,13.77,13.56,13.63,,2022-12-03 00:00:00+00:00
1670040000,13.64,13.69,13.51,13.56,,2022-12-03 04:00:00+00:00
1670054400,13.56,13.6,13.44,13.5,,2022-12-03 08:00:00+00:00
1670068800,13.49,13.59,13.48,13.58,,2022-12-03 12:00:00+00:00
1670083200,13.57,13.64,13.48,13.52,,2022-12-03 16:00:00+00:00
1670097600,13.52,13.53,13.2,13.29,,2022-12-03 20:00:00+00:00
1670112000,13.29,13.54,13.27,13.42,,2022-12-04 00:00:00+00:00
1670126400,13.42,13.52,13.41,13.46,,2022-12-04 04:00:00+00:00
1670140800,13.46,13.48,13.34,13.38,,2022-12-04 08:00:00+00:00
1670155200,13.37,13.51,13.35,13.48,,2022-12-04 12:00:00+00:00
1670169600,13.48,13.57,13.44,13.55,,2022-12-04 16:00:00+00:00
1670184000,13.54,13.75,13.53,13.71,,2022-12-04 20:00:00+00:00
1670198400,13.71,14.17,13.66,13.91,,2022-12-05 00:00:00+00:00
1670212800,13.9,14.04,13.84,13.93,,2022-12-05 04:00:00+00:00
1670227200,13.93,14.09,13.93,13.98,,2022-12-05 08:00:00+00:00
1670241600,13.98,14.0,13.66,13.75,,2022-12-05 12:00:00+00:00
1670256000,13.76,14.01,13.58,13.68,,2022-12-05 16:00:00+00:00
1670270400,13.68,14.0,13.65,13.82,,2022-12-05 20:00:00+00:00
1670284800,13.82,14.29,13.81,14.16,,2022-12-06 00:00:00+00:00
1670299200,14.17,14.38,14.02,14.15,,2022-12-06 04:00:00+00:00
1670313600,14.14,14.19,13.89,14.02,,2022-12-06 08:00:00+00:00
1670328000,14.01,14.12,13.9,13.98,,2022-12-06 12:00:00+00:00
1670342400,13.98,14.1,13.93,14.01,,2022-12-06 16:00:00+00:00
1670356800,14.01,14.31,14.01,14.3,,2022-12-06 20:00:00+00:00
1670371200,14.3,14.34,14.04,14.05,,2022-12-07 00:00:00+00:00
1670385600,14.04,14.08,13.57,13.62,,2022-12-07 04:00:00+00:00
1670400000,13.62,13.73,13.39,13.62,,2022-12-07 08:00:00+00:00
1670414400,13.61,13.73,13.58,13.68,,2022-12-07 12:00:00+00:00
1670428800,13.68,13.74,13.53,13.58,,2022-12-07 16:00:00+00:00
1670443200,13.57,13.62,13.46,13.49,,2022-12-07 20:00:00+00:00
1670457600,13.49,13.54,13.32,13.45,,2022-12-08 00:00:00+00:00
1670472000,13.45,13.55,13.27,13.51,,2022-12-08 04:00:00+00:00
1670486400,13.5,13.59,13.39,13.5,,2022-12-08 08:00:00+00:00
1670500800,13.49,13.62,13.43,13.57,,2022-12-08 12:00:00+00:00
1670515200,13.57,13.77,13.54,13.73,,2022-12-08 16:00:00+00:00
1670529600,13.74,13.77,13.62,13.69,,2022-12-08 20:00:00+00:00
1670544000,13.69,13.79,13.62,13.75,,2022-12-09 00:00:00+00:00
1670558400,13.74,13.75,13.64,13.7,,2022-12-09 04:00:00+00:00
1670572800,13.7,14.02,13.64,13.86,,2022-12-09 08:00:00+00:00
1670587200,13.87,13.93,13.68,13.87,,2022-12-09 12:00:00+00:00
1670601600,13.87,13.89,13.55,13.62,,2022-12-09 16:00:00+00:00
1670616000,13.61,13.63,13.51,13.59,,2022-12-09 20:00:00+00:00
1670630400,13.58,13.66,13.55,13.62,,2022-12-10 00:00:00+00:00
1670644800,13.62,13.73,13.61,13.62,,2022-12-10 04:00:00+00:00
1670659200,13.62,13.64,13.55,13.59,,2022-12-10 08:00:00+00:00
1670673600,13.59,13.67,13.56,13.64,,2022-12-10 12:00:00+00:00
1670688000,13.64,13.7,13.61,13.64,,2022-12-10 16:00:00+00:00
1670702400,13.65,13.69,13.54,13.58,,2022-12-10 20:00:00+00:00
1670716800,13.58,13.65,13.53,13.64,,2022-12-11 00:00:00+00:00
1670731200,13.65,13.67,13.61,13.64,,2022-12-11 04:00:00+00:00
1670745600,13.64,13.66,13.62,13.63,,2022-12-11 08:00:00+00:00
1670760000,13.63,13.77,13.62,13.66,,2022-12-11 12:00:00+00:00
1670774400,13.66,13.8,13.64,13.73,,2022-12-11 16:00:00+00:00
1670788800,13.73,13.73,13.39,13.42,,2022-12-11 20:00:00+00:00
1670803200,13.42,13.5,12.82,12.96,,2022-12-12 00:00:00+00:00
1670817600,12.97,13.04,12.93,12.98,,2022-12-12 04:00:00+00:00
1670832000,12.98,13.25,12.96,13.17,,2022-12-12 08:00:00+00:00
1670846400,13.17,13.2,13.01,13.1,,2022-12-12 12:00:00+00:00
1670860800,13.11,13.25,13.1,13.23,,2022-12-12 16:00:00+00:00
1670875200,13.24,13.39,13.2,13.31,,2022-12-12 20:00:00+00:00
1670889600,13.31,13.39,13.06,13.09,,2022-12-13 00:00:00+00:00
1670904000,13.08,13.18,12.76,12.96,,2022-12-13 04:00:00+00:00
1670918400,12.96,13.36,12.92,13.35,,2022-12-13 08:00:00+00:00
1670932800,13.35,14.15,13.18,13.72,,2022-12-13 12:00:00+00:00
1670947200,13.73,13.84,13.57,13.79,,2022-12-13 16:00:00+00:00
1670961600,13.79,13.9,13.72,13.89,,2022-12-13 20:00:00+00:00
1670976000,13.9,14.0,13.82,13.96,,2022-12-14 00:00:00+00:00
1670990400,13.95,14.04,13.81,13.9,,2022-12-14 04:00:00+00:00
1671004800,13.9,14.02,13.9,13.97,,2022-12-14 08:00:00+00:00
1671019200,13.97,14.55,13.95,14.48,,2022-12-14 12:00:00+00:00
1671033600,14.48,14.96,14.15,14.3,,2022-12-14 16:00:00+00:00
1671048000,14.3,14.48,14.07,14.12,,2022-12-14 20:00:00+00:00
1671062400,14.12,14.52,13.86,14.38,,2022-12-15 00:00:00+00:00
1671076800,14.38,14.4,14.13,14.14,,2022-12-15 04:00:00+00:00
1671091200,14.15,14.2,14.02,14.1,,2022-12-15 08:00:00+00:00
1671105600,14.1,14.16,13.86,14.0,,2022-12-15 12:00:00+00:00
1671120000,13.99,14.13,13.87,14.11,,2022-12-15 16:00:00+00:00
1671134400,14.11,14.2,13.92,14.04,,2022-12-15 20:00:00+00:00
1671148800,14.05,14.17,13.88,14.04,,2022-12-16 00:00:00+00:00
1671163200,14.04,14.11,13.91,14.09,,2022-12-16 04:00:00+00:00
1671177600,14.09,14.1,13.35,13.5,,2022-12-16 08:00:00+00:00
1671192000,13.5,13.5,12.95,13.01,,2022-12-16 12:00:00+00:00
1671206400,13.01,13.11,12.63,13.01,,2022-12-16 16:00:00+00:00
1671220800,13.01,13.11,12.0,12.25,,2022-12-16 20:00:00+00:00
1671235200,12.25,12.38,11.92,12.26,,2022-12-17 00:00:00+00:00
1671249600,12.26,12.6,12.18,12.46,,2022-12-17 04:00:00+00:00
1671264000,12.46,12.5,12.25,12.31,,2022-12-17 08:00:00+00:00
1671278400,12.3,12.37,12.21,12.31,,2022-12-17 12:00:00+00:00
1671292800,12.31,12.34,12.14,12.26,,2022-12-17 16:00:00+00:00
1671307200,12.26,12.55,12.24,12.51,,2022-12-17 20:00:00+00:00
1671321600,12.5,12.55,12.37,12.49,,2022-12-18 00:00:00+00:00
1671336000,12.49,12.6,12.41,12.43,,2022-12-18 04:00:00+00:00
1671350400,12.43,12.48,12.25,12.39,,2022-12-18 08:00:00+00:00
1671364800,12.39,12.45,12.29,12.31,,2022-12-18 12:00:00+00:00
1671379200,12.31,12.54,12.29,12.44,,2022-12-18 16:00:00+00:00
1671393600,12.45,12.6,12.34,12.38,,2022-12-18 20:00:00+00:00
1671408000,12.38,12.59,12.16,12.23,,2022-12-19 00:00:00+00:00
1671422400,12.24,12.34,12.18,12.24,,2022-12-19 04:00:00+00:00
1671436800,12.23,12.36,12.21,12.28,,2022-12-19 08:00:00+00:00
1671451200,12.28,12.34,12.15,12.17,,2022-12-19 12:00:00+00:00
1671465600,12.17,12.23,11.92,12.02,,2022-12-19 16:00:00+00:00
1671480000,12.02,12.15,11.66,11.94,,2022-12-19 20:00:00+00:00
1671494400,11.94,12.32,11.84,12.19,,2022-12-20 00:00:00+00:00
1671508800,12.2,12.45,12.19,12.34,,2022-12-20 04:00:00+00:00
1671523200,12.35,12.44,12.31,12.38,,2022-12-20 08:00:00+00:00
1671537600,12.38,12.49,12.19,12.35,,2022-12-20 12:00:00+00:00
1671552000,12.34,12.35,12.12,12.24,,2022-12-20 16:00:00+00:00
1671566400,12.24,12.33,12.2,12.26,,2022-12-20 20:00:00+00:00
1671580800,12.26,12.29,12.06,12.08,,2022-12-21 00:00:00+00:00
1671595200,12.08,12.11,11.92,12.03,,2022-12-21 04:00:00+00:00
1671609600,12.03,12.15,11.97,12.11,,2022-12-21 08:00:00+00:00
1671624000,12.11,12.13,11.93,12.07,,2022-12-21 12:00:00+00:00
1671638400,12.07,12.07,11.93,11.96,,2022-12-21 16:00:00+00:00
1671652800,11.96,12.22,11.9,12.14,,2022-12-21 20:00:00+00:00
1671667200,12.14,12.19,12.08,12.12,,2022-12-22 00:00:00+00:00
1671681600,12.13,12.15,11.98,12.07,,2022-12-22 04:00:00+00:00
1671696000,12.06,12.17,12.04,12.12,,2022-12-22 08:00:00+00:00
1671710400,12.11,12.15,11.72,11.77,,2022-12-22 12:00:00+00:00
1671724800,11.76,11.88,11.69,11.84,,2022-12-22 16:00:00+00:00
1671739200,11.85,12.1,11.67,11.82,,2022-12-22 20:00:00+00:00
1671753600,11.81,12.11,11.72,12.02,,2022-12-23 00:00:00+00:00
1671768000,12.03,12.04,11.84,11.89,,2022-12-23 04:00:00+00:00
1671782400,11.9,11.98,11.8,11.89,,2022-12-23 08:00:00+00:00
1671796800,11.88,11.97,11.77,11.85,,2022-12-23 12:00:00+00:00
1671811200,11.84,11.88,11.79,11.86,,2022-12-23 16:00:00+00:00
1671825600,11.86,11.88,11.75,11.78,,2022-12-23 20:00:00+00:00
1671840000,11.79,11.79,11.71,11.78,,2022-12-24 00:00:00+00:00
1671854400,11.78,11.79,11.07,11.37,,2022-12-24 04:00:00+00:00
1671868800,11.36,11.38,11.2,11.33,,2022-12-24 08:00:00+00:00
1671883200,11.32,11.4,11.27,11.37,,2022-12-24 12:00:00+00:00
1671897600,11.38,11.57,11.34,11.56,,2022-12-24 16:00:00+00:00
1671912000,11.55,11.61,11.35,11.45,,2022-12-24 20:00:00+00:00
1671926400,11.45,11.5,11.4,11.47,,2022-12-25 00:00:00+00:00
1671940800,11.47,11.56,11.4,11.48,,2022-12-25 04:00:00+00:00
1671955200,11.49,11.51,11.37,11.4,,2022-12-25 08:00:00+00:00
1671969600,11.4,11.44,11.24,11.34,,2022-12-25 12:00:00+00:00
1671984000,11.35,11.4,11.27,11.39,,2022-12-25 16:00:00+00:00
1671998400,11.4,11.45,11.32,11.38,,2022-12-25 20:00:00+00:00
1672012800,11.39,11.49,11.25,11.43,,2022-12-26 00:00:00+00:00
1672027200,11.43,11.45,11.27,11.32,,2022-12-26 04:00:00+00:00
1672041600,11.32,11.37,11.27,11.35,,2022-12-26 08:00:00+00:00
1672056000,11.35,11.38,11.12,11.19,,2022-12-26 12:00:00+00:00
1672070400,11.19,11.25,11.06,11.19,,2022-12-26 16:00:00+00:00
1672084800,11.19,11.35,11.16,11.32,,2022-12-26 20:00:00+00:00
1672099200,11.33,11.44,11.26,11.28,,2022-12-27 00:00:00+00:00
1672113600,11.28,11.3,11.2,11.23,,2022-12-27 04:00:00+00:00
1672128000,11.23,11.24,11.11,11.14,,2022-12-27 08:00:00+00:00
1672142400,11.14,11.17,10.71,10.77,,2022-12-27 12:00:00+00:00
1672156800,10.76,11.03,10.71,11.02,,2022-12-27 16:00:00+00:00
1672171200,11.02,11.16,10.97,11.09,,2022-12-27 20:00:00+00:00
1672185600,11.1,11.12,10.68,10.78,,2022-12-28 00:00:00+00:00
1672200000,10.78,10.79,9.65,10.14,,2022-12-28 04:00:00+00:00
1672214400,10.15,10.2,9.84,10.03,,2022-12-28 08:00:00+00:00
1672228800,10.02,10.37,9.87,9.95,,2022-12-28 12:00:00+00:00
1672243200,9.95,10.1,9.77,9.79,,2022-12-28 16:00:00+00:00
1672257600,9.78,9.91,9.39,9.76,,2022-12-28 20:00:00+00:00
1672272000,9.76,9.89,9.52,9.76,,2022-12-29 00:00:00+00:00
1672286400,9.76,9.79,9.56,9.62,,2022-12-29 04:00:00+00:00
1672300800,9.61,9.65,9.26,9.46,,2022-12-29 08:00:00+00:00
1672315200,9.46,9.52,9.31,9.39,,2022-12-29 12:00:00+00:00
1672329600,9.38,9.45,8.68,8.79,,2022-12-29 16:00:00+00:00
1672344000,8.78,10.89,8.0,9.64,,2022-12-29 20:00:00+00:00
1672358400,9.64,10.26,9.38,9.52,,2022-12-30 00:00:00+00:00
1672372800,9.52,9.74,9.09,9.12,,2022-12-30 04:00:00+00:00
1672387200,9.13,9.24,9.0,9.12,,2022-12-30 08:00:00+00:00
1672401600,9.12,10.0,9.11,9.58,,2022-12-30 12:00:00+00:00
1672416000,9.58,10.07,9.5,9.85,,2022-12-30 16:00:00+00:00
1672430400,9.85,10.07,9.7,9.9,,2022-12-30 20:00:00+00:00
1672444800,9.91,10.06,9.74,9.74,,2022-12-31 00:00:00+00:00
1672459200,9.75,9.87,9.66,9.83,,2022-12-31 04:00:00+00:00
1672473600,9.83,9.93,9.74,9.85,,2022-12-31 08:00:00+00:00
1672488000,9.85,10.2,9.85,10.15,,2022-12-31 12:00:00+00:00
1672502400,10.16,10.19,9.93,10.07,,2022-12-31 16:00:00+00:00
1672516800,10.07,10.12,9.86,9.97,,2022-12-31 20:00:00+00:00
1672531200,9.97,10.09,9.91,9.97,,2023-01-01 00:00:00+00:00
1672545600,9.97,9.99,9.69,9.8,,2023-01-01 04:00:00+00:00
1672560000,9.8,9.98,9.7,9.93,,2023-01-01 08:00:00+00:00
1672574400,9.93,9.97,9.8,9.87,,2023-01-01 12:00:00+00:00
1672588800,9.86,10.06,9.85,9.97,,2023-01-01 16:00:00+00:00
1672603200,9.97,10.06,9.94,9.99,,2023-01-01 20:00:00+00:00
1672617600,9.99,10.02,9.81,9.99,,2023-01-02 00:00:00+00:00
1672632000,10.0,12.0,9.94,11.09,,2023-01-02 04:00:00+00:00
1672646400,11.1,11.38,10.88,11.01,,2023-01-02 08:00:00+00:00
1672660800,11.02,11.23,11.01,11.11,,2023-01-02 12:00:00+00:00
1672675200,11.12,11.49,11.08,11.26,,2023-01-02 16:00:00+00:00
1672689600,11.26,11.44,11.19,11.28,,2023-01-02 20:00:00+00:00
1672704000,11.28,11.34,11.0,11.22,,2023-01-03 00:00:00+00:00
1672718400,11.22,12.05,11.21,11.95,,2023-01-03 04:00:00+00:00
1672732800,11.95,12.02,11.7,11.84,,2023-01-03 08:00:00+00:00
1672747200,11.84,13.29,11.79,13.09,,2023-01-03 12:00:00+00:00
1672761600,13.09,13.91,12.7,12.94,,2023-01-03 16:00:00+00:00
1672776000,12.93,13.49,12.93,13.37,,2023-01-03 20:00:00+00:00
1672790400,13.37,14.05,13.23,13.57,,2023-01-04 00:00:00+00:00
1672804800,13.58,14.24,13.29,14.16,,2023-01-04 04:00:00+00:00
1672819200,14.16,14.16,13.55,13.65,,2023-01-04 08:00:00+00:00
1672833600,13.65,13.75,13.17,13.36,,2023-01-04 12:00:00+00:00
1672848000,13.36,13.64,13.08,13.2,,2023-01-04 16:00:00+00:00
1672862400,13.21,13.65,12.83,13.43,,2023-01-04 20:00:00+00:00
1672876800,13.43,13.45,13.05,13.21,,2023-01-05 00:00:00+00:00
1672891200,13.22,13.49,13.12,13.25,,2023-01-05 04:00:00+00:00
1672905600,13.24,13.32,12.95,13.26,,2023-01-05 08:00:00+00:00
1672920000,13.26,13.4,13.04,13.29,,2023-01-05 12:00:00+00:00
1672934400,13.3,13.49,13.06,13.4,,2023-01-05 16:00:00+00:00
1672948800,13.4,13.89,13.36,13.43,,2023-01-05 20:00:00+00:00
1672963200,13.43,13.58,13.14,13.19,,2023-01-06 00:00:00+00:00
1672977600,13.19,13.25,13.02,13.12,,2023-01-06 04:00:00+00:00
1672992000,13.12,13.26,12.87,13.0,,2023-01-06 08:00:00+00:00
1673006400,13.0,13.21,12.69,13.19,,2023-01-06 12:00:00+00:00
1673020800,13.2,13.44,13.07,13.37,,2023-01-06 16:00:00+00:00
1673035200,13.37,13.6,13.16,13.5,,2023-01-06 20:00:00+00:00
1673049600,13.51,13.51,13.29,13.32,,2023-01-07 00:00:00+00:00
1673064000,13.33,13.33,13.21,13.29,,2023-01-07 04:00:00+00:00
1673078400,13.29,13.32,13.13,13.15,,2023-01-07 08:00:00+00:00
1673092800,13.15,13.29,13.14,13.27,,2023-01-07 12:00:00+00:00
1673107200,13.27,13.28,13.18,13.22,,2023-01-07 16:00:00+00:00
1673121600,13.22,13.25,13.01,13.1,,2023-01-07 20:00:00+00:00
1673136000,13.1,13.42,12.85,13.37,,2023-01-08 00:00:00+00:00
1673150400,13.37,13.44,13.25,13.33,,2023-01-08 04:00:00+00:00
1673164800,13.33,13.78,13.28,13.51,,2023-01-08 08:00:00+00:00
1673179200,13.51,13.94,13.43,13.88,,2023-01-08 12:00:00+00:00
1673193600,13.88,13.91,13.47,13.55,,2023-01-08 16:00:00+00:00
1673208000,13.55,14.89,13.53,14.45,,2023-01-08 20:00:00+00:00
1673222400,14.46,17.02,14.28,16.05,,2023-01-09 00:00:00+00:00
1673236800,16.05,16.53,15.9,16.35,,2023-01-09 04:00:00+00:00
1673251200,16.35,16.83,16.09,16.38,,2023-01-09 08:00:00+00:00
1673265600,16.37,17.5,16.09,17.13,,2023-01-09 12:00:00+00:00
1673280000,17.14,17.38,16.23,16.28,,2023-01-09 16:00:00+00:00
1673294400,16.28,16.68,16.02,16.25,,2023-01-09 20:00:00+00:00
1673308800,16.25,16.6,15.57,15.97,,2023-01-10 00:00:00+00:00
1673323200,15.98,16.31,15.86,15.89,,2023-01-10 04:00:00+00:00
1673337600,15.9,16.35,15.82,16.03,,2023-01-10 08:00:00+00:00
1673352000,16.03,16.49,15.82,16.25,,2023-01-10 12:00:00+00:00
1673366400,16.24,16.48,16.03,16.39,,2023-01-10 16:00:00+00:00
1673380800,16.39,16.73,16.14,16.2,,2023-01-10 20:00:00+00:00
1673395200,16.2,16.33,15.87,16.01,,2023-01-11 00:00:00+00:00
1673409600,16.01,16.16,15.85,16.1,,2023-01-11 04:00:00+00:00
1673424000,16.1,16.14,15.95,16.03,,2023-01-11 08:00:00+00:00
1673438400,16.03,16.03,15.3,15.41,,2023-01-11 12:00:00+00:00
1673452800,15.41,16.13,15.28,16.0,,2023-01-11 16:00:00+00:00
1673467200,16.01,16.67,15.74,16.36,,2023-01-11 20:00:00+00:00
1673481600,16.37,17.0,16.14,16.42,,2023-01-12 00:00:00+00:00
1673496000,16.43,16.51,16.16,16.25,,2023-01-12 04:00:00+00:00
1673510400,16.25,16.26,15.89,16.07,,2023-01-12 08:00:00+00:00
1673524800,16.07,16.5,15.54,15.96,,2023-01-12 12:00:00+00:00
1673539200,15.96,16.8,15.9,16.54,,2023-01-12 16:00:00+00:00
1673553600,16.54,16.71,16.31,16.59,,2023-01-12 20:00:00+00:00
1673568000,16.59,16.85,16.29,16.7,,2023-01-13 00:00:00+00:00
1673582400,16.7,17.35,16.69,16.9,,2023-01-13 04:00:00+00:00
1673596800,16.9,17.1,16.54,16.67,,2023-01-13 08:00:00+00:00
1673611200,16.68,16.88,16.46,16.81,,2023-01-13 12:00:00+00:00
1673625600,16.82,17.21,16.52,17.18,,2023-01-13 16:00:00+00:00
1673640000,17.17,18.65,17.0,18.29,,2023-01-13 20:00:00+00:00
1673654400,18.29,22.84,18.2,21.92,,2023-01-14 00:00:00+00:00
1673668800,21.93,24.74,21.78,23.57,,2023-01-14 04:00:00+00:00
1673683200,23.57,23.93,21.31,22.36,,2023-01-14 08:00:00+00:00
1673697600,22.37,23.6,21.8,22.33,,2023-01-14 12:00:00+00:00
1673712000,22.34,23.43,22.15,23.06,,2023-01-14 16:00:00+00:00
1673726400,23.05,24.75,22.49,24.24,,2023-01-14 20:00:00+00:00
1673740800,24.23,25.0,22.52,23.06,,2023-01-15 00:00:00+00:00
1673755200,23.07,23.17,22.13,22.62,,2023-01-15 04:00:00+00:00
1673769600,22.63,23.08,21.98,22.9,,2023-01-15 08:00:00+00:00
1673784000,22.89,23.88,22.71,23.69,,2023-01-15 12:00:00+00:00
1673798400,23.69,23.8,22.97,23.36,,2023-01-15 16:00:00+00:00
1673812800,23.35,23.4,22.58,22.89,,2023-01-15 20:00:00+00:00
1673827200,22.9,24.19,22.45,23.22,,2023-01-16 00:00:00+00:00
1673841600,23.23,25.0,23.03,24.25,,2023-01-16 04:00:00+00:00
1673856000,24.25,24.27,22.85,23.38,,2023-01-16 08:00:00+00:00
1673870400,23.39,23.54,22.3,23.08,,2023-01-16 12:00:00+00:00
1673884800,23.08,23.8,22.85,23.55,,2023-01-16 16:00:00+00:00
1673899200,23.55,24.24,23.31,23.58,,2023-01-16 20:00:00+00:00
1673913600,23.58,23.84,22.79,23.19,,2023-01-17 00:00:00+00:00
1673928000,23.19,23.8,23.14,23.41,,2023-01-17 04:00:00+00:00
1673942400,23.42,23.94,23.35,23.74,,2023-01-17 08:00:00+00:00
1673956800,23.75,23.95,23.15,23.27,,2023-01-17 12:00:00+00:00
1673971200,23.27,23.56,23.04,23.43,,2023-01-17 16:00:00+00:00
1673985600,23.43,23.68,22.7,22.86,,2023-01-17 20:00:00+00:00
1674000000,22.86,23.33,22.59,23.04,,2023-01-18 00:00:00+00:00
1674014400,23.04,23.31,22.85,22.98,,2023-01-18 04:00:00+00:00
1674028800,22.98,22.99,22.12,22.52,,2023-01-18 08:00:00+00:00
1674043200,22.52,23.65,20.78,21.79,,2023-01-18 12:00:00+00:00
1674057600,21.78,22.53,20.34,21.77,,2023-01-18 16:00:00+00:00
1674072000,21.78,21.87,20.7,20.79,,2023-01-18 20:00:00+00:00
1674086400,20.78,21.54,20.77,21.35,,2023-01-19 00:00:00+00:00
1674100800,21.35,21.79,21.26,21.3,,2023-01-19 04:00:00+00:00
1674115200,21.3,21.5,20.8,20.93,,2023-01-19 08:00:00+00:00
1674129600,20.93,21.19,20.41,21.07,,2023-01-19 12:00:00+00:00
1674144000,21.07,21.74,20.86,21.65,,2023-01-19 16:00:00+00:00
1674158400,21.66,21.88,21.31,21.4,,2023-01-19 20:00:00+00:00
1674172800,21.4,21.64,21.02,21.33,,2023-01-20 00:00:00+00:00
1674187200,21.34,21.41,20.93,21.07,,2023-01-20 04:00:00+00:00
1674201600,21.07,21.24,20.96,21.14,,2023-01-20 08:00:00+00:00
1674216000,21.13,21.54,21.07,21.42,,2023-01-20 12:00:00+00:00
1674230400,21.43,23.4,21.4,23.29,,2023-01-20 16:00:00+00:00
1674244800,23.3,25.82,23.28,25.51,,2023-01-20 20:00:00+00:00
1674259200,25.51,25.87,24.24,24.83,,2023-01-21 00:00:00+00:00
1674273600,24.83,25.73,24.72,25.54,,2023-01-21 04:00:00+00:00
1674288000,25.54,26.6,24.3,25.2,,2023-01-21 08:00:00+00:00
1674302400,25.2,25.65,25.04,25.23,,2023-01-21 12:00:00+00:00
1674316800,25.23,26.11,25.15,25.63,,2023-01-21 16:00:00+00:00
1674331200,25.62,25.68,24.52,24.57,,2023-01-21 20:00:00+00:00
1674345600,24.56,25.32,24.4,25.0,,2023-01-22 00:00:00+00:00
1674360000,24.99,25.45,24.92,25.13,,2023-01-22 04:00:00+00:00
1674374400,25.13,25.32,24.77,24.9,,2023-01-22 08:00:00+00:00
1674388800,24.9,25.42,24.64,24.97,,2023-01-22 12:00:00+00:00
1674403200,24.96,25.25,24.72,24.9,,2023-01-22 16:00:00+00:00
1674417600,24.9,24.93,23.5,24.21,,2023-01-22 20:00:00+00:00
1674432000,24.21,24.93,24.06,24.53,,2023-01-23 00:00:00+00:00
1674446400,24.53,24.79,24.33,24.46,,2023-01-23 04:00:00+00:00
1674460800,24.46,24.8,24.15,24.62,,2023-01-23 08:00:00+00:00
1674475200,24.62,24.7,23.7,24.17,,2023-01-23 12:00:00+00:00
1674489600,24.17,24.75,23.96,24.18,,2023-01-23 16:00:00+00:00
1674504000,24.17,24.52,24.03,24.33,,2023-01-23 20:00:00+00:00
1674518400,24.32,25.24,24.06,24.99,,2023-01-24 00:00:00+00:00
1674532800,24.98,25.0,24.63,24.78,,2023-01-24 04:00:00+00:00
1674547200,24.78,24.95,24.29,24.46,,2023-01-24 08:00:00+00:00
1674561600,24.46,24.58,23.97,24.48,,2023-01-24 12:00:00+00:00
1674576000,24.48,24.53,24.07,24.46,,2023-01-24 16:00:00+00:00
1674590400,24.46,24.5,22.25,22.78,,2023-01-24 20:00:00+00:00
1674604800,22.77,22.99,22.24,22.93,,2023-01-25 00:00:00+00:00
1674619200,22.93,23.43,22.86,23.27,,2023-01-25 04:00:00+00:00
1674633600,23.27,23.41,22.98,23.13,,2023-01-25 08:00:00+00:00
1674648000,23.13,24.55,22.7,23.32,,2023-01-25 12:00:00+00:00
1674662400,23.32,23.79,23.22,23.73,,2023-01-25 16:00:00+00:00
1674676800,23.74,25.43,23.73,24.52,,2023-01-25 20:00:00+00:00
1674691200,24.53,25.23,24.42,24.8,,2023-01-26 00:00:00+00:00
1674705600,24.8,24.94,24.24,24.34,,2023-01-26 04:00:00+00:00
1674720000,24.33,24.58,24.06,24.32,,2023-01-26 08:00:00+00:00
1674734400,24.32,25.12,24.07,24.26,,2023-01-26 12:00:00+00:00
1674748800,24.26,24.72,23.73,24.46,,2023-01-26 16:00:00+00:00
1674763200,24.45,24.61,24.2,24.33,,2023-01-26 20:00:00+00:00
1674777600,24.33,24.53,23.27,23.73,,2023-01-27 00:00:00+00:00
1674792000,23.73,24.05,23.66,24.03,,2023-01-27 04:00:00+00:00
1674806400,24.03,24.04,23.57,23.7,,2023-01-27 08:00:00+00:00
1674820800,23.7,24.2,23.32,23.83,,2023-01-27 12:00:00+00:00
1674835200,23.82,24.59,23.81,24.48,,2023-01-27 16:00:00+00:00
1674849600,24.48,24.96,24.01,24.43,,2023-01-27 20:00:00+00:00
1674864000,24.43,24.88,24.29,24.5,,2023-01-28 00:00:00+00:00
1674878400,24.52,25.24,24.17,24.35,,2023-01-28 04:00:00+00:00
1674892800,24.36,24.47,24.18,24.3,,2023-01-28 08:00:00+00:00
1674907200,24.3,24.31,23.7,24.17,,2023-01-28 12:00:00+00:00
1674921600,24.16,24.22,23.93,24.12,,2023-01-28 16:00:00+00:00
1674936000,24.12,24.13,23.77,24.0,,2023-01-28 20:00:00+00:00
1674950400,24.0,24.69,23.73,24.13,,2023-01-29 00:00:00+00:00
1674964800,24.13,24.19,24.01,24.14,,2023-01-29 04:00:00+00:00
1674979200,24.14,24.51,24.06,24.36,,2023-01-29 08:00:00+00:00
1674993600,24.36,24.79,24.2,24.69,,2023-01-29 12:00:00+00:00
1675008000,24.68,26.58,24.46,26.32,,2023-01-29 16:00:00+00:00
1675022400,26.32,26.8,25.94,26.07,,2023-01-29 20:00:00+00:00
1675036800,26.07,26.31,25.21,25.45,,2023-01-30 00:00:00+00:00
1675051200,25.46,25.61,25.25,25.38,,2023-01-30 04:00:00+00:00
1675065600,25.37,25.53,23.77,24.02,,2023-01-30 08:00:00+00:00
1675080000,24.01,24.77,23.86,24.38,,2023-01-30 12:00:00+00:00
1675094400,24.37,24.64,23.11,23.6,,2023-01-30 16:00:00+00:00
1675108800,23.59,24.01,23.34,23.96,,2023-01-30 20:00:00+00:00
1675123200,23.97,24.28,23.66,24.01,,2023-01-31 00:00:00+00:00
1675137600,24.02,24.13,23.66,24.11,,2023-01-31 04:00:00+00:00
1675152000,24.11,24.14,23.49,23.75,,2023-01-31 08:00:00+00:00
1675166400,23.75,24.36,23.63,24.09,,2023-01-31 12:00:00+00:00
1675180800,24.1,24.47,24.02,24.21,,2023-01-31 16:00:00+00:00
1675195200,24.21,24.26,23.61,23.92,,2023-01-31 20:00:00+00:00
1675209600,23.93,24.04,23.67,23.87,,2023-02-01 00:00:00+00:00
1675224000,23.87,24.01,23.42,23.56,,2023-02-01 04:00:00+00:00
1675238400,23.56,23.63,23.15,23.54,,2023-02-01 08:00:00+00:00
1675252800,23.53,23.67,22.7,22.81,,2023-02-01 12:00:00+00:00
1675267200,22.81,24.47,22.48,24.24,,2023-02-01 16:00:00+00:00
1675281600,24.24,25.22,24.11,25.0,,2023-02-01 20:00:00+00:00
1675296000,25.0,25.78,24.95,25.28,,2023-02-02 00:00:00+00:00
1675310400,25.28,25.42,24.72,24.87,,2023-02-02 04:00:00+00:00
1675324800,24.86,25.08,24.8,25.0,,2023-02-02 08:00:00+00:00
1675339200,25.0,25.27,24.59,25.02,,2023-02-02 12:00:00+00:00
1675353600,25.0,26.15,24.86,25.07,,2023-02-02 16:00:00+00:00
1675368000,25.07,25.26,24.05,24.32,,2023-02-02 20:00:00+00:00
1675382400,24.32,24.49,24.01,24.34,,2023-02-03 00:00:00+00:00
1675396800,24.34,24.54,24.24,24.32,,2023-02-03 04:00:00+00:00
1675411200,24.32,24.53,24.1,24.49,,2023-02-03 08:00:00+00:00
1675425600,24.49,25.07,24.05,24.86,,2023-02-03 12:00:00+00:00
1675440000,24.86,25.05,24.35,24.38,,2023-02-03 16:00:00+00:00
1675454400,24.38,24.81,24.25,24.69,,2023-02-03 20:00:00+00:00
1675468800,24.69,24.82,24.42,24.46,,2023-02-04 00:00:00+00:00
1675483200,24.46,24.53,24.29,24.5,,2023-02-04 04:00:00+00:00
1675497600,24.51,24.6,24.41,24.58,,2023-02-04 08:00:00+00:00
1675512000,24.59,24.95,24.54,24.71,,2023-02-04 12:00:00+00:00
1675526400,24.71,24.8,24.51,24.66,,2023-02-04 16:00:00+00:00
1675540800,24.66,24.75,24.17,24.34,,2023-02-04 20:00:00+00:00
1675555200,24.34,24.44,24.05,24.3,,2023-02-05 00:00:00+00:00
1675569600,24.3,24.46,24.25,24.35,,2023-02-05 04:00:00+00:00
1675584000,24.35,24.45,24.14,24.19,,2023-02-05 08:00:00+00:00
1675598400,24.19,24.23,23.1,23.64,,2023-02-05 12:00:00+00:00
1675612800,23.64,23.71,23.19,23.37,,2023-02-05 16:00:00+00:00
1675627200,23.37,23.68,23.02,23.47,,2023-02-05 20:00:00+00:00
1675641600,23.46,23.72,23.25,23.37,,2023-02-06 00:00:00+00:00
1675656000,23.38,23.46,22.83,23.35,,2023-02-06 04:00:00+00:00
1675670400,23.35,23.4,23.05,23.32,,2023-02-06 08:00:00+00:00
1675684800,23.32,23.5,22.81,23.47,,2023-02-06 12:00:00+00:00
1675699200,23.47,23.6,23.15,23.37,,2023-02-06 16:00:00+00:00
1675713600,23.37,23.37,22.45,22.66,,2023-02-06 20:00:00+00:00
1675728000,22.65,23.17,22.54,23.06,,2023-02-07 00:00:00+00:00
1675742400,23.06,23.36,23.03,23.22,,2023-02-07 04:00:00+00:00
1675756800,23.21,23.45,23.1,23.35,,2023-02-07 08:00:00+00:00
1675771200,23.34,23.43,22.94,23.03,,2023-02-07 12:00:00+00:00
1675785600,23.02,23.86,22.59,23.27,,2023-02-07 16:00:00+00:00
1675800000,23.27,23.96,23.14,23.82,,2023-02-07 20:00:00+00:00
1675814400,23.82,24.24,23.8,23.89,,2023-02-08 00:00:00+00:00
1675828800,23.88,23.97,23.58,23.77,,2023-02-08 04:00:00+00:00
1675843200,23.76,23.78,23.52,23.72,,2023-02-08 08:00:00+00:00
1675857600,23.73,23.98,23.26,23.28,,2023-02-08 12:00:00+00:00
1675872000,23.28,23.47,22.8,23.09,,2023-02-08 16:00:00+00:00
1675886400,23.08,23.27,22.87,23.22,,2023-02-08 20:00:00+00:00
1675900800,23.21,23.35,21.92,22.35,,2023-02-09 00:00:00+00:00
1675915200,22.35,22.9,22.19,22.76,,2023-02-09 04:00:00+00:00
1675929600,22.76,22.98,22.72,22.79,,2023-02-09 08:00:00+00:00
1675944000,22.79,22.97,22.57,22.65,,2023-02-09 12:00:00+00:00
1675958400,22.66,22.7,21.46,21.8,,2023-02-09 16:00:00+00:00
1675972800,21.8,21.8,20.0,20.48,,2023-02-09 20:00:00+00:00
1675987200,20.48,20.9,20.27,20.79,,2023-02-10 00:00:00+00:00
1676001600,20.79,21.1,20.51,21.1,,2023-02-10 04:00:00+00:00
1676016000,21.1,21.2,20.63,20.69,,2023-02-10 08:00:00+00:00
1676030400,20.69,21.01,20.44,20.73,,2023-02-10 12:00:00+00:00
1676044800,20.72,20.99,20.52,20.89,,2023-02-10 16:00:00+00:00
1676059200,20.89,20.91,19.68,20.11,,2023-02-10 20:00:00+00:00
1676073600,20.1,20.49,20.1,20.41,,2023-02-11 00:00:00+00:00
1676088000,20.4,20.42,20.21,20.34,,2023-02-11 04:00:00+00:00
1676102400,20.33,20.39,20.23,20.32,,2023-02-11 08:00:00+00:00
1676116800,20.31,20.62,20.28,20.52,,2023-02-11 12:00:00+00:00
1676131200,20.52,20.52,20.26,20.37,,2023-02-11 16:00:00+00:00
1676145600,20.38,20.92,20.33,20.81,,2023-02-11 20:00:00+00:00
1676160000,20.81,20.83,20.62,20.67,,2023-02-12 00:00:00+00:00
1676174400,20.67,21.02,20.63,20.85,,2023-02-12 04:00:00+00:00
1676188800,20.85,21.08,20.84,21.06,,2023-02-12 08:00:00+00:00
1676203200,21.06,21.59,20.77,21.43,,2023-02-12 12:00:00+00:00
1676217600,21.43,22.59,21.38,22.04,,2023-02-12 16:00:00+00:00
1676232000,22.05,22.22,21.1,21.49,,2023-02-12 20:00:00+00:00
1676246400,21.49,21.61,20.46,20.91,,2023-02-13 00:00:00+00:00
1676260800,20.92,21.31,20.86,21.17,,2023-02-13 04:00:00+00:00
1676275200,21.17,21.19,20.04,20.45,,2023-02-13 08:00:00+00:00
1676289600,20.45,20.7,20.36,20.37,,2023-02-13 12:00:00+00:00
1676304000,20.37,20.54,19.73,20.43,,2023-02-13 16:00:00+00:00
1676318400,20.43,20.86,20.24,20.77,,2023-02-13 20:00:00+00:00
1676332800,20.77,21.08,20.66,20.83,,2023-02-14 00:00:00+00:00
1676347200,20.81,21.09,20.76,21.06,,2023-02-14 04:00:00+00:00
1676361600,21.06,21.61,20.76,21.37,,2023-02-14 08:00:00+00:00
1676376000,21.37,22.37,20.88,21.89,,2023-02-14 12:00:00+00:00
1676390400,21.89,22.06,21.63,22.02,,2023-02-14 16:00:00+00:00
1676404800,22.02,22.06,21.54,21.84,,2023-02-14 20:00:00+00:00
1676419200,21.84,21.93,21.45,21.6,,2023-02-15 00:00:00+00:00
1676433600,21.6,21.68,21.48,21.53,,2023-02-15 04:00:00+00:00
1676448000,21.54,22.23,21.46,22.11,,2023-02-15 08:00:00+00:00
1676462400,22.11,22.75,22.11,22.43,,2023-02-15 12:00:00+00:00
1676476800,22.42,23.02,22.27,23.0,,2023-02-15 16:00:00+00:00
1676491200,23.01,23.99,22.93,23.86,,2023-02-15 20:00:00+00:00
1676505600,23.86,24.2,23.56,23.81,,2023-02-16 00:00:00+00:00
1676520000,23.82,23.99,23.54,23.73,,2023-02-16 04:00:00+00:00
1676534400,23.73,23.9,23.49,23.56,,2023-02-16 08:00:00+00:00
1676548800,23.57,23.88,23.06,23.86,,2023-02-16 12:00:00+00:00
1676563200,23.86,24.14,23.36,23.59,,2023-02-16 16:00:00+00:00
1676577600,23.59,23.61,22.2,22.24,,2023-02-16 20:00:00+00:00
1676592000,22.24,22.8,21.99,22.68,,2023-02-17 00:00:00+00:00
1676606400,22.68,22.81,22.52,22.54,,2023-02-17 04:00:00+00:00
1676620800,22.54,22.72,22.46,22.6,,2023-02-17 08:00:00+00:00
1676635200,22.6,22.99,22.43,22.79,,2023-02-17 12:00:00+00:00
1676649600,22.79,23.49,22.58,23.46,,2023-02-17 16:00:00+00:00
1676664000,23.46,23.54,22.69,23.14,,2023-02-17 20:00:00+00:00
1676678400,23.14,23.63,23.13,23.34,,2023-02-18 00:00:00+00:00
1676692800,23.35,23.48,23.11,23.22,,2023-02-18 04:00:00+00:00
1676707200,23.22,23.26,22.92,23.06,,2023-02-18 08:00:00+00:00
1676721600,23.06,23.55,23.0,23.42,,2023-02-18 12:00:00+00:00
1676736000,23.41,23.94,23.4,23.48,,2023-02-18 16:00:00+00:00
1676750400,23.48,23.67,23.26,23.45,,2023-02-18 20:00:00+00:00
1676764800,23.46,23.6,23.2,23.3,,2023-02-19 00:00:00+00:00
1676779200,23.3,24.0,23.26,23.53,,2023-02-19 04:00:00+00:00
1676793600,23.53,23.73,23.46,23.69,,2023-02-19 08:00:00+00:00
1676808000,23.7,25.28,23.7,25.26,,2023-02-19 12:00:00+00:00
1676822400,25.27,25.39,24.0,24.65,,2023-02-19 16:00:00+00:00
1676836800,24.65,25.64,24.01,24.84,,2023-02-19 20:00:00+00:00
1676851200,24.83,26.33,24.11,26.16,,2023-02-20 00:00:00+00:00
1676865600,26.16,27.12,25.84,26.49,,2023-02-20 04:00:00+00:00
1676880000,26.48,26.68,26.03,26.38,,2023-02-20 08:00:00+00:00
1676894400,26.38,26.71,26.13,26.54,,2023-02-20 12:00:00+00:00
1676908800,26.54,26.57,25.55,26.34,,2023-02-20 16:00:00+00:00
1676923200,26.34,26.38,25.9,26.26,,2023-02-20 20:00:00+00:00
1676937600,26.26,26.61,25.78,26.12,,2023-02-21 00:00:00+00:00
1676952000,26.12,26.3,25.71,26.02,,2023-02-21 04:00:00+00:00
1676966400,26.03,26.25,24.91,25.06,,2023-02-21 08:00:00+00:00
1676980800,25.06,25.38,24.75,25.06,,2023-02-21 12:00:00+00:00
1676995200,25.06,25.5,24.69,25.25,,2023-02-21 16:00:00+00:00
1677009600,25.26,25.47,24.5,24.98,,2023-02-21 20:00:00+00:00
1677024000,24.98,25.24,23.86,24.44,,2023-02-22 00:00:00+00:00
1677038400,24.45,24.48,23.44,23.82,,2023-02-22 04:00:00+00:00
1677052800,23.82,23.83,23.21,23.56,,2023-02-22 08:00:00+00:00
1677067200,23.56,23.8,23.25,23.65,,2023-02-22 12:00:00+00:00
1677081600,23.66,24.15,23.4,23.78,,2023-02-22 16:00:00+00:00
1677096000,23.78,24.35,23.46,24.16,,2023-02-22 20:00:00+00:00
1677110400,24.16,24.69,23.95,24.44,,2023-02-23 00:00:00+00:00
1677124800,24.45,24.58,24.23,24.5,,2023-02-23 04:00:00+00:00
1677139200,24.5,24.63,23.6,23.76,,2023-02-23 08:00:00+00:00
1677153600,23.75,24.39,23.61,23.88,,2023-02-23 12:00:00+00:00
1677168000,23.87,24.08,23.61,24.04,,2023-02-23 16:00:00+00:00
1677182400,24.03,24.21,23.68,23.91,,2023-02-23 20:00:00+00:00
1677196800,23.91,24.13,23.69,23.78,,2023-02-24 00:00:00+00:00
1677211200,23.79,24.1,23.74,23.96,,2023-02-24 04:00:00+00:00
1677225600,23.96,24.07,23.52,23.78,,2023-02-24 08:00:00+00:00
1677240000,23.79,24.01,22.92,23.05,,2023-02-24 12:00:00+00:00
1677254400,23.04,23.06,22.51,23.04,,2023-02-24 16:00:00+00:00
1677268800,23.05,23.35,22.46,23.07,,2023-02-24 20:00:00+00:00
1677283200,23.07,23.33,22.93,22.95,,2023-02-25 00:00:00+00:00
1677297600,22.95,23.19,22.83,22.94,,2023-02-25 04:00:00+00:00
1677312000,22.94,23.05,22.61,22.77,,2023-02-25 08:00:00+00:00
1677326400,22.77,22.8,22.02,22.34,,2023-02-25 12:00:00+00:00
1677340800,22.34,22.52,21.65,21.92,,2023-02-25 16:00:00+00:00
1677355200,21.91,22.5,21.41,22.37,,2023-02-25 20:00:00+00:00
1677369600,22.37,22.74,22.21,22.65,,2023-02-26 00:00:00+00:00
1677384000,22.66,22.84,22.49,22.79,,2023-02-26 04:00:00+00:00
1677398400,22.79,22.99,22.63,22.85,,2023-02-26 08:00:00+00:00
1677412800,22.85,22.97,22.55,22.93,,2023-02-26 12:00:00+00:00
1677427200,22.94,23.4,22.68,23.37,,2023-02-26 16:00:00+00:00
1677441600,23.37,23.53,22.94,23.25,,2023-02-26 20:00:00+00:00
1677456000,23.25,23.28,22.98,23.03,,2023-02-27 00:00:00+00:00
1677470400,23.04,23.05,22.76,22.89,,2023-02-27 04:00:00+00:00
1677484800,22.89,22.97,22.62,22.77,,2023-02-27 08:00:00+00:00
1677499200,22.78,23.41,22.65,23.06,,2023-02-27 12:00:00+00:00
1677513600,23.07,23.14,22.32,22.54,,2023-02-27 16:00:00+00:00
1677528000,22.54,22.79,22.36,22.68,,2023-02-27 20:00:00+00:00
1677542400,22.68,22.75,22.42,22.61,,2023-02-28 00:00:00+00:00
1677556800,22.62,22.63,22.06,22.08,,2023-02-28 04:00:00+00:00
1677571200,22.08,22.32,22.05,22.2,,2023-02-28 08:00:00+00:00
1677585600,22.2,22.6,22.19,22.54,,2023-02-28 12:00:00+00:00
1677600000,22.54,22.7,22.18,22.2,,2023-02-28 16:00:00+00:00
1677614400,22.19,22.25,21.75,21.89,,2023-02-28 20:00:00+00:00
1677628800,21.88,22.41,21.65,22.32,,2023-03-01 00:00:00+00:00
1677643200,22.33,22.68,22.3,22.58,,2023-03-01 04:00:00+00:00
1677657600,22.59,22.91,22.54,22.68,,2023-03-01 08:00:00+00:00
1677672000,22.68,22.87,22.52,22.66,,2023-03-01 12:00:00+00:00
1677686400,22.66,22.67,22.11,22.15,,2023-03-01 16:00:00+00:00
1677700800,22.14,22.55,22.1,22.51,,2023-03-01 20:00:00+00:00
1677715200,22.5,22.65,21.89,22.04,,2023-03-02 00:00:00+00:00
1677729600,22.04,22.17,21.85,21.98,,2023-03-02 04:00:00+00:00
1677744000,21.98,22.1,21.89,22.08,,2023-03-02 08:00:00+00:00
1677758400,22.08,22.1,21.67,21.85,,2023-03-02 12:00:00+00:00
1677772800,21.84,22.15,21.7,22.09,,2023-03-02 16:00:00+00:00
1677787200,22.09,22.16,21.93,22.0,,2023-03-02 20:00:00+00:00
1677801600,22.0,22.02,20.34,20.86,,2023-03-03 00:00:00+00:00
1677816000,20.86,21.24,20.81,21.06,,2023-03-03 04:00:00+00:00
1677830400,21.06,21.23,21.06,21.14,,2023-03-03 08:00:00+00:00
1677844800,21.14,21.45,21.02,21.26,,2023-03-03 12:00:00+00:00
1677859200,21.26,21.46,21.15,21.44,,2023-03-03 16:00:00+00:00
1677873600,21.44,21.53,21.16,21.42,,2023-03-03 20:00:00+00:00
1677888000,21.42,21.62,21.3,21.33,,2023-03-04 00:00:00+00:00
1677902400,21.33,21.37,21.03,21.17,,2023-03-04 04:00:00+00:00
1677916800,21.18,21.26,21.08,21.16,,2023-03-04 08:00:00+00:00
1677931200,21.16,21.19,20.93,20.96,,2023-03-04 12:00:00+00:00
1677945600,20.96,21.05,20.59,20.67,,2023-03-04 16:00:00+00:00
1677960000,20.68,21.0,20.2,20.98,,2023-03-04 20:00:00+00:00
1677974400,20.98,21.72,20.93,21.33,,2023-03-05 00:00:00+00:00
1677988800,21.33,21.44,21.22,21.31,,2023-03-05 04:00:00+00:00
1678003200,21.3,21.38,21.14,21.2,,2023-03-05 08:00:00+00:00
1678017600,21.2,21.36,21.16,21.27,,2023-03-05 12:00:00+00:00
1678032000,21.27,21.33,21.01,21.1,,2023-03-05 16:00:00+00:00
1678046400,21.1,21.33,20.84,20.97,,2023-03-05 20:00:00+00:00
1678060800,20.98,21.09,20.66,20.92,,2023-03-06 00:00:00+00:00
1678075200,20.92,20.96,20.6,20.76,,2023-03-06 04:00:00+00:00
1678089600,20.75,20.79,20.61,20.7,,2023-03-06 08:00:00+00:00
1678104000,20.7,21.1,20.55,21.06,,2023-03-06 12:00:00+00:00
1678118400,21.05,21.19,20.75,20.76,,2023-03-06 16:00:00+00:00
1678132800,20.76,20.77,20.47,20.63,,2023-03-06 20:00:00+00:00
1678147200,20.62,20.95,20.44,20.79,,2023-03-07 00:00:00+00:00
1678161600,20.8,20.86,20.68,20.71,,2023-03-07 04:00:00+00:00
1678176000,20.71,20.74,20.27,20.31,,2023-03-07 08:00:00+00:00
1678190400,20.31,20.64,19.92,20.42,,2023-03-07 12:00:00+00:00
1678204800,20.42,20.51,19.97,20.02,,2023-03-07 16:00:00+00:00
1678219200,20.01,20.29,19.71,20.25,,2023-03-07 20:00:00+00:00
1678233600,20.25,20.39,19.8,20.0,,2023-03-08 00:00:00+00:00
1678248000,20.0,20.07,19.13,19.19,,2023-03-08 04:00:00+00:00
1678262400,19.2,19.53,19.16,19.34,,2023-03-08 08:00:00+00:00
1678276800,19.33,19.38,18.64,19.24,,2023-03-08 12:00:00+00:00
1678291200,19.24,19.41,18.47,18.68,,2023-03-08 16:00:00+00:00
1678305600,18.68,18.96,18.1,18.41,,2023-03-08 20:00:00+00:00
1678320000,18.41,18.68,18.37,18.58,,2023-03-09 00:00:00+00:00
1678334400,18.59,18.78,18.48,18.5,,2023-03-09 04:00:00+00:00
1678348800,18.5,18.61,18.24,18.54,,2023-03-09 08:00:00+00:00
1678363200,18.54,18.68,18.14,18.35,,2023-03-09 12:00:00+00:00
1678377600,18.36,18.4,17.5,17.74,,2023-03-09 16:00:00+00:00
1678392000,17.74,17.74,16.69,17.33,,2023-03-09 20:00:00+00:00
1678406400,17.34,17.36,16.79,17.16,,2023-03-10 00:00:00+00:00
1678420800,17.15,17.19,16.6,16.98,,2023-03-10 04:00:00+00:00
1678435200,16.99,17.03,16.0,16.71,,2023-03-10 08:00:00+00:00
1678449600,16.71,17.93,16.59,17.67,,2023-03-10 12:00:00+00:00
1678464000,17.66,17.97,17.43,17.78,,2023-03-10 16:00:00+00:00
1678478400,17.77,18.36,17.46,18.17,,2023-03-10 20:00:00+00:00
1678492800,18.17,18.89,18.02,18.18,,2023-03-11 00:00:00+00:00
1678507200,18.18,18.28,16.96,17.07,,2023-03-11 04:00:00+00:00
1678521600,17.06,17.76,16.94,17.4,,2023-03-11 08:00:00+00:00
1678536000,17.41,17.53,17.07,17.14,,2023-03-11 12:00:00+00:00
1678550400,17.15,17.96,17.0,17.95,,2023-03-11 16:00:00+00:00
1678564800,17.95,18.2,17.83,18.07,,2023-03-11 20:00:00+00:00
1678579200,18.07,18.13,17.78,17.92,,2023-03-12 00:00:00+00:00
1678593600,17.93,18.1,17.71,17.83,,2023-03-12 04:00:00+00:00
1678608000,17.84,18.28,17.8,18.13,,2023-03-12 08:00:00+00:00
1678622400,18.13,18.14,17.74,17.84,,2023-03-12 12:00:00+00:00
1678636800,17.85,18.84,17.78,18.38,,2023-03-12 16:00:00+00:00
1678651200,18.38,20.53,18.37,20.2,,2023-03-12 20:00:00+00:00
1678665600,20.19,20.58,19.46,19.54,,2023-03-13 00:00:00+00:00
1678680000,19.54,19.85,19.52,19.75,,2023-03-13 04:00:00+00:00
1678694400,19.74,19.79,18.9,19.21,,2023-03-13 08:00:00+00:00
1678708800,19.22,21.47,18.87,20.71,,2023-03-13 12:00:00+00:00
1678723200,20.71,20.99,20.32,20.52,,2023-03-13 16:00:00+00:00
1678737600,20.52,20.62,20.15,20.4,,2023-03-13 20:00:00+00:00
1678752000,20.4,20.5,20.15,20.42,,2023-03-14 00:00:00+00:00
1678766400,20.42,20.68,19.93,20.0,,2023-03-14 04:00:00+00:00
1678780800,20.01,20.23,19.75,20.12,,2023-03-14 08:00:00+00:00
1678795200,20.12,22.12,20.03,21.91,,2023-03-14 12:00:00+00:00
1678809600,21.91,22.0,20.34,20.91,,2023-03-14 16:00:00+00:00
1678824000,20.91,21.04,20.23,20.86,,2023-03-14 20:00:00+00:00
1678838400,20.86,21.22,20.58,21.04,,2023-03-15 00:00:00+00:00
1678852800,21.05,21.46,20.98,21.24,,2023-03-15 04:00:00+00:00
1678867200,21.23,21.24,20.17,20.58,,2023-03-15 08:00:00+00:00
1678881600,20.59,21.02,19.07,19.24,,2023-03-15 12:00:00+00:00
1678896000,19.25,19.44,18.7,19.09,,2023-03-15 16:00:00+00:00
1678910400,19.09,19.48,19.0,19.24,,2023-03-15 20:00:00+00:00
1678924800,19.25,19.49,18.88,19.32,,2023-03-16 00:00:00+00:00
1678939200,19.32,19.63,19.05,19.51,,2023-03-16 04:00:00+00:00
1678953600,19.51,19.82,19.26,19.67,,2023-03-16 08:00:00+00:00
1678968000,19.66,19.71,19.03,19.58,,2023-03-16 12:00:00+00:00
1678982400,19.59,19.9,19.28,19.75,,2023-03-16 16:00:00+00:00
1678996800,19.76,19.78,19.27,19.67,,2023-03-16 20:00:00+00:00
1679011200,19.67,20.26,19.42,19.99,,2023-03-17 00:00:00+00:00
1679025600,20.0,20.27,19.88,20.01,,2023-03-17 04:00:00+00:00
1679040000,20.01,20.73,19.93,20.68,,2023-03-17 08:00:00+00:00
1679054400,20.69,20.69,19.81,20.04,,2023-03-17 12:00:00+00:00
1679068800,20.03,20.63,19.9,20.54,,2023-03-17 16:00:00+00:00
1679083200,20.55,21.69,20.32,21.6,,2023-03-17 20:00:00+00:00
1679097600,21.6,22.94,21.27,22.64,,2023-03-18 00:00:00+00:00
1679112000,22.64,22.87,22.11,22.18,,2023-03-18 04:00:00+00:00
1679126400,22.17,22.51,21.78,22.49,,2023-03-18 08:00:00+00:00
1679140800,22.48,22.52,21.44,21.84,,2023-03-18 12:00:00+00:00
1679155200,21.83,22.39,21.22,21.93,,2023-03-18 16:00:00+00:00
1679169600,21.93,22.17,21.05,21.2,,2023-03-18 20:00:00+00:00
1679184000,21.2,21.85,21.19,21.82,,2023-03-19 00:00:00+00:00
1679198400,21.82,21.93,21.29,21.56,,2023-03-19 04:00:00+00:00
1679212800,21.55,21.77,21.22,21.7,,2023-03-19 08:00:00+00:00
1679227200,21.69,22.13,21.48,22.01,,2023-03-19 12:00:00+00:00
1679241600,22.0,22.43,21.97,22.19,,2023-03-19 16:00:00+00:00
1679256000,22.2,22.29,21.7,21.86,,2023-03-19 20:00:00+00:00
1679270400,21.86,22.97,21.61,21.69,,2023-03-20 00:00:00+00:00
1679284800,21.69,23.16,21.35,23.09,,2023-03-20 04:00:00+00:00
1679299200,23.1,23.6,22.91,23.32,,2023-03-20 08:00:00+00:00
1679313600,23.33,23.91,22.93,23.17,,2023-03-20 12:00:00+00:00
1679328000,23.16,23.44,21.83,22.13,,2023-03-20 16:00:00+00:00
1679342400,22.14,22.79,22.0,22.13,,2023-03-20 20:00:00+00:00
1679356800,22.13,22.73,22.0,22.45,,2023-03-21 00:00:00+00:00
1679371200,22.45,22.63,21.7,21.93,,2023-03-21 04:00:00+00:00
1679385600,21.94,22.52,21.51,22.44,,2023-03-21 08:00:00+00:00
1679400000,22.45,23.33,22.35,22.92,,2023-03-21 12:00:00+00:00
1679414400,22.92,23.2,22.12,22.52,,2023-03-21 16:00:00+00:00
1679428800,22.52,22.67,22.25,22.53,,2023-03-21 20:00:00+00:00
1679443200,22.52,22.53,22.02,22.3,,2023-03-22 00:00:00+00:00
1679457600,22.31,22.56,22.2,22.31,,2023-03-22 04:00:00+00:00
1679472000,22.31,22.71,22.1,22.48,,2023-03-22 08:00:00+00:00
1679486400,22.48,23.09,22.32,22.63,,2023-03-22 12:00:00+00:00
1679500800,22.64,22.95,20.93,21.1,,2023-03-22 16:00:00+00:00
1679515200,21.1,21.85,20.96,21.42,,2023-03-22 20:00:00+00:00
1679529600,21.41,21.6,21.08,21.26,,2023-03-23 00:00:00+00:00
1679544000,21.26,21.73,21.19,21.7,,2023-03-23 04:00:00+00:00
1679558400,21.7,21.8,21.57,21.76,,2023-03-23 08:00:00+00:00
1679572800,21.76,22.66,21.38,22.4,,2023-03-23 12:00:00+00:00
1679587200,22.39,22.95,21.7,22.09,,2023-03-23 16:00:00+00:00
1679601600,22.09,22.25,21.89,22.16,,2023-03-23 20:00:00+00:00
1679616000,22.16,22.27,22.02,22.09,,2023-03-24 00:00:00+00:00
1679630400,22.08,22.14,21.87,21.99,,2023-03-24 04:00:00+00:00
1679644800,21.98,22.02,21.46,21.73,,2023-03-24 08:00:00+00:00
1679659200,21.73,21.73,20.99,21.2,,2023-03-24 12:00:00+00:00
1679673600,21.21,21.33,20.26,20.75,,2023-03-24 16:00:00+00:00
1679688000,20.76,20.8,20.33,20.66,,2023-03-24 20:00:00+00:00
1679702400,20.66,20.93,20.62,20.72,,2023-03-25 00:00:00+00:00
1679716800,20.73,20.81,20.5,20.62,,2023-03-25 04:00:00+00:00
1679731200,20.61,20.71,20.4,20.66,,2023-03-25 08:00:00+00:00
1679745600,20.66,20.98,20.56,20.87,,2023-03-25 12:00:00+00:00
1679760000,20.88,20.91,20.09,20.14,,2023-03-25 16:00:00+00:00
1679774400,20.13,20.45,20.11,20.41,,2023-03-25 20:00:00+00:00
1679788800,20.4,20.76,20.29,20.67,,2023-03-26 00:00:00+00:00
1679803200,20.67,20.88,20.63,20.76,,2023-03-26 04:00:00+00:00
1679817600,20.76,20.96,20.7,20.83,,2023-03-26 08:00:00+00:00
1679832000,20.84,21.14,20.74,20.82,,2023-03-26 12:00:00+00:00
1679846400,20.82,21.01,20.65,20.92,,2023-03-26 16:00:00+00:00
1679860800,20.91,21.1,20.76,20.94,,2023-03-26 20:00:00+00:00
1679875200,20.94,20.99,20.57,20.72,,2023-03-27 00:00:00+00:00
1679889600,20.71,20.75,20.37,20.45,,2023-03-27 04:00:00+00:00
1679904000,20.44,20.66,20.35,20.61,,2023-03-27 08:00:00+00:00
1679918400,20.61,20.71,19.33,19.78,,2023-03-27 12:00:00+00:00
1679932800,19.77,19.97,19.6,19.68,,2023-03-27 16:00:00+00:00
1679947200,19.69,19.95,19.59,19.91,,2023-03-27 20:00:00+00:00
1679961600,19.91,19.99,19.6,19.71,,2023-03-28 00:00:00+00:00
1679976000,19.72,20.08,19.71,19.88,,2023-03-28 04:00:00+00:00
1679990400,19.88,20.19,19.61,20.09,,2023-03-28 08:00:00+00:00
1680004800,20.1,20.4,19.82,20.24,,2023-03-28 12:00:00+00:00
1680019200,20.25,20.88,20.04,20.7,,2023-03-28 16:00:00+00:00
1680033600,20.7,20.75,20.23,20.45,,2023-03-28 20:00:00+00:00
1680048000,20.45,20.87,20.43,20.66,,2023-03-29 00:00:00+00:00
1680062400,20.66,21.29,20.62,21.2,,2023-03-29 04:00:00+00:00
1680076800,21.2,21.56,21.11,21.2,,2023-03-29 08:00:00+00:00
1680091200,21.21,21.36,20.95,21.24,,2023-03-29 12:00:00+00:00
1680105600,21.23,21.25,20.95,21.17,,2023-03-29 16:00:00+00:00
1680120000,21.18,21.33,20.91,21.1,,2023-03-29 20:00:00+00:00
1680134400,21.1,21.67,20.58,21.06,,2023-03-30 00:00:00+00:00
1680148800,21.06,21.22,20.85,21.03,,2023-03-30 04:00:00+00:00
1680163200,21.02,21.05,20.52,20.68,,2023-03-30 08:00:00+00:00
1680177600,20.68,20.7,20.41,20.53,,2023-03-30 12:00:00+00:00
1680192000,20.54,20.54,20.16,20.49,,2023-03-30 16:00:00+00:00
1680206400,20.5,20.73,20.38,20.55,,2023-03-30 20:00:00+00:00
1680220800,20.55,20.75,20.44,20.53,,2023-03-31 00:00:00+00:00
1680235200,20.54,20.62,20.04,20.29,,2023-03-31 04:00:00+00:00
1680249600,20.29,20.42,20.22,20.32,,2023-03-31 08:00:00+00:00
1680264000,20.31,21.0,20.2,20.87,,2023-03-31 12:00:00+00:00
1680278400,20.87,21.01,20.69,20.97,,2023-03-31 16:00:00+00:00
1680292800,20.98,21.49,20.83,21.16,,2023-03-31 20:00:00+00:00
1680307200,21.15,21.34,20.92,21.03,,2023-04-01 00:00:00+00:00
1680321600,21.03,21.28,20.84,21.02,,2023-04-01 04:00:00+00:00
1680336000,21.02,21.11,20.92,21.03,,2023-04-01 08:00:00+00:00
1680350400,21.02,21.09,20.86,20.96,,2023-04-01 12:00:00+00:00
1680364800,20.96,21.04,20.74,20.94,,2023-04-01 16:00:00+00:00
1680379200,20.94,21.22,20.94,21.08,,2023-04-01 20:00:00+00:00
1680393600,21.07,21.15,20.88,21.02,,2023-04-02 00:00:00+00:00
1680408000,21.03,21.3,20.92,21.18,,2023-04-02 04:00:00+00:00
1680422400,21.18,21.2,20.97,20.99,,2023-04-02 08:00:00+00:00
1680436800,20.98,21.0,20.43,20.58,,2023-04-02 12:00:00+00:00
1680451200,20.59,20.68,20.23,20.34,,2023-04-02 16:00:00+00:00
1680465600,20.34,20.57,20.27,20.52,,2023-04-02 20:00:00+00:00
1680480000,20.52,20.56,19.94,20.04,,2023-04-03 00:00:00+00:00
1680494400,20.04,20.27,20.0,20.26,,2023-04-03 04:00:00+00:00
1680508800,20.27,20.58,20.25,20.41,,2023-04-03 08:00:00+00:00
1680523200,20.4,20.6,20.07,20.32,,2023-04-03 12:00:00+00:00
1680537600,20.33,20.96,20.15,20.9,,2023-04-03 16:00:00+00:00
1680552000,20.91,20.99,20.05,20.45,,2023-04-03 20:00:00+00:00
1680566400,20.45,20.57,20.28,20.42,,2023-04-04 00:00:00+00:00
1680580800,20.42,20.65,20.33,20.52,,2023-04-04 04:00:00+00:00
1680595200,20.53,21.0,20.47,20.97,,2023-04-04 08:00:00+00:00
1680609600,20.97,21.26,20.68,20.86,,2023-04-04 12:00:00+00:00
1680624000,20.86,21.01,20.75,20.94,,2023-04-04 16:00:00+00:00
1680638400,20.94,21.08,20.83,20.92,,2023-04-04 20:00:00+00:00
1680652800,20.91,21.34,20.83,21.14,,2023-04-05 00:00:00+00:00
1680667200,21.14,21.31,21.11,21.19,,2023-04-05 04:00:00+00:00
1680681600,21.18,21.28,21.07,21.18,,2023-04-05 08:00:00+00:00
1680696000,21.19,21.24,20.58,20.8,,2023-04-05 12:00:00+00:00
1680710400,20.81,20.97,20.64,20.92,,2023-04-05 16:00:00+00:00
1680724800,20.91,21.04,20.82,20.97,,2023-04-05 20:00:00+00:00
1680739200,20.96,20.99,20.51,20.83,,2023-04-06 00:00:00+00:00
1680753600,20.83,20.83,20.62,20.64,,2023-04-06 04:00:00+00:00
1680768000,20.63,20.76,20.43,20.69,,2023-04-06 08:00:00+00:00
1680782400,20.68,20.82,20.46,20.74,,2023-04-06 12:00:00+00:00
1680796800,20.75,20.86,20.61,20.72,,2023-04-06 16:00:00+00:00
1680811200,20.72,20.78,20.53,20.62,,2023-04-06 20:00:00+00:00
1680825600,20.62,20.78,20.4,20.55,,2023-04-07 00:00:00+00:00
1680840000,20.56,20.57,20.22,20.28,,2023-04-07 04:00:00+00:00
1680854400,20.28,20.44,20.23,20.31,,2023-04-07 08:00:00+00:00
1680868800,20.32,20.64,20.27,20.54,,2023-04-07 12:00:00+00:00
1680883200,20.54,20.57,20.42,20.49,,2023-04-07 16:00:00+00:00
1680897600,20.49,20.53,20.35,20.44,,2023-04-07 20:00:00+00:00
1680912000,20.44,20.5,20.27,20.48,,2023-04-08 00:00:00+00:00
1680926400,20.47,20.74,20.44,20.6,,2023-04-08 04:00:00+00:00
1680940800,20.6,20.65,20.52,20.57,,2023-04-08 08:00:00+00:00
1680955200,20.57,20.58,20.33,20.45,,2023-04-08 12:00:00+00:00
1680969600,20.45,20.45,20.07,20.2,,2023-04-08 16:00:00+00:00
1680984000,20.2,20.24,19.85,20.04,,2023-04-08 20:00:00+00:00
1680998400,20.04,20.23,20.02,20.11,,2023-04-09 00:00:00+00:00
1681012800,20.1,20.25,19.87,20.01,,2023-04-09 04:00:00+00:00
1681027200,20.01,20.2,19.95,20.19,,2023-04-09 08:00:00+00:00
1681041600,20.18,20.32,20.0,20.13,,2023-04-09 12:00:00+00:00
1681056000,20.12,20.42,20.06,20.27,,2023-04-09 16:00:00+00:00
1681070400,20.28,20.44,20.2,20.28,,2023-04-09 20:00:00+00:00
1681084800,20.29,20.35,20.13,20.26,,2023-04-10 00:00:00+00:00
1681099200,20.26,20.33,20.18,20.23,,2023-04-10 04:00:00+00:00
1681113600,20.24,20.44,20.22,20.29,,2023-04-10 08:00:00+00:00
1681128000,20.29,20.31,20.08,20.22,,2023-04-10 12:00:00+00:00
1681142400,20.22,20.71,20.17,20.69,,2023-04-10 16:00:00+00:00
1681156800,20.69,20.95,20.53,20.89,,2023-04-10 20:00:00+00:00
1681171200,20.89,21.3,20.82,21.27,,2023-04-11 00:00:00+00:00
1681185600,21.27,22.68,21.21,22.47,,2023-04-11 04:00:00+00:00
1681200000,22.47,22.6,22.2,22.21,,2023-04-11 08:00:00+00:00
1681214400,22.22,23.5,22.12,23.32,,2023-04-11 12:00:00+00:00
1681228800,23.32,23.68,23.03,23.42,,2023-04-11 16:00:00+00:00
1681243200,23.43,23.47,22.82,22.98,,2023-04-11 20:00:00+00:00
1681257600,22.99,23.55,22.29,22.56,,2023-04-12 00:00:00+00:00
1681272000,22.56,24.05,22.5,23.69,,2023-04-12 04:00:00+00:00
1681286400,23.69,23.9,23.27,23.5,,2023-04-12 08:00:00+00:00
1681300800,23.5,24.48,23.26,23.61,,2023-04-12 12:00:00+00:00
1681315200,23.61,24.48,23.54,23.89,,2023-04-12 16:00:00+00:00
1681329600,23.89,24.18,23.61,23.8,,2023-04-12 20:00:00+00:00
1681344000,23.81,24.13,23.63,24.0,,2023-04-13 00:00:00+00:00
1681358400,24.0,24.29,23.87,24.13,,2023-04-13 04:00:00+00:00
1681372800,24.13,24.55,23.9,24.31,,2023-04-13 08:00:00+00:00
1681387200,24.31,25.3,24.26,24.63,,2023-04-13 12:00:00+00:00
1681401600,24.62,24.89,24.38,24.73,,2023-04-13 16:00:00+00:00
1681416000,24.74,24.79,24.29,24.43,,2023-04-13 20:00:00+00:00
1681430400,24.43,25.44,24.21,25.08,,2023-04-14 00:00:00+00:00
1681444800,25.09,25.49,24.84,24.9,,2023-04-14 04:00:00+00:00
1681459200,24.9,25.13,24.8,25.02,,2023-04-14 08:00:00+00:00
1681473600,25.01,25.09,23.79,23.83,,2023-04-14 12:00:00+00:00
1681488000,23.83,24.73,23.73,24.52,,2023-04-14 16:00:00+00:00
1681502400,24.53,24.98,24.43,24.71,,2023-04-14 20:00:00+00:00
1681516800,24.72,24.8,24.14,24.26,,2023-04-15 00:00:00+00:00
1681531200,24.26,24.5,24.0,24.41,,2023-04-15 04:00:00+00:00
1681545600,24.42,24.52,24.21,24.35,,2023-04-15 08:00:00+00:00
1681560000,24.35,24.51,24.16,24.34,,2023-04-15 12:00:00+00:00
1681574400,24.34,24.41,23.84,24.04,,2023-04-15 16:00:00+00:00
1681588800,24.04,24.15,23.81,24.05,,2023-04-15 20:00:00+00:00
1681603200,24.05,24.48,23.81,24.32,,2023-04-16 00:00:00+00:00
1681617600,24.32,24.44,24.18,24.25,,2023-04-16 04:00:00+00:00
1681632000,24.25,24.34,23.99,24.05,,2023-04-16 08:00:00+00:00
1681646400,24.06,24.35,23.99,24.32,,2023-04-16 12:00:00+00:00
1681660800,24.32,24.83,24.19,24.53,,2023-04-16 16:00:00+00:00
1681675200,24.54,25.49,24.31,25.34,,2023-04-16 20:00:00+00:00
1681689600,25.34,26.0,24.8,25.81,,2023-04-17 00:00:00+00:00
1681704000,25.81,25.97,25.08,25.12,,2023-04-17 04:00:00+00:00
1681718400,25.12,25.38,24.6,24.92,,2023-04-17 08:00:00+00:00
1681732800,24.91,25.46,24.28,24.53,,2023-04-17 12:00:00+00:00
1681747200,24.54,24.89,24.34,24.73,,2023-04-17 16:00:00+00:00
1681761600,24.73,24.8,24.46,24.58,,2023-04-17 20:00:00+00:00
1681776000,24.57,24.67,24.0,24.42,,2023-04-18 00:00:00+00:00
1681790400,24.43,25.15,24.35,25.1,,2023-04-18 04:00:00+00:00
1681804800,25.1,25.44,24.86,25.34,,2023-04-18 08:00:00+00:00
1681819200,25.35,25.4,24.83,24.92,,2023-04-18 12:00:00+00:00
1681833600,24.92,25.0,24.42,24.68,,2023-04-18 16:00:00+00:00
1681848000,24.68,24.91,24.58,24.82,,2023-04-18 20:00:00+00:00
1681862400,24.82,24.98,24.53,24.61,,2023-04-19 00:00:00+00:00
1681876800,24.61,24.78,24.26,24.36,,2023-04-19 04:00:00+00:00
1681891200,24.36,24.37,21.71,23.21,,2023-04-19 08:00:00+00:00
1681905600,23.21,23.55,22.93,23.33,,2023-04-19 12:00:00+00:00
1681920000,23.34,23.49,22.83,22.99,,2023-04-19 16:00:00+00:00
1681934400,22.98,23.16,22.14,22.66,,2023-04-19 20:00:00+00:00
1681948800,22.66,23.09,22.37,22.86,,2023-04-20 00:00:00+00:00
1681963200,22.87,23.08,22.57,22.61,,2023-04-20 04:00:00+00:00
1681977600,22.6,22.87,22.23,22.33,,2023-04-20 08:00:00+00:00
1681992000,22.34,23.18,22.06,22.13,,2023-04-20 12:00:00+00:00
1682006400,22.13,22.44,21.59,21.79,,2023-04-20 16:00:00+00:00
1682020800,21.78,22.3,21.68,22.2,,2023-04-20 20:00:00+00:00
1682035200,22.19,22.41,21.99,22.31,,2023-04-21 00:00:00+00:00
1682049600,22.31,22.36,21.81,22.26,,2023-04-21 04:00:00+00:00
1682064000,22.26,22.4,21.93,22.03,,2023-04-21 08:00:00+00:00
1682078400,22.02,22.3,21.8,21.88,,2023-04-21 12:00:00+00:00
1682092800,21.87,21.94,21.0,21.21,,2023-04-21 16:00:00+00:00
1682107200,21.21,21.5,21.0,21.25,,2023-04-21 20:00:00+00:00
1682121600,21.26,21.4,21.05,21.37,,2023-04-22 00:00:00+00:00
1682136000,21.38,21.5,21.23,21.27,,2023-04-22 04:00:00+00:00
1682150400,21.28,21.4,21.21,21.37,,2023-04-22 08:00:00+00:00
1682164800,21.37,21.74,21.36,21.74,,2023-04-22 12:00:00+00:00
1682179200,21.73,21.94,21.61,21.77,,2023-04-22 16:00:00+00:00
1682193600,21.77,21.99,21.69,21.79,,2023-04-22 20:00:00+00:00
1682208000,21.79,21.8,21.44,21.72,,2023-04-23 00:00:00+00:00
1682222400,21.71,22.15,21.68,22.07,,2023-04-23 04:00:00+00:00
1682236800,22.07,22.21,21.92,22.13,,2023-04-23 08:00:00+00:00
1682251200,22.13,22.25,21.48,21.66,,2023-04-23 12:00:00+00:00
1682265600,21.65,21.69,20.91,21.19,,2023-04-23 16:00:00+00:00
1682280000,21.19,21.55,21.09,21.47,,2023-04-23 20:00:00+00:00
1682294400,21.47,22.02,21.26,21.72,,2023-04-24 00:00:00+00:00
1682308800,21.72,21.79,21.18,21.29,,2023-04-24 04:00:00+00:00
1682323200,21.28,21.74,21.13,21.74,,2023-04-24 08:00:00+00:00
1682337600,21.73,22.0,21.29,21.35,,2023-04-24 12:00:00+00:00
1682352000,21.34,21.56,21.0,21.32,,2023-04-24 16:00:00+00:00
1682366400,21.32,21.48,21.26,21.38,,2023-04-24 20:00:00+00:00
1682380800,21.39,21.46,20.82,20.87,,2023-04-25 00:00:00+00:00
1682395200,20.88,21.16,20.84,20.89,,2023-04-25 04:00:00+00:00
1682409600,20.88,21.05,20.73,21.0,,2023-04-25 08:00:00+00:00
1682424000,21.01,21.17,20.76,20.88,,2023-04-25 12:00:00+00:00
1682438400,20.87,21.3,20.77,21.17,,2023-04-25 16:00:00+00:00
1682452800,21.18,21.97,21.16,21.93,,2023-04-25 20:00:00+00:00
1682467200,21.94,22.08,21.73,21.8,,2023-04-26 00:00:00+00:00
1682481600,21.81,22.17,21.81,21.92,,2023-04-26 04:00:00+00:00
1682496000,21.93,22.64,21.92,22.46,,2023-04-26 08:00:00+00:00
1682510400,22.46,22.97,22.45,22.68,,2023-04-26 12:00:00+00:00
1682524800,22.67,22.85,20.8,21.09,,2023-04-26 16:00:00+00:00
1682539200,21.09,21.54,20.36,21.28,,2023-04-26 20:00:00+00:00
1682553600,21.28,22.08,21.18,21.63,,2023-04-27 00:00:00+00:00
1682568000,21.62,22.0,21.51,21.68,,2023-04-27 04:00:00+00:00
1682582400,21.67,21.77,21.52,21.65,,2023-04-27 08:00:00+00:00
1682596800,21.64,22.46,21.31,22.25,,2023-04-27 12:00:00+00:00
1682611200,22.25,22.52,22.03,22.33,,2023-04-27 16:00:00+00:00
1682625600,22.33,22.49,22.13,22.33,,2023-04-27 20:00:00+00:00
1682640000,22.34,22.68,22.19,22.31,,2023-04-28 00:00:00+00:00
1682654400,22.31,22.65,22.3,22.61,,2023-04-28 04:00:00+00:00
1682668800,22.62,22.87,22.34,22.49,,2023-04-28 08:00:00+00:00
1682683200,22.49,22.75,22.16,22.38,,2023-04-28 12:00:00+00:00
1682697600,22.38,23.47,22.37,23.31,,2023-04-28 16:00:00+00:00
1682712000,23.32,23.5,23.12,23.34,,2023-04-28 20:00:00+00:00
1682726400,23.34,23.49,23.2,23.3,,2023-04-29 00:00:00+00:00
1682740800,23.31,23.41,23.13,23.26,,2023-04-29 04:00:00+00:00
1682755200,23.26,23.36,23.18,23.29,,2023-04-29 08:00:00+00:00
1682769600,23.28,23.89,23.25,23.35,,2023-04-29 12:00:00+00:00
1682784000,23.34,23.4,22.9,23.31,,2023-04-29 16:00:00+00:00
1682798400,23.3,23.31,22.92,23.19,,2023-04-29 20:00:00+00:00
1682812800,23.18,23.21,22.97,23.15,,2023-04-30 00:00:00+00:00
1682827200,23.15,23.49,23.07,23.42,,2023-04-30 04:00:00+00:00
1682841600,23.42,23.74,23.42,23.49,,2023-04-30 08:00:00+00:00
1682856000,23.49,23.99,23.33,23.67,,2023-04-30 12:00:00+00:00
1682870400,23.68,23.88,23.04,23.18,,2023-04-30 16:00:00+00:00
1682884800,23.18,23.33,22.69,22.74,,2023-04-30 20:00:00+00:00
1682899200,22.73,22.88,21.91,22.18,,2023-05-01 00:00:00+00:00
1682913600,22.18,22.38,22.01,22.33,,2023-05-01 04:00:00+00:00
1682928000,22.34,22.36,22.14,22.21,,2023-05-01 08:00:00+00:00
1682942400,22.21,22.31,21.74,21.89,,2023-05-01 12:00:00+00:00
1682956800,21.89,22.0,21.54,21.74,,2023-05-01 16:00:00+00:00
1682971200,21.74,22.07,21.6,21.96,,2023-05-01 20:00:00+00:00
1682985600,21.95,22.02,21.75,21.87,,2023-05-02 00:00:00+00:00
1683000000,21.87,22.01,21.75,21.91,,2023-05-02 04:00:00+00:00
1683014400,21.91,22.06,21.8,21.98,,2023-05-02 08:00:00+00:00
1683028800,21.99,22.31,21.77,22.19,,2023-05-02 12:00:00+00:00
1683043200,22.19,22.38,22.09,22.29,,2023-05-02 16:00:00+00:00
1683057600,22.3,22.35,22.16,22.25,,2023-05-02 20:00:00+00:00
1683072000,22.25,22.27,21.75,21.89,,2023-05-03 00:00:00+00:00
1683086400,21.89,22.01,21.6,21.75,,2023-05-03 04:00:00+00:00
1683100800,21.74,21.85,21.34,21.41,,2023-05-03 08:00:00+00:00
1683115200,21.4,21.52,21.23,21.33,,2023-05-03 12:00:00+00:00
1683129600,21.32,21.72,21.27,21.4,,2023-05-03 16:00:00+00:00
1683144000,21.41,22.3,21.39,22.24,,2023-05-03 20:00:00+00:00
1683158400,22.24,22.49,22.13,22.24,,2023-05-04 00:00:00+00:00
1683172800,22.23,22.35,22.1,22.12,,2023-05-04 04:00:00+00:00
1683187200,22.11,22.45,22.08,22.24,,2023-05-04 08:00:00+00:00
1683201600,22.25,22.33,21.76,21.82,,2023-05-04 12:00:00+00:00
1683216000,21.81,21.92,21.61,21.75,,2023-05-04 16:00:00+00:00
1683230400,21.75,21.8,21.62,21.74,,2023-05-04 20:00:00+00:00
1683244800,21.74,22.12,21.67,21.9,,2023-05-05 00:00:00+00:00
1683259200,21.9,22.01,21.66,21.79,,2023-05-05 04:00:00+00:00
1683273600,21.78,22.04,21.77,22.01,,2023-05-05 08:00:00+00:00
1683288000,22.02,22.49,21.56,22.32,,2023-05-05 12:00:00+00:00
1683302400,22.32,22.95,22.31,22.87,,2023-05-05 16:00:00+00:00
1683316800,22.88,23.07,22.76,22.82,,2023-05-05 20:00:00+00:00
1683331200,22.82,23.23,22.64,22.72,,2023-05-06 00:00:00+00:00
1683345600,22.72,22.8,22.54,22.64,,2023-05-06 04:00:00+00:00
1683360000,22.63,22.68,22.44,22.67,,2023-05-06 08:00:00+00:00
1683374400,22.67,22.69,21.56,21.79,,2023-05-06 12:00:00+00:00
1683388800,21.78,22.16,21.73,21.98,,2023-05-06 16:00:00+00:00
1683403200,21.98,22.02,21.82,21.91,,2023-05-06 20:00:00+00:00
1683417600,21.91,22.03,21.72,21.88,,2023-05-07 00:00:00+00:00
1683432000,21.88,22.07,21.87,22.05,,2023-05-07 04:00:00+00:00
1683446400,22.06,22.24,21.93,22.1,,2023-05-07 08:00:00+00:00
1683460800,22.1,22.56,22.1,22.46,,2023-05-07 12:00:00+00:00
1683475200,22.46,22.78,22.36,22.44,,2023-05-07 16:00:00+00:00
1683489600,22.44,22.57,21.63,21.66,,2023-05-07 20:00:00+00:00
1683504000,21.65,21.81,20.75,21.3,,2023-05-08 00:00:00+00:00
1683518400,21.3,21.44,20.92,21.22,,2023-05-08 04:00:00+00:00
1683532800,21.22,21.32,21.05,21.26,,2023-05-08 08:00:00+00:00
1683547200,21.27,21.39,21.07,21.16,,2023-05-08 12:00:00+00:00
1683561600,21.16,21.2,20.0,20.39,,2023-05-08 16:00:00+00:00
1683576000,20.39,20.75,20.32,20.62,,2023-05-08 20:00:00+00:00
1683590400,20.63,20.8,20.51,20.62,,2023-05-09 00:00:00+00:00
1683604800,20.63,20.72,20.41,20.69,,2023-05-09 04:00:00+00:00
1683619200,20.69,20.81,20.51,20.81,,2023-05-09 08:00:00+00:00
1683633600,20.81,21.0,20.49,20.55,,2023-05-09 12:00:00+00:00
1683648000,20.55,20.85,20.4,20.62,,2023-05-09 16:00:00+00:00
1683662400,20.61,20.73,20.42,20.65,,2023-05-09 20:00:00+00:00
1683676800,20.66,20.88,20.61,20.7,,2023-05-10 00:00:00+00:00
1683691200,20.71,20.82,20.53,20.54,,2023-05-10 04:00:00+00:00
1683705600,20.55,20.76,20.48,20.75,,2023-05-10 08:00:00+00:00
1683720000,20.75,21.31,20.64,21.09,,2023-05-10 12:00:00+00:00
1683734400,21.08,21.19,19.74,20.96,,2023-05-10 16:00:00+00:00
1683748800,20.96,21.28,20.85,20.91,,2023-05-10 20:00:00+00:00
1683763200,20.92,20.93,20.52,20.55,,2023-05-11 00:00:00+00:00
1683777600,20.55,20.7,20.53,20.6,,2023-05-11 04:00:00+00:00
1683792000,20.59,20.64,20.31,20.49,,2023-05-11 08:00:00+00:00
1683806400,20.5,20.76,19.9,20.17,,2023-05-11 12:00:00+00:00
1683820800,20.16,20.2,19.69,20.0,,2023-05-11 16:00:00+00:00
1683835200,20.01,20.31,19.96,20.17,,2023-05-11 20:00:00+00:00
1683849600,20.17,20.28,19.83,19.98,,2023-05-12 00:00:00+00:00
1683864000,19.98,20.21,19.8,20.09,,2023-05-12 04:00:00+00:00
1683878400,20.09,20.36,20.05,20.28,,2023-05-12 08:00:00+00:00
1683892800,20.27,20.75,20.27,20.3,,2023-05-12 12:00:00+00:00
1683907200,20.29,20.54,19.91,20.49,,2023-05-12 16:00:00+00:00
1683921600,20.48,20.95,20.41,20.9,,2023-05-12 20:00:00+00:00
1683936000,20.91,21.19,20.8,21.15,,2023-05-13 00:00:00+00:00
1683950400,21.15,21.25,20.98,21.22,,2023-05-13 04:00:00+00:00
1683964800,21.22,21.29,21.03,21.08,,2023-05-13 08:00:00+00:00
1683979200,21.08,21.13,20.77,20.87,,2023-05-13 12:00:00+00:00
1683993600,20.87,21.13,20.79,20.94,,2023-05-13 16:00:00+00:00
1684008000,20.94,21.03,20.83,20.84,,2023-05-13 20:00:00+00:00
1684022400,20.83,21.0,20.62,20.94,,2023-05-14 00:00:00+00:00
1684036800,20.95,21.2,20.91,21.09,,2023-05-14 04:00:00+00:00
1684051200,21.1,21.12,20.94,20.97,,2023-05-14 08:00:00+00:00
1684065600,20.96,21.28,20.85,21.18,,2023-05-14 12:00:00+00:00
1684080000,21.17,21.2,20.86,20.93,,2023-05-14 16:00:00+00:00
1684094400,20.92,20.99,20.82,20.93,,2023-05-14 20:00:00+00:00
1684108800,20.93,21.29,20.6,21.22,,2023-05-15 00:00:00+00:00
1684123200,21.23,21.5,21.1,21.39,,2023-05-15 04:00:00+00:00
1684137600,21.39,21.52,21.26,21.28,,2023-05-15 08:00:00+00:00
1684152000,21.29,21.46,21.18,21.37,,2023-05-15 12:00:00+00:00
1684166400,21.38,21.49,21.11,21.16,,2023-05-15 16:00:00+00:00
1684180800,21.16,21.17,20.93,20.99,,2023-05-15 20:00:00+00:00
1684195200,20.98,21.13,20.67,20.86,,2023-05-16 00:00:00+00:00
1684209600,20.86,21.07,20.75,21.04,,2023-05-16 04:00:00+00:00
1684224000,21.05,21.11,20.8,20.88,,2023-05-16 08:00:00+00:00
1684238400,20.87,20.9,20.65,20.78,,2023-05-16 12:00:00+00:00
1684252800,20.78,20.82,20.47,20.5,,2023-05-16 16:00:00+00:00
1684267200,20.5,20.73,20.43,20.67,,2023-05-16 20:00:00+00:00
1684281600,20.68,21.08,20.58,20.96,,2023-05-17 00:00:00+00:00
1684296000,20.97,21.01,20.53,20.56,,2023-05-17 04:00:00+00:00
1684310400,20.56,20.69,20.47,20.52,,2023-05-17 08:00:00+00:00
1684324800,20.53,20.73,20.42,20.59,,2023-05-17 12:00:00+00:00
1684339200,20.59,21.15,20.54,21.03,,2023-05-17 16:00:00+00:00
1684353600,21.03,21.23,20.93,21.06,,2023-05-17 20:00:00+00:00
1684368000,21.06,21.09,20.88,21.03,,2023-05-18 00:00:00+00:00
1684382400,21.04,21.05,20.75,20.92,,2023-05-18 04:00:00+00:00
1684396800,20.93,20.96,20.74,20.84,,2023-05-18 08:00:00+00:00
1684411200,20.83,20.84,20.47,20.53,,2023-05-18 12:00:00+00:00
1684425600,20.52,20.6,20.07,20.34,,2023-05-18 16:00:00+00:00
1684440000,20.34,20.52,20.28,20.34,,2023-05-18 20:00:00+00:00
1684454400,20.35,20.42,20.27,20.34,,2023-05-19 00:00:00+00:00
1684468800,20.34,20.48,20.3,20.44,,2023-05-19 04:00:00+00:00
1684483200,20.43,20.52,20.37,20.45,,2023-05-19 08:00:00+00:00
1684497600,20.45,20.59,20.21,20.4,,2023-05-19 12:00:00+00:00
1684512000,20.41,20.51,20.31,20.37,,2023-05-19 16:00:00+00:00
1684526400,20.37,20.4,20.32,20.36,,2023-05-19 20:00:00+00:00
1684540800,20.35,20.37,20.15,20.27,,2023-05-20 00:00:00+00:00
1684555200,20.27,20.29,20.08,20.16,,2023-05-20 04:00:00+00:00
1684569600,20.17,20.26,20.16,20.22,,2023-05-20 08:00:00+00:00
1684584000,20.21,20.31,20.18,20.28,,2023-05-20 12:00:00+00:00
1684598400,20.28,20.36,20.2,20.29,,2023-05-20 16:00:00+00:00
1684612800,20.29,20.31,20.21,20.28,,2023-05-20 20:00:00+00:00
1684627200,20.28,20.39,20.22,20.24,,2023-05-21 00:00:00+00:00
1684641600,20.24,20.29,20.22,20.28,,2023-05-21 04:00:00+00:00
1684656000,20.29,20.33,20.08,20.15,,2023-05-21 08:00:00+00:00
1684670400,20.14,20.19,19.81,19.94,,2023-05-21 12:00:00+00:00
1684684800,19.93,20.01,19.83,19.98,,2023-05-21 16:00:00+00:00
1684699200,19.98,20.06,19.33,19.61,,2023-05-21 20:00:00+00:00
1684713600,19.61,19.68,19.28,19.54,,2023-05-22 00:00:00+00:00
1684728000,19.54,19.79,19.52,19.69,,2023-05-22 04:00:00+00:00
1684742400,19.69,19.92,19.69,19.87,,2023-05-22 08:00:00+00:00
1684756800,19.87,20.03,19.57,19.67,,2023-05-22 12:00:00+00:00
1684771200,19.67,19.76,19.57,19.68,,2023-05-22 16:00:00+00:00
1684785600,19.69,19.75,19.51,19.53,,2023-05-22 20:00:00+00:00
1684800000,19.52,20.18,19.42,20.04,,2023-05-23 00:00:00+00:00
1684814400,20.04,20.11,19.74,19.84,,2023-05-23 04:00:00+00:00
1684828800,19.85,19.94,19.74,19.92,,2023-05-23 08:00:00+00:00
1684843200,19.92,20.07,19.81,20.0,,2023-05-23 12:00:00+00:00
1684857600,20.01,20.16,19.88,20.02,,2023-05-23 16:00:00+00:00
1684872000,20.03,20.12,19.98,20.02,,2023-05-23 20:00:00+00:00
1684886400,20.02,20.07,19.44,19.56,,2023-05-24 00:00:00+00:00
1684900800,19.55,19.6,19.38,19.42,,2023-05-24 04:00:00+00:00
1684915200,19.43,19.56,19.31,19.42,,2023-05-24 08:00:00+00:00
1684929600,19.43,19.49,18.66,19.17,,2023-05-24 12:00:00+00:00
1684944000,19.17,19.29,19.04,19.19,,2023-05-24 16:00:00+00:00
1684958400,19.2,19.37,19.15,19.22,,2023-05-24 20:00:00+00:00
1684972800,19.22,19.4,18.77,19.37,,2023-05-25 00:00:00+00:00
1684987200,19.38,19.47,19.27,19.27,,2023-05-25 04:00:00+00:00
1685001600,19.27,19.42,19.24,19.38,,2023-05-25 08:00:00+00:00
1685016000,19.39,19.58,19.18,19.24,,2023-05-25 12:00:00+00:00
1685030400,19.24,19.43,19.19,19.31,,2023-05-25 16:00:00+00:00
1685044800,19.32,19.34,19.21,19.25,,2023-05-25 20:00:00+00:00
1685059200,19.25,19.36,19.18,19.29,,2023-05-26 00:00:00+00:00
1685073600,19.29,19.31,19.08,19.3,,2023-05-26 04:00:00+00:00
1685088000,19.3,19.35,19.25,19.29,,2023-05-26 08:00:00+00:00
1685102400,19.3,19.56,19.21,19.43,,2023-05-26 12:00:00+00:00
1685116800,19.43,19.5,19.3,19.46,,2023-05-26 16:00:00+00:00
1685131200,19.47,19.5,19.34,19.35,,2023-05-26 20:00:00+00:00
1685145600,19.35,19.5,19.33,19.48,,2023-05-27 00:00:00+00:00
1685160000,19.47,19.64,19.44,19.53,,2023-05-27 04:00:00+00:00
1685174400,19.53,19.54,19.44,19.48,,2023-05-27 08:00:00+00:00
1685188800,19.48,19.61,19.43,19.61,,2023-05-27 12:00:00+00:00
1685203200,19.61,19.69,19.51,19.67,,2023-05-27 16:00:00+00:00
1685217600,19.66,20.54,19.66,20.43,,2023-05-27 20:00:00+00:00
1685232000,20.42,20.79,20.29,20.48,,2023-05-28 00:00:00+00:00
1685246400,20.49,20.56,20.42,20.49,,2023-05-28 04:00:00+00:00
1685260800,20.48,20.67,20.4,20.52,,2023-05-28 08:00:00+00:00
1685275200,20.52,20.67,20.42,20.5,,2023-05-28 12:00:00+00:00
1685289600,20.5,20.99,20.47,20.77,,2023-05-28 16:00:00+00:00
1685304000,20.77,21.19,20.71,20.81,,2023-05-28 20:00:00+00:00
1685318400,20.81,20.98,20.64,20.7,,2023-05-29 00:00:00+00:00
1685332800,20.71,20.78,20.54,20.73,,2023-05-29 04:00:00+00:00
1685347200,20.73,20.78,20.61,20.74,,2023-05-29 08:00:00+00:00
1685361600,20.75,20.78,20.41,20.48,,2023-05-29 12:00:00+00:00
1685376000,20.47,20.59,20.26,20.51,,2023-05-29 16:00:00+00:00
1685390400,20.5,20.68,20.43,20.57,,2023-05-29 20:00:00+00:00
1685404800,20.57,21.17,20.46,20.86,,2023-05-30 00:00:00+00:00
1685419200,20.87,20.92,20.66,20.74,,2023-05-30 04:00:00+00:00
1685433600,20.75,21.37,20.74,21.28,,2023-05-30 08:00:00+00:00
1685448000,21.28,21.4,20.88,20.96,,2023-05-30 12:00:00+00:00
1685462400,20.95,21.39,20.8,21.36,,2023-05-30 16:00:00+00:00
1685476800,21.36,21.39,21.14,21.25,,2023-05-30 20:00:00+00:00
1685491200,21.25,21.33,20.94,21.1,,2023-05-31 00:00:00+00:00
1685505600,21.1,21.14,20.47,20.72,,2023-05-31 04:00:00+00:00
1685520000,20.72,20.81,20.52,20.61,,2023-05-31 08:00:00+00:00
1685534400,20.61,20.7,20.37,20.48,,2023-05-31 12:00:00+00:00
1685548800,20.47,20.73,20.45,20.64,,2023-05-31 16:00:00+00:00
1685563200,20.64,20.84,20.63,20.81,,2023-05-31 20:00:00+00:00
1685577600,20.82,20.98,20.41,20.7,,2023-06-01 00:00:00+00:00
1685592000,20.7,20.74,20.55,20.61,,2023-06-01 04:00:00+00:00
1685606400,20.62,20.73,20.58,20.72,,2023-06-01 08:00:00+00:00
1685620800,20.71,20.9,20.62,20.69,,2023-06-01 12:00:00+00:00
1685635200,20.69,20.86,20.5,20.68,,2023-06-01 16:00:00+00:00
1685649600,20.67,20.71,20.41,20.49,,2023-06-01 20:00:00+00:00
1685664000,20.49,20.78,20.3,20.76,,2023-06-02 00:00:00+00:00
1685678400,20.77,21.14,20.71,20.98,,2023-06-02 04:00:00+00:00
1685692800,20.98,21.3,20.98,21.25,,2023-06-02 08:00:00+00:00
1685707200,21.25,21.3,20.95,21.19,,2023-06-02 12:00:00+00:00
1685721600,21.18,21.37,21.06,21.29,,2023-06-02 16:00:00+00:00
1685736000,21.3,21.37,21.18,21.26,,2023-06-02 20:00:00+00:00
1685750400,21.26,21.31,21.07,21.12,,2023-06-03 00:00:00+00:00
1685764800,21.12,21.19,21.03,21.17,,2023-06-03 04:00:00+00:00
1685779200,21.18,21.24,21.08,21.18,,2023-06-03 08:00:00+00:00
1685793600,21.17,21.25,21.08,21.25,,2023-06-03 12:00:00+00:00
1685808000,21.24,21.35,21.04,21.06,,2023-06-03 16:00:00+00:00
1685822400,21.06,21.19,20.95,21.19,,2023-06-03 20:00:00+00:00
1685836800,21.19,21.31,21.03,21.25,,2023-06-04 00:00:00+00:00
1685851200,21.26,21.82,21.22,21.6,,2023-06-04 04:00:00+00:00
1685865600,21.61,21.73,21.46,21.7,,2023-06-04 08:00:00+00:00
1685880000,21.7,22.15,21.69,22.05,,2023-06-04 12:00:00+00:00
1685894400,22.04,22.29,21.9,22.21,,2023-06-04 16:00:00+00:00
1685908800,22.21,22.3,21.78,21.82,,2023-06-04 20:00:00+00:00
1685923200,21.83,22.06,21.51,21.54,,2023-06-05 00:00:00+00:00
1685937600,21.53,21.69,21.39,21.66,,2023-06-05 04:00:00+00:00
1685952000,21.66,21.69,21.5,21.6,,2023-06-05 08:00:00+00:00
1685966400,21.61,21.61,19.84,19.93,,2023-06-05 12:00:00+00:00
1685980800,19.92,20.58,19.03,20.03,,2023-06-05 16:00:00+00:00
1685995200,20.03,20.14,19.67,20.0,,2023-06-05 20:00:00+00:00
1686009600,20.01,20.03,19.71,20.0,,2023-06-06 00:00:00+00:00
1686024000,19.99,20.12,19.86,20.11,,2023-06-06 04:00:00+00:00
1686038400,20.1,20.12,19.82,19.88,,2023-06-06 08:00:00+00:00
1686052800,19.88,20.08,19.23,19.94,,2023-06-06 12:00:00+00:00
1686067200,19.95,20.66,19.91,20.59,,2023-06-06 16:00:00+00:00
1686081600,20.58,20.7,20.23,20.38,,2023-06-06 20:00:00+00:00
1686096000,20.38,20.53,20.01,20.15,,2023-06-07 00:00:00+00:00
1686110400,20.15,20.25,19.96,20.01,,2023-06-07 04:00:00+00:00
1686124800,20.01,20.1,19.57,19.95,,2023-06-07 08:00:00+00:00
1686139200,19.95,19.96,19.22,19.32,,2023-06-07 12:00:00+00:00
1686153600,19.32,19.32,18.6,18.97,,2023-06-07 16:00:00+00:00
1686168000,18.98,18.99,18.5,18.64,,2023-06-07 20:00:00+00:00
1686182400,18.64,18.88,18.23,18.47,,2023-06-08 00:00:00+00:00
1686196800,18.47,18.78,18.39,18.64,,2023-06-08 04:00:00+00:00
1686211200,18.65,18.83,18.55,18.79,,2023-06-08 08:00:00+00:00
1686225600,18.79,19.0,18.71,18.92,,2023-06-08 12:00:00+00:00
1686240000,18.92,18.93,18.56,18.86,,2023-06-08 16:00:00+00:00
1686254400,18.85,19.11,18.82,18.89,,2023-06-08 20:00:00+00:00
1686268800,18.88,18.92,18.59,18.76,,2023-06-09 00:00:00+00:00
1686283200,18.76,18.81,18.47,18.59,,2023-06-09 04:00:00+00:00
1686297600,18.58,19.37,18.55,19.27,,2023-06-09 08:00:00+00:00
1686312000,19.27,19.33,18.49,18.7,,2023-06-09 12:00:00+00:00
1686326400,18.71,18.71,17.22,17.39,,2023-06-09 16:00:00+00:00
1686340800,17.39,17.75,17.11,17.4,,2023-06-09 20:00:00+00:00
1686355200,17.4,17.43,16.03,16.29,,2023-06-10 00:00:00+00:00
1686369600,16.29,16.47,12.8,14.42,,2023-06-10 04:00:00+00:00
1686384000,14.42,15.07,14.25,14.92,,2023-06-10 08:00:00+00:00
1686398400,14.92,14.93,14.42,14.77,,2023-06-10 12:00:00+00:00
1686412800,14.77,15.87,14.52,15.32,,2023-06-10 16:00:00+00:00
1686427200,15.33,15.89,15.19,15.61,,2023-06-10 20:00:00+00:00
1686441600,15.61,15.79,15.39,15.57,,2023-06-11 00:00:00+00:00
1686456000,15.57,15.73,15.28,15.4,,2023-06-11 04:00:00+00:00
1686470400,15.4,15.71,15.29,15.53,,2023-06-11 08:00:00+00:00
1686484800,15.53,15.68,15.11,15.22,,2023-06-11 12:00:00+00:00
1686499200,15.22,16.18,15.14,16.0,,2023-06-11 16:00:00+00:00
1686513600,16.0,16.15,15.37,15.55,,2023-06-11 20:00:00+00:00
1686528000,15.55,15.6,14.9,15.1,,2023-06-12 00:00:00+00:00
1686542400,15.09,15.31,15.0,15.09,,2023-06-12 04:00:00+00:00
1686556800,15.09,15.69,15.02,15.4,,2023-06-12 08:00:00+00:00
1686571200,15.4,15.47,15.14,15.2,,2023-06-12 12:00:00+00:00
1686585600,15.2,15.33,14.74,14.96,,2023-06-12 16:00:00+00:00
1686600000,14.95,15.39,14.9,15.19,,2023-06-12 20:00:00+00:00
1686614400,15.19,15.52,15.0,15.34,,2023-06-13 00:00:00+00:00
1686628800,15.33,15.52,15.12,15.43,,2023-06-13 04:00:00+00:00
1686643200,15.43,15.69,15.35,15.64,,2023-06-13 08:00:00+00:00
1686657600,15.63,16.0,14.76,14.8,,2023-06-13 12:00:00+00:00
1686672000,14.8,15.16,14.78,14.97,,2023-06-13 16:00:00+00:00
1686686400,14.97,15.08,14.86,15.04,,2023-06-13 20:00:00+00:00
1686700800,15.03,15.3,14.92,15.25,,2023-06-14 00:00:00+00:00
1686715200,15.24,15.27,15.0,15.05,,2023-06-14 04:00:00+00:00
1686729600,15.06,15.24,15.04,15.2,,2023-06-14 08:00:00+00:00
1686744000,15.21,15.29,15.01,15.11,,2023-06-14 12:00:00+00:00
1686758400,15.1,15.37,14.87,15.09,,2023-06-14 16:00:00+00:00
1686772800,15.09,15.13,14.06,14.48,,2023-06-14 20:00:00+00:00
1686787200,14.49,15.08,14.42,14.92,,2023-06-15 00:00:00+00:00
1686801600,14.92,14.93,14.64,14.81,,2023-06-15 04:00:00+00:00
1686816000,14.81,14.92,14.45,14.65,,2023-06-15 08:00:00+00:00
1686830400,14.66,14.79,14.37,14.48,,2023-06-15 12:00:00+00:00
1686844800,14.48,14.82,14.18,14.77,,2023-06-15 16:00:00+00:00
1686859200,14.76,15.07,14.59,14.77,,2023-06-15 20:00:00+00:00
1686873600,14.78,14.87,14.63,14.8,,2023-06-16 00:00:00+00:00
1686888000,14.8,14.99,14.78,14.85,,2023-06-16 04:00:00+00:00
1686902400,14.85,14.95,14.53,14.56,,2023-06-16 08:00:00+00:00
1686916800,14.57,15.09,14.38,15.0,,2023-06-16 12:00:00+00:00
1686931200,15.01,15.47,14.89,15.28,,2023-06-16 16:00:00+00:00
1686945600,15.28,15.44,15.22,15.31,,2023-06-16 20:00:00+00:00
1686960000,15.32,15.43,15.16,15.42,,2023-06-17 00:00:00+00:00
1686974400,15.42,16.12,15.36,15.85,,2023-06-17 04:00:00+00:00
1686988800,15.86,15.95,15.72,15.77,,2023-06-17 08:00:00+00:00
1687003200,15.76,15.92,15.56,15.65,,2023-06-17 12:00:00+00:00
1687017600,15.65,15.79,15.62,15.65,,2023-06-17 16:00:00+00:00
1687032000,15.66,15.77,15.59,15.64,,2023-06-17 20:00:00+00:00
1687046400,15.65,15.67,15.41,15.59,,2023-06-18 00:00:00+00:00
1687060800,15.59,15.7,15.47,15.59,,2023-06-18 04:00:00+00:00
1687075200,15.59,15.75,15.5,15.72,,2023-06-18 08:00:00+00:00
1687089600,15.73,15.79,15.61,15.72,,2023-06-18 12:00:00+00:00
1687104000,15.71,15.83,15.68,15.81,,2023-06-18 16:00:00+00:00
1687118400,15.82,15.84,15.28,15.45,,2023-06-18 20:00:00+00:00
1687132800,15.45,15.58,15.34,15.49,,2023-06-19 00:00:00+00:00
1687147200,15.48,15.54,15.41,15.48,,2023-06-19 04:00:00+00:00
1687161600,15.48,15.57,15.41,15.56,,2023-06-19 08:00:00+00:00
1687176000,15.57,15.7,15.45,15.56,,2023-06-19 12:00:00+00:00
1687190400,15.56,15.98,15.43,15.85,,2023-06-19 16:00:00+00:00
1687204800,15.85,16.14,15.79,16.1,,2023-06-19 20:00:00+00:00
1687219200,16.1,16.3,16.0,16.02,,2023-06-20 00:00:00+00:00
1687233600,16.03,16.13,15.92,15.98,,2023-06-20 04:00:00+00:00
1687248000,15.97,15.98,15.8,15.93,,2023-06-20 08:00:00+00:00
1687262400,15.93,16.1,15.73,15.95,,2023-06-20 12:00:00+00:00
1687276800,15.95,16.5,15.85,16.36,,2023-06-20 16:00:00+00:00
1687291200,16.36,16.69,16.28,16.64,,2023-06-20 20:00:00+00:00
1687305600,16.65,17.21,16.56,16.76,,2023-06-21 00:00:00+00:00
1687320000,16.76,16.97,16.7,16.83,,2023-06-21 04:00:00+00:00
1687334400,16.82,16.9,16.64,16.79,,2023-06-21 08:00:00+00:00
1687348800,16.79,17.09,16.54,16.89,,2023-06-21 12:00:00+00:00
1687363200,16.88,17.29,16.81,17.12,,2023-06-21 16:00:00+00:00
1687377600,17.13,17.4,16.95,17.23,,2023-06-21 20:00:00+00:00
1687392000,17.23,17.75,17.17,17.53,,2023-06-22 00:00:00+00:00
1687406400,17.54,17.56,17.14,17.37,,2023-06-22 04:00:00+00:00
1687420800,17.38,17.4,16.62,16.86,,2023-06-22 08:00:00+00:00
1687435200,16.85,17.16,16.66,16.9,,2023-06-22 12:00:00+00:00
1687449600,16.89,17.11,16.79,16.93,,2023-06-22 16:00:00+00:00
1687464000,16.94,16.95,16.57,16.62,,2023-06-22 20:00:00+00:00
1687478400,16.62,16.8,16.52,16.78,,2023-06-23 00:00:00+00:00
1687492800,16.78,16.86,16.68,16.78,,2023-06-23 04:00:00+00:00
1687507200,16.78,16.84,16.54,16.59,,2023-06-23 08:00:00+00:00
1687521600,16.6,17.05,16.16,16.98,,2023-06-23 12:00:00+00:00
1687536000,16.98,17.27,16.81,17.13,,2023-06-23 16:00:00+00:00
1687550400,17.12,17.53,16.92,17.13,,2023-06-23 20:00:00+00:00
1687564800,17.14,17.53,17.05,17.37,,2023-06-24 00:00:00+00:00
1687579200,17.37,17.42,17.02,17.07,,2023-06-24 04:00:00+00:00
1687593600,17.07,17.32,17.06,17.21,,2023-06-24 08:00:00+00:00
1687608000,17.22,17.39,16.5,16.62,,2023-06-24 12:00:00+00:00
1687622400,16.62,16.8,16.42,16.69,,2023-06-24 16:00:00+00:00
1687636800,16.69,16.69,16.37,16.64,,2023-06-24 20:00:00+00:00
1687651200,16.64,16.99,16.57,16.98,,2023-06-25 00:00:00+00:00
1687665600,16.98,17.37,16.92,17.28,,2023-06-25 04:00:00+00:00
1687680000,17.27,17.38,17.02,17.24,,2023-06-25 08:00:00+00:00
1687694400,17.25,17.3,16.76,17.12,,2023-06-25 12:00:00+00:00
1687708800,17.12,17.28,16.88,16.99,,2023-06-25 16:00:00+00:00
1687723200,16.98,17.11,16.8,16.96,,2023-06-25 20:00:00+00:00
1687737600,16.96,16.97,16.54,16.75,,2023-06-26 00:00:00+00:00
1687752000,16.76,17.06,16.61,16.93,,2023-06-26 04:00:00+00:00
1687766400,16.93,16.97,16.72,16.92,,2023-06-26 08:00:00+00:00
1687780800,16.92,17.12,16.74,16.82,,2023-06-26 12:00:00+00:00
1687795200,16.82,16.82,16.09,16.31,,2023-06-26 16:00:00+00:00
1687809600,16.31,16.33,15.89,16.27,,2023-06-26 20:00:00+00:00
1687824000,16.27,16.5,16.13,16.5,,2023-06-27 00:00:00+00:00
1687838400,16.5,16.74,16.35,16.73,,2023-06-27 04:00:00+00:00
1687852800,16.74,16.78,16.51,16.69,,2023-06-27 08:00:00+00:00
1687867200,16.7,16.83,16.33,16.39,,2023-06-27 12:00:00+00:00
1687881600,16.39,16.81,16.34,16.72,,2023-06-27 16:00:00+00:00
1687896000,16.71,16.93,16.48,16.63,,2023-06-27 20:00:00+00:00
1687910400,16.63,16.65,16.12,16.39,,2023-06-28 00:00:00+00:00
1687924800,16.39,16.39,15.79,15.98,,2023-06-28 04:00:00+00:00
1687939200,15.97,16.23,15.91,16.21,,2023-06-28 08:00:00+00:00
1687953600,16.21,16.52,16.08,16.33,,2023-06-28 12:00:00+00:00
1687968000,16.33,16.41,15.6,15.9,,2023-06-28 16:00:00+00:00
1687982400,15.9,16.1,15.77,15.97,,2023-06-28 20:00:00+00:00
1687996800,15.98,16.19,15.87,16.03,,2023-06-29 00:00:00+00:00
1688011200,16.03,16.35,16.0,16.26,,2023-06-29 04:00:00+00:00
1688025600,16.26,18.28,16.24,18.06,,2023-06-29 08:00:00+00:00
1688040000,18.06,18.24,17.26,17.68,,2023-06-29 12:00:00+00:00
1688054400,17.67,17.8,17.52,17.73,,2023-06-29 16:00:00+00:00
1688068800,17.73,18.06,17.44,17.99,,2023-06-29 20:00:00+00:00
1688083200,18.0,19.08,17.86,18.95,,2023-06-30 00:00:00+00:00
1688097600,18.96,19.07,18.41,18.8,,2023-06-30 04:00:00+00:00
1688112000,18.79,19.02,18.58,18.88,,2023-06-30 08:00:00+00:00
1688126400,18.88,19.56,17.01,18.28,,2023-06-30 12:00:00+00:00
1688140800,18.28,20.03,18.17,19.1,,2023-06-30 16:00:00+00:00
1688155200,19.1,19.36,18.81,18.86,,2023-06-30 20:00:00+00:00
1688169600,18.85,19.0,18.16,18.3,,2023-07-01 00:00:00+00:00
1688184000,18.31,18.48,17.9,18.45,,2023-07-01 04:00:00+00:00
1688198400,18.44,18.51,18.19,18.33,,2023-07-01 08:00:00+00:00
1688212800,18.34,18.57,18.25,18.44,,2023-07-01 12:00:00+00:00
1688227200,18.44,18.49,18.25,18.33,,2023-07-01 16:00:00+00:00
1688241600,18.33,18.74,18.33,18.7,,2023-07-01 20:00:00+00:00
1688256000,18.7,18.91,18.53,18.76,,2023-07-02 00:00:00+00:00
1688270400,18.76,19.5,18.56,19.22,,2023-07-02 04:00:00+00:00
1688284800,19.22,19.41,19.0,19.04,,2023-07-02 08:00:00+00:00
1688299200,19.04,19.39,18.77,19.29,,2023-07-02 12:00:00+00:00
1688313600,19.29,19.49,19.07,19.36,,2023-07-02 16:00:00+00:00
1688328000,19.37,19.74,19.24,19.45,,2023-07-02 20:00:00+00:00
1688342400,19.46,19.66,19.17,19.58,,2023-07-03 00:00:00+00:00
1688356800,19.57,19.58,19.23,19.43,,2023-07-03 04:00:00+00:00
1688371200,19.42,19.51,19.3,19.47,,2023-07-03 08:00:00+00:00
1688385600,19.46,19.5,18.94,19.29,,2023-07-03 12:00:00+00:00
1688400000,19.28,19.35,19.02,19.28,,2023-07-03 16:00:00+00:00
1688414400,19.28,19.32,18.87,19.26,,2023-07-03 20:00:00+00:00
1688428800,19.25,19.5,19.21,19.29,,2023-07-04 00:00:00+00:00
1688443200,19.29,19.32,19.06,19.1,,2023-07-04 04:00:00+00:00
1688457600,19.09,19.25,19.07,19.23,,2023-07-04 08:00:00+00:00
1688472000,19.23,19.94,19.21,19.84,,2023-07-04 12:00:00+00:00
1688486400,19.84,19.86,19.3,19.5,,2023-07-04 16:00:00+00:00
1688500800,19.5,19.57,19.09,19.13,,2023-07-04 20:00:00+00:00
1688515200,19.14,19.3,19.1,19.28,,2023-07-05 00:00:00+00:00
1688529600,19.29,19.38,19.19,19.32,,2023-07-05 04:00:00+00:00
1688544000,19.32,19.53,18.32,18.71,,2023-07-05 08:00:00+00:00
1688558400,18.7,18.9,18.44,18.59,,2023-07-05 12:00:00+00:00
1688572800,18.59,18.88,18.51,18.6,,2023-07-05 16:00:00+00:00
1688587200,18.6,19.04,18.54,19.0,,2023-07-05 20:00:00+00:00
1688601600,18.99,19.75,18.95,19.46,,2023-07-06 00:00:00+00:00
1688616000,19.45,19.74,19.32,19.59,,2023-07-06 04:00:00+00:00
1688630400,19.6,20.36,19.54,19.9,,2023-07-06 08:00:00+00:00
1688644800,19.89,19.92,18.82,19.71,,2023-07-06 12:00:00+00:00
1688659200,19.7,21.0,19.5,20.91,,2023-07-06 16:00:00+00:00
1688673600,20.91,20.98,19.6,19.61,,2023-07-06 20:00:00+00:00
1688688000,19.61,20.52,19.45,20.21,,2023-07-07 00:00:00+00:00
1688702400,20.2,20.3,19.26,19.46,,2023-07-07 04:00:00+00:00
1688716800,19.45,20.35,19.26,20.17,,2023-07-07 08:00:00+00:00
1688731200,20.17,21.9,20.17,21.23,,2023-07-07 12:00:00+00:00
1688745600,21.22,21.54,21.04,21.43,,2023-07-07 16:00:00+00:00
1688760000,21.43,21.86,21.15,21.5,,2023-07-07 20:00:00+00:00
1688774400,21.51,21.99,21.43,21.7,,2023-07-08 00:00:00+00:00
1688788800,21.7,22.13,21.32,21.99,,2023-07-08 04:00:00+00:00
1688803200,21.98,22.5,21.79,21.94,,2023-07-08 08:00:00+00:00
1688817600,21.93,21.99,21.37,21.52,,2023-07-08 12:00:00+00:00
1688832000,21.52,22.0,21.4,21.62,,2023-07-08 16:00:00+00:00
1688846400,21.62,21.99,21.42,21.81,,2023-07-08 20:00:00+00:00
1688860800,21.82,22.38,21.53,21.66,,2023-07-09 00:00:00+00:00
1688875200,21.67,21.87,21.4,21.56,,2023-07-09 04:00:00+00:00
1688889600,21.57,21.89,21.5,21.62,,2023-07-09 08:00:00+00:00
1688904000,21.62,21.85,21.1,21.25,,2023-07-09 12:00:00+00:00
1688918400,21.25,21.4,21.17,21.29,,2023-07-09 16:00:00+00:00
1688932800,21.29,21.48,20.99,21.32,,2023-07-09 20:00:00+00:00
1688947200,21.32,21.37,20.78,21.25,,2023-07-10 00:00:00+00:00
1688961600,21.25,21.28,20.56,20.74,,2023-07-10 04:00:00+00:00
1688976000,20.73,20.88,20.47,20.8,,2023-07-10 08:00:00+00:00
1688990400,20.8,21.3,20.66,21.15,,2023-07-10 12:00:00+00:00
1689004800,21.16,21.62,20.91,21.58,,2023-07-10 16:00:00+00:00
1689019200,21.59,21.81,21.08,21.3,,2023-07-10 20:00:00+00:00
1689033600,21.3,21.8,21.2,21.74,,2023-07-11 00:00:00+00:00
1689048000,21.74,22.26,21.7,22.11,,2023-07-11 04:00:00+00:00
1689062400,22.11,22.15,21.83,22.05,,2023-07-11 08:00:00+00:00
1689076800,22.04,22.37,21.87,22.13,,2023-07-11 12:00:00+00:00
1689091200,22.14,22.19,21.9,21.97,,2023-07-11 16:00:00+00:00
1689105600,21.97,22.11,21.74,22.07,,2023-07-11 20:00:00+00:00
1689120000,22.06,22.27,21.89,21.91,,2023-07-12 00:00:00+00:00
1689134400,21.91,22.16,21.86,22.03,,2023-07-12 04:00:00+00:00
1689148800,22.02,22.18,21.94,22.13,,2023-07-12 08:00:00+00:00
1689163200,22.13,22.8,21.98,22.42,,2023-07-12 12:00:00+00:00
1689177600,22.42,22.47,21.74,21.84,,2023-07-12 16:00:00+00:00
1689192000,21.84,22.14,21.76,21.94,,2023-07-12 20:00:00+00:00
1689206400,21.93,22.02,21.56,21.65,,2023-07-13 00:00:00+00:00
1689220800,21.65,21.95,21.42,21.76,,2023-07-13 04:00:00+00:00
1689235200,21.77,22.49,21.72,22.41,,2023-07-13 08:00:00+00:00
1689249600,22.42,25.4,22.11,24.06,,2023-07-13 12:00:00+00:00
1689264000,24.06,26.82,24.06,26.2,,2023-07-13 16:00:00+00:00
1689278400,26.19,26.21,25.36,26.01,,2023-07-13 20:00:00+00:00
1689292800,26.01,32.13,25.6,28.54,,2023-07-14 00:00:00+00:00
1689307200,28.54,28.91,28.22,28.71,,2023-07-14 04:00:00+00:00
1689321600,28.71,29.98,27.64,28.05,,2023-07-14 08:00:00+00:00
1689336000,28.05,28.34,27.38,28.17,,2023-07-14 12:00:00+00:00
1689350400,28.17,28.24,25.56,26.07,,2023-07-14 16:00:00+00:00
1689364800,26.07,26.91,25.23,26.67,,2023-07-14 20:00:00+00:00
1689379200,26.67,28.02,26.45,27.15,,2023-07-15 00:00:00+00:00
1689393600,27.15,28.94,27.12,28.73,,2023-07-15 04:00:00+00:00
1689408000,28.72,29.12,28.44,28.93,,2023-07-15 08:00:00+00:00
1689422400,28.93,29.04,27.42,27.56,,2023-07-15 12:00:00+00:00
1689436800,27.56,28.19,27.01,27.9,,2023-07-15 16:00:00+00:00
1689451200,27.9,27.9,27.21,27.46,,2023-07-15 20:00:00+00:00
1689465600,27.47,27.95,26.46,27.03,,2023-07-16 00:00:00+00:00
1689480000,27.03,27.94,27.03,27.7,,2023-07-16 04:00:00+00:00
1689494400,27.7,28.33,27.65,28.06,,2023-07-16 08:00:00+00:00
1689508800,28.07,28.7,27.92,28.1,,2023-07-16 12:00:00+00:00
1689523200,28.1,28.12,27.32,27.37,,2023-07-16 16:00:00+00:00
1689537600,27.36,27.77,27.07,27.42,,2023-07-16 20:00:00+00:00
1689552000,27.41,28.44,27.2,28.02,,2023-07-17 00:00:00+00:00
1689566400,28.01,28.49,27.35,27.64,,2023-07-17 04:00:00+00:00
1689580800,27.63,27.64,26.55,27.13,,2023-07-17 08:00:00+00:00
1689595200,27.14,27.39,26.36,27.01,,2023-07-17 12:00:00+00:00
1689609600,27.01,27.26,25.55,26.18,,2023-07-17 16:00:00+00:00
1689624000,26.18,27.0,26.15,26.8,,2023-07-17 20:00:00+00:00
1689638400,26.8,27.09,26.41,26.56,,2023-07-18 00:00:00+00:00
1689652800,26.57,26.61,25.66,25.71,,2023-07-18 04:00:00+00:00
1689667200,25.71,26.12,24.87,25.02,,2023-07-18 08:00:00+00:00
1689681600,25.02,25.69,24.76,25.53,,2023-07-18 12:00:00+00:00
1689696000,25.52,25.78,24.87,25.29,,2023-07-18 16:00:00+00:00
1689710400,25.3,25.58,25.05,25.54,,2023-07-18 20:00:00+00:00
1689724800,25.54,26.59,25.35,26.4,,2023-07-19 00:00:00+00:00
1689739200,26.4,26.52,26.08,26.21,,2023-07-19 04:00:00+00:00
1689753600,26.21,26.5,25.67,26.48,,2023-07-19 08:00:00+00:00
1689768000,26.48,26.73,25.83,26.37,,2023-07-19 12:00:00+00:00
1689782400,26.36,26.91,26.19,26.77,,2023-07-19 16:00:00+00:00
1689796800,26.77,26.99,26.26,26.31,,2023-07-19 20:00:00+00:00
1689811200,26.31,26.81,26.14,26.49,,2023-07-20 00:00:00+00:00
1689825600,26.49,26.95,26.31,26.87,,2023-07-20 04:00:00+00:00
1689840000,26.86,27.38,26.8,27.16,,2023-07-20 08:00:00+00:00
1689854400,27.15,27.24,25.57,25.69,,2023-07-20 12:00:00+00:00
1689868800,25.69,25.77,25.21,25.39,,2023-07-20 16:00:00+00:00
1689883200,25.4,25.68,25.03,25.38,,2023-07-20 20:00:00+00:00
1689897600,25.38,25.62,25.08,25.49,,2023-07-21 00:00:00+00:00
1689912000,25.49,25.51,25.13,25.18,,2023-07-21 04:00:00+00:00
1689926400,25.17,25.47,25.06,25.28,,2023-07-21 08:00:00+00:00
1689940800,25.28,25.6,25.25,25.31,,2023-07-21 12:00:00+00:00
1689955200,25.3,26.0,25.17,25.79,,2023-07-21 16:00:00+00:00
1689969600,25.8,25.91,25.46,25.5,,2023-07-21 20:00:00+00:00
1689984000,25.51,25.97,25.45,25.84,,2023-07-22 00:00:00+00:00
1689998400,25.84,25.86,25.59,25.77,,2023-07-22 04:00:00+00:00
1690012800,25.77,25.89,25.4,25.6,,2023-07-22 08:00:00+00:00
1690027200,25.6,25.76,25.51,25.68,,2023-07-22 12:00:00+00:00
1690041600,25.69,25.75,25.22,25.29,,2023-07-22 16:00:00+00:00
1690056000,25.3,25.37,24.0,24.52,,2023-07-22 20:00:00+00:00
1690070400,24.52,24.8,24.15,24.71,,2023-07-23 00:00:00+00:00
1690084800,24.72,24.91,24.62,24.68,,2023-07-23 04:00:00+00:00
1690099200,24.69,24.86,24.63,24.67,,2023-07-23 08:00:00+00:00
1690113600,24.67,24.71,24.51,24.69,,2023-07-23 12:00:00+00:00
1690128000,24.69,25.26,24.69,24.9,,2023-07-23 16:00:00+00:00
1690142400,24.9,25.0,24.52,24.76,,2023-07-23 20:00:00+00:00
1690156800,24.76,24.83,24.23,24.35,,2023-07-24 00:00:00+00:00
1690171200,24.34,24.69,24.07,24.58,,2023-07-24 04:00:00+00:00
1690185600,24.57,24.63,23.05,23.63,,2023-07-24 08:00:00+00:00
1690200000,23.62,23.68,22.89,23.21,,2023-07-24 12:00:00+00:00
1690214400,23.21,23.5,23.07,23.31,,2023-07-24 16:00:00+00:00
1690228800,23.31,23.61,23.23,23.37,,2023-07-24 20:00:00+00:00
1690243200,23.36,23.52,23.13,23.37,,2023-07-25 00:00:00+00:00
1690257600,23.38,23.39,22.96,23.09,,2023-07-25 04:00:00+00:00
1690272000,23.09,23.4,23.03,23.17,,2023-07-25 08:00:00+00:00
1690286400,23.18,23.6,22.73,23.22,,2023-07-25 12:00:00+00:00
1690300800,23.22,23.46,23.07,23.17,,2023-07-25 16:00:00+00:00
1690315200,23.16,23.36,23.12,23.27,,2023-07-25 20:00:00+00:00
1690329600,23.28,23.69,23.17,23.52,,2023-07-26 00:00:00+00:00
1690344000,23.51,23.62,23.37,23.48,,2023-07-26 04:00:00+00:00
1690358400,23.47,23.98,23.43,23.82,,2023-07-26 08:00:00+00:00
1690372800,23.82,25.0,23.81,24.91,,2023-07-26 12:00:00+00:00
1690387200,24.92,25.68,24.5,25.37,,2023-07-26 16:00:00+00:00
1690401600,25.37,25.59,25.07,25.17,,2023-07-26 20:00:00+00:00
1690416000,25.18,25.53,24.66,24.93,,2023-07-27 00:00:00+00:00
1690430400,24.93,25.36,24.93,25.02,,2023-07-27 04:00:00+00:00
1690444800,25.01,25.5,24.92,25.39,,2023-07-27 08:00:00+00:00
1690459200,25.38,25.65,25.04,25.16,,2023-07-27 12:00:00+00:00
1690473600,25.15,25.34,24.71,24.94,,2023-07-27 16:00:00+00:00
1690488000,24.95,25.25,24.76,25.1,,2023-07-27 20:00:00+00:00
1690502400,25.1,25.4,24.83,24.94,,2023-07-28 00:00:00+00:00
1690516800,24.94,25.03,24.56,24.63,,2023-07-28 04:00:00+00:00
1690531200,24.63,24.84,24.54,24.63,,2023-07-28 08:00:00+00:00
1690545600,24.63,25.56,24.63,25.23,,2023-07-28 12:00:00+00:00
1690560000,25.23,25.42,24.83,25.05,,2023-07-28 16:00:00+00:00
1690574400,25.04,25.12,24.81,24.82,,2023-07-28 20:00:00+00:00
1690588800,24.82,25.21,24.75,25.13,,2023-07-29 00:00:00+00:00
1690603200,25.13,25.25,25.04,25.07,,2023-07-29 04:00:00+00:00
1690617600,25.07,25.18,24.94,24.97,,2023-07-29 08:00:00+00:00
1690632000,24.96,25.21,24.92,25.08,,2023-07-29 12:00:00+00:00
1690646400,25.07,25.35,25.03,25.22,,2023-07-29 16:00:00+00:00
1690660800,25.22,25.39,25.13,25.17,,2023-07-29 20:00:00+00:00
1690675200,25.17,25.21,25.01,25.02,,2023-07-30 00:00:00+00:00
1690689600,25.02,25.13,24.84,24.93,,2023-07-30 04:00:00+00:00
1690704000,24.93,25.06,24.83,24.97,,2023-07-30 08:00:00+00:00
1690718400,24.97,25.1,24.73,24.9,,2023-07-30 12:00:00+00:00
1690732800,24.89,25.0,23.87,24.24,,2023-07-30 16:00:00+00:00
1690747200,24.24,24.33,23.47,24.25,,2023-07-30 20:00:00+00:00
1690761600,24.25,24.79,24.12,24.64,,2023-07-31 00:00:00+00:00
1690776000,24.65,24.69,24.37,24.49,,2023-07-31 04:00:00+00:00
1690790400,24.49,24.6,24.35,24.46,,2023-07-31 08:00:00+00:00
1690804800,24.46,24.71,23.91,23.92,,2023-07-31 12:00:00+00:00
1690819200,23.93,24.15,23.52,23.68,,2023-07-31 16:00:00+00:00
1690833600,23.68,23.93,23.56,23.73,,2023-07-31 20:00:00+00:00
1690848000,23.72,23.99,22.88,23.4,,2023-08-01 00:00:00+00:00
1690862400,23.39,23.65,23.26,23.48,,2023-08-01 04:00:00+00:00
1690876800,23.48,23.63,23.3,23.33,,2023-08-01 08:00:00+00:00
1690891200,23.34,23.48,22.84,23.27,,2023-08-01 12:00:00+00:00
1690905600,23.27,23.8,23.19,23.62,,2023-08-01 16:00:00+00:00
1690920000,23.62,24.07,23.47,24.05,,2023-08-01 20:00:00+00:00
1690934400,24.06,24.29,23.64,23.67,,2023-08-02 00:00:00+00:00
1690948800,23.67,23.81,23.58,23.64,,2023-08-02 04:00:00+00:00
1690963200,23.63,23.72,23.42,23.68,,2023-08-02 08:00:00+00:00
1690977600,23.69,23.72,23.1,23.26,,2023-08-02 12:00:00+00:00
1690992000,23.25,23.33,22.82,23.18,,2023-08-02 16:00:00+00:00
1691006400,23.17,23.33,23.01,23.15,,2023-08-02 20:00:00+00:00
1691020800,23.14,23.38,23.07,23.24,,2023-08-03 00:00:00+00:00
1691035200,23.25,23.28,22.44,22.71,,2023-08-03 04:00:00+00:00
1691049600,22.71,22.85,22.45,22.75,,2023-08-03 08:00:00+00:00
1691064000,22.75,23.11,22.6,22.79,,2023-08-03 12:00:00+00:00
1691078400,22.8,23.08,22.7,22.89,,2023-08-03 16:00:00+00:00
1691092800,22.89,23.11,22.47,22.65,,2023-08-03 20:00:00+00:00
1691107200,22.65,22.79,22.48,22.74,,2023-08-04 00:00:00+00:00
1691121600,22.75,23.02,22.65,22.97,,2023-08-04 04:00:00+00:00
1691136000,22.96,23.07,22.83,22.91,,2023-08-04 08:00:00+00:00
1691150400,22.91,23.57,22.86,23.35,,2023-08-04 12:00:00+00:00
1691164800,23.36,23.46,22.76,22.94,,2023-08-04 16:00:00+00:00
1691179200,22.94,23.03,22.49,22.8,,2023-08-04 20:00:00+00:00
1691193600,22.8,22.83,22.49,22.73,,2023-08-05 00:00:00+00:00
1691208000,22.72,22.88,22.56,22.77,,2023-08-05 04:00:00+00:00
1691222400,22.77,22.94,22.71,22.79,,2023-08-05 08:00:00+00:00
1691236800,22.79,22.81,22.49,22.59,,2023-08-05 12:00:00+00:00
1691251200,22.59,22.7,22.23,22.59,,2023-08-05 16:00:00+00:00
1691265600,22.59,22.7,22.49,22.65,,2023-08-05 20:00:00+00:00
1691280000,22.66,22.9,22.58,22.84,,2023-08-06 00:00:00+00:00
1691294400,22.83,23.13,22.82,23.02,,2023-08-06 04:00:00+00:00
1691308800,23.03,23.48,22.99,23.21,,2023-08-06 08:00:00+00:00
1691323200,23.21,23.26,22.85,23.03,,2023-08-06 12:00:00+00:00
1691337600,23.02,23.3,22.92,23.21,,2023-08-06 16:00:00+00:00
1691352000,23.22,23.39,23.06,23.2,,2023-08-06 20:00:00+00:00
1691366400,23.2,23.67,23.02,23.31,,2023-08-07 00:00:00+00:00
1691380800,23.31,23.43,22.99,23.15,,2023-08-07 04:00:00+00:00
1691395200,23.15,23.16,23.01,23.09,,2023-08-07 08:00:00+00:00
1691409600,23.09,23.17,22.66,22.77,,2023-08-07 12:00:00+00:00
1691424000,22.76,23.07,22.27,22.97,,2023-08-07 16:00:00+00:00
1691438400,22.98,23.12,22.92,23.12,,2023-08-07 20:00:00+00:00
1691452800,23.11,23.24,23.02,23.15,,2023-08-08 00:00:00+00:00
1691467200,23.16,23.39,23.11,23.23,,2023-08-08 04:00:00+00:00
1691481600,23.23,23.39,23.16,23.38,,2023-08-08 08:00:00+00:00
1691496000,23.38,23.91,23.17,23.73,,2023-08-08 12:00:00+00:00
1691510400,23.74,24.79,23.71,24.59,,2023-08-08 16:00:00+00:00
1691524800,24.59,24.66,24.05,24.22,,2023-08-08 20:00:00+00:00
1691539200,24.22,24.49,24.16,24.31,,2023-08-09 00:00:00+00:00
1691553600,24.3,24.63,24.27,24.57,,2023-08-09 04:00:00+00:00
1691568000,24.57,24.98,24.53,24.85,,2023-08-09 08:00:00+00:00
1691582400,24.85,24.99,24.43,24.56,,2023-08-09 12:00:00+00:00
1691596800,24.56,24.6,24.23,24.3,,2023-08-09 16:00:00+00:00
1691611200,24.3,24.47,24.1,24.38,,2023-08-09 20:00:00+00:00
1691625600,24.39,24.54,24.21,24.23,,2023-08-10 00:00:00+00:00
1691640000,24.24,24.39,24.13,24.32,,2023-08-10 04:00:00+00:00
1691654400,24.32,24.5,24.24,24.4,,2023-08-10 08:00:00+00:00
1691668800,24.4,24.89,24.36,24.56,,2023-08-10 12:00:00+00:00
1691683200,24.56,24.63,24.36,24.6,,2023-08-10 16:00:00+00:00
1691697600,24.6,24.75,24.56,24.62,,2023-08-10 20:00:00+00:00
1691712000,24.63,24.93,24.63,24.68,,2023-08-11 00:00:00+00:00
1691726400,24.69,24.82,24.47,24.49,,2023-08-11 04:00:00+00:00
1691740800,24.49,24.57,24.39,24.53,,2023-08-11 08:00:00+00:00
1691755200,24.53,24.88,24.4,24.55,,2023-08-11 12:00:00+00:00
1691769600,24.55,24.66,24.34,24.45,,2023-08-11 16:00:00+00:00
1691784000,24.45,24.66,24.38,24.62,,2023-08-11 20:00:00+00:00
1691798400,24.63,24.76,24.4,24.48,,2023-08-12 00:00:00+00:00
1691812800,24.48,24.57,24.42,24.54,,2023-08-12 04:00:00+00:00
1691827200,24.54,24.56,24.45,24.55,,2023-08-12 08:00:00+00:00
1691841600,24.55,24.71,24.5,24.66,,2023-08-12 12:00:00+00:00
1691856000,24.67,24.85,24.64,24.75,,2023-08-12 16:00:00+00:00
1691870400,24.74,25.24,24.71,24.91,,2023-08-12 20:00:00+00:00
1691884800,24.91,24.95,24.67,24.9,,2023-08-13 00:00:00+00:00
1691899200,24.9,24.91,24.65,24.77,,2023-08-13 04:00:00+00:00
1691913600,24.77,24.88,24.66,24.69,,2023-08-13 08:00:00+00:00
1691928000,24.69,24.76,24.47,24.59,,2023-08-13 12:00:00+00:00
1691942400,24.58,24.69,24.32,24.66,,2023-08-13 16:00:00+00:00
1691956800,24.67,24.68,24.21,24.23,,2023-08-13 20:00:00+00:00
1691971200,24.22,24.44,24.06,24.4,,2023-08-14 00:00:00+00:00
1691985600,24.4,24.52,24.38,24.41,,2023-08-14 04:00:00+00:00
1692000000,24.42,24.6,24.41,24.51,,2023-08-14 08:00:00+00:00
1692014400,24.52,24.89,24.33,24.82,,2023-08-14 12:00:00+00:00
1692028800,24.82,25.3,24.53,24.83,,2023-08-14 16:00:00+00:00
1692043200,24.83,25.23,24.77,25.18,,2023-08-14 20:00:00+00:00
1692057600,25.19,25.42,24.89,25.0,,2023-08-15 00:00:00+00:00
1692072000,24.99,25.06,24.71,24.89,,2023-08-15 04:00:00+00:00
1692086400,24.88,25.06,24.73,24.83,,2023-08-15 08:00:00+00:00
1692100800,24.84,25.0,24.66,24.72,,2023-08-15 12:00:00+00:00
1692115200,24.72,24.84,23.75,24.05,,2023-08-15 16:00:00+00:00
1692129600,24.05,24.16,23.74,23.9,,2023-08-15 20:00:00+00:00
1692144000,23.91,24.03,23.62,23.69,,2023-08-16 00:00:00+00:00
1692158400,23.69,23.78,23.35,23.45,,2023-08-16 04:00:00+00:00
1692172800,23.45,23.57,23.21,23.51,,2023-08-16 08:00:00+00:00
1692187200,23.5,23.5,22.93,23.09,,2023-08-16 12:00:00+00:00
1692201600,23.08,23.64,22.87,23.34,,2023-08-16 16:00:00+00:00
1692216000,23.34,23.41,22.36,22.82,,2023-08-16 20:00:00+00:00
1692230400,22.82,23.43,22.46,23.31,,2023-08-17 00:00:00+00:00
1692244800,23.31,23.39,23.21,23.25,,2023-08-17 04:00:00+00:00
1692259200,23.26,23.3,22.99,23.08,,2023-08-17 08:00:00+00:00
1692273600,23.09,23.43,22.57,22.87,,2023-08-17 12:00:00+00:00
1692288000,22.87,23.32,22.61,23.09,,2023-08-17 16:00:00+00:00
1692302400,23.09,23.12,20.0,21.66,,2023-08-17 20:00:00+00:00
1692316800,21.67,22.03,21.3,21.56,,2023-08-18 00:00:00+00:00
1692331200,21.56,22.2,21.39,22.08,,2023-08-18 04:00:00+00:00
1692345600,22.08,22.18,21.81,22.02,,2023-08-18 08:00:00+00:00
1692360000,22.03,22.06,21.55,21.6,,2023-08-18 12:00:00+00:00
1692374400,21.6,21.75,20.9,21.29,,2023-08-18 16:00:00+00:00
1692388800,21.28,21.51,21.23,21.34,,2023-08-18 20:00:00+00:00
1692403200,21.34,21.66,21.29,21.43,,2023-08-19 00:00:00+00:00
1692417600,21.42,21.85,21.37,21.83,,2023-08-19 04:00:00+00:00
1692432000,21.83,21.89,21.6,21.65,,2023-08-19 08:00:00+00:00
1692446400,21.65,21.99,21.63,21.97,,2023-08-19 12:00:00+00:00
1692460800,21.98,22.18,21.79,21.88,,2023-08-19 16:00:00+00:00
1692475200,21.88,21.91,21.71,21.9,,2023-08-19 20:00:00+00:00
1692489600,21.89,21.96,21.74,21.81,,2023-08-20 00:00:00+00:00
1692504000,21.81,21.82,21.57,21.74,,2023-08-20 04:00:00+00:00
1692518400,21.74,22.04,21.64,21.97,,2023-08-20 08:00:00+00:00
1692532800,21.96,21.98,21.67,21.8,,2023-08-20 12:00:00+00:00
1692547200,21.8,21.88,21.58,21.79,,2023-08-20 16:00:00+00:00
1692561600,21.8,21.95,21.72,21.77,,2023-08-20 20:00:00+00:00
1692576000,21.78,21.79,21.35,21.4,,2023-08-21 00:00:00+00:00
1692590400,21.4,21.7,21.29,21.35,,2023-08-21 04:00:00+00:00
1692604800,21.34,21.36,20.96,21.23,,2023-08-21 08:00:00+00:00
1692619200,21.23,21.4,20.3,20.71,,2023-08-21 12:00:00+00:00
1692633600,20.71,21.38,20.66,21.28,,2023-08-21 16:00:00+00:00
1692648000,21.29,21.41,21.19,21.2,,2023-08-21 20:00:00+00:00
1692662400,21.2,21.26,21.03,21.11,,2023-08-22 00:00:00+00:00
1692676800,21.1,21.19,20.96,21.18,,2023-08-22 04:00:00+00:00
1692691200,21.18,21.21,20.93,20.94,,2023-08-22 08:00:00+00:00
1692705600,20.93,21.07,20.58,20.69,,2023-08-22 12:00:00+00:00
1692720000,20.69,20.73,20.0,20.07,,2023-08-22 16:00:00+00:00
1692734400,20.06,20.7,19.35,20.59,,2023-08-22 20:00:00+00:00
1692748800,20.59,20.76,20.47,20.59,,2023-08-23 00:00:00+00:00
1692763200,20.59,20.9,20.49,20.75,,2023-08-23 04:00:00+00:00
1692777600,20.76,20.94,20.61,20.63,,2023-08-23 08:00:00+00:00
1692792000,20.63,20.99,20.33,20.92,,2023-08-23 12:00:00+00:00
1692806400,20.92,21.69,20.9,21.5,,2023-08-23 16:00:00+00:00
1692820800,21.5,21.82,21.27,21.74,,2023-08-23 20:00:00+00:00
1692835200,21.74,21.81,21.6,21.76,,2023-08-24 00:00:00+00:00
1692849600,21.77,22.02,21.67,21.74,,2023-08-24 04:00:00+00:00
1692864000,21.74,21.92,21.62,21.78,,2023-08-24 08:00:00+00:00
1692878400,21.79,21.79,21.01,21.03,,2023-08-24 12:00:00+00:00
1692892800,21.04,21.2,20.74,20.93,,2023-08-24 16:00:00+00:00
1692907200,20.93,21.09,20.67,21.06,,2023-08-24 20:00:00+00:00
1692921600,21.05,21.06,20.47,20.74,,2023-08-25 00:00:00+00:00
1692936000,20.74,20.76,20.42,20.56,,2023-08-25 04:00:00+00:00
1692950400,20.56,20.77,20.56,20.68,,2023-08-25 08:00:00+00:00
1692964800,20.69,20.89,20.25,20.34,,2023-08-25 12:00:00+00:00
1692979200,20.35,20.47,20.09,20.24,,2023-08-25 16:00:00+00:00
1692993600,20.23,20.43,20.18,20.42,,2023-08-25 20:00:00+00:00
1693008000,20.42,20.42,20.22,20.41,,2023-08-26 00:00:00+00:00
1693022400,20.4,20.44,20.21,20.31,,2023-08-26 04:00:00+00:00
1693036800,20.31,20.36,20.24,20.3,,2023-08-26 08:00:00+00:00
1693051200,20.29,20.4,20.19,20.37,,2023-08-26 12:00:00+00:00
1693065600,20.37,20.39,20.2,20.35,,2023-08-26 16:00:00+00:00
1693080000,20.34,20.37,20.24,20.29,,2023-08-26 20:00:00+00:00
1693094400,20.28,20.39,20.24,20.3,,2023-08-27 00:00:00+00:00
1693108800,20.29,20.43,20.28,20.38,,2023-08-27 04:00:00+00:00
1693123200,20.39,20.74,20.37,20.57,,2023-08-27 08:00:00+00:00
1693137600,20.57,20.92,20.55,20.75,,2023-08-27 12:00:00+00:00
1693152000,20.74,20.8,20.55,20.77,,2023-08-27 16:00:00+00:00
1693166400,20.78,20.84,20.62,20.79,,2023-08-27 20:00:00+00:00
1693180800,20.79,20.79,20.43,20.49,,2023-08-28 00:00:00+00:00
1693195200,20.48,20.51,20.21,20.39,,2023-08-28 04:00:00+00:00
1693209600,20.39,20.4,20.03,20.37,,2023-08-28 08:00:00+00:00
1693224000,20.36,20.8,20.34,20.54,,2023-08-28 12:00:00+00:00
1693238400,20.54,20.68,20.38,20.47,,2023-08-28 16:00:00+00:00
1693252800,20.47,20.64,20.37,20.56,,2023-08-28 20:00:00+00:00
1693267200,20.57,20.77,20.43,20.51,,2023-08-29 00:00:00+00:00
1693281600,20.5,20.53,20.22,20.27,,2023-08-29 04:00:00+00:00
1693296000,20.26,20.34,20.12,20.15,,2023-08-29 08:00:00+00:00
1693310400,20.15,22.05,20.12,21.32,,2023-08-29 12:00:00+00:00
1693324800,21.33,21.96,21.2,21.58,,2023-08-29 16:00:00+00:00
1693339200,21.58,21.96,21.58,21.79,,2023-08-29 20:00:00+00:00
1693353600,21.79,21.99,21.47,21.64,,2023-08-30 00:00:00+00:00
1693368000,21.63,21.75,21.54,21.64,,2023-08-30 04:00:00+00:00
1693382400,21.63,21.72,21.38,21.42,,2023-08-30 08:00:00+00:00
1693396800,21.42,21.52,20.66,20.84,,2023-08-30 12:00:00+00:00
1693411200,20.83,20.86,20.6,20.68,,2023-08-30 16:00:00+00:00
1693425600,20.68,20.9,20.66,20.82,,2023-08-30 20:00:00+00:00
1693440000,20.82,20.82,20.61,20.64,,2023-08-31 00:00:00+00:00
1693454400,20.64,20.85,20.63,20.78,,2023-08-31 04:00:00+00:00
1693468800,20.77,21.07,20.68,20.89,,2023-08-31 08:00:00+00:00
1693483200,20.89,20.9,20.22,20.33,,2023-08-31 12:00:00+00:00
1693497600,20.33,20.34,19.43,19.83,,2023-08-31 16:00:00+00:00
1693512000,19.83,19.84,19.43,19.74,,2023-08-31 20:00:00+00:00
1693526400,19.74,19.93,19.7,19.89,,2023-09-01 00:00:00+00:00
1693540800,19.89,19.93,19.77,19.8,,2023-09-01 04:00:00+00:00
1693555200,19.81,19.91,19.73,19.84,,2023-09-01 08:00:00+00:00
1693569600,19.85,19.93,19.28,19.39,,2023-09-01 12:00:00+00:00
1693584000,19.4,19.56,19.02,19.27,,2023-09-01 16:00:00+00:00
1693598400,19.28,19.52,19.21,19.33,,2023-09-01 20:00:00+00:00
1693612800,19.33,19.59,19.31,19.57,,2023-09-02 00:00:00+00:00
1693627200,19.58,19.66,19.45,19.58,,2023-09-02 04:00:00+00:00
1693641600,19.58,19.66,19.5,19.57,,2023-09-02 08:00:00+00:00
1693656000,19.57,19.69,19.37,19.56,,2023-09-02 12:00:00+00:00
1693670400,19.55,19.6,19.13,19.41,,2023-09-02 16:00:00+00:00
1693684800,19.4,19.55,19.36,19.5,,2023-09-02 20:00:00+00:00
1693699200,19.5,19.67,19.46,19.63,,2023-09-03 00:00:00+00:00
1693713600,19.64,19.65,19.47,19.52,,2023-09-03 04:00:00+00:00
1693728000,19.53,19.54,19.32,19.42,,2023-09-03 08:00:00+00:00
1693742400,19.42,19.57,19.3,19.34,,2023-09-03 12:00:00+00:00
1693756800,19.34,19.57,19.23,19.48,,2023-09-03 16:00:00+00:00
1693771200,19.49,19.64,19.43,19.57,,2023-09-03 20:00:00+00:00
1693785600,19.57,20.05,19.55,19.76,,2023-09-04 00:00:00+00:00
1693800000,19.76,19.86,19.61,19.78,,2023-09-04 04:00:00+00:00
1693814400,19.77,19.88,19.58,19.58,,2023-09-04 08:00:00+00:00
1693828800,19.58,19.65,19.23,19.41,,2023-09-04 12:00:00+00:00
1693843200,19.4,19.55,19.33,19.43,,2023-09-04 16:00:00+00:00
1693857600,19.43,19.53,19.15,19.52,,2023-09-04 20:00:00+00:00
1693872000,19.52,19.56,19.03,19.21,,2023-09-05 00:00:00+00:00
1693886400,19.21,19.48,19.21,19.4,,2023-09-05 04:00:00+00:00
1693900800,19.41,19.63,19.25,19.55,,2023-09-05 08:00:00+00:00
1693915200,19.55,20.6,19.49,20.41,,2023-09-05 12:00:00+00:00
1693929600,20.4,20.58,20.17,20.23,,2023-09-05 16:00:00+00:00
1693944000,20.24,20.36,20.07,20.26,,2023-09-05 20:00:00+00:00
1693958400,20.26,20.39,20.1,20.14,,2023-09-06 00:00:00+00:00
1693972800,20.15,20.17,19.69,19.74,,2023-09-06 04:00:00+00:00
1693987200,19.73,19.87,19.7,19.76,,2023-09-06 08:00:00+00:00
1694001600,19.75,19.83,19.14,19.38,,2023-09-06 12:00:00+00:00
1694016000,19.39,19.87,19.14,19.47,,2023-09-06 16:00:00+00:00
1694030400,19.47,19.66,19.47,19.64,,2023-09-06 20:00:00+00:00
1694044800,19.63,19.82,19.57,19.75,,2023-09-07 00:00:00+00:00
1694059200,19.76,19.83,19.55,19.55,,2023-09-07 04:00:00+00:00
1694073600,19.55,19.6,19.36,19.4,,2023-09-07 08:00:00+00:00
1694088000,19.39,19.62,19.32,19.52,,2023-09-07 12:00:00+00:00
1694102400,19.53,19.76,19.52,19.67,,2023-09-07 16:00:00+00:00
1694116800,19.66,20.0,19.61,19.92,,2023-09-07 20:00:00+00:00
1694131200,19.92,20.28,19.83,20.01,,2023-09-08 00:00:00+00:00
1694145600,20.02,20.09,19.82,19.9,,2023-09-08 04:00:00+00:00
1694160000,19.9,19.92,19.37,19.56,,2023-09-08 08:00:00+00:00
1694174400,19.55,19.7,19.49,19.52,,2023-09-08 12:00:00+00:00
1694188800,19.52,19.57,19.38,19.57,,2023-09-08 16:00:00+00:00
1694203200,19.56,19.65,19.48,19.61,,2023-09-08 20:00:00+00:00
1694217600,19.6,19.61,19.47,19.54,,2023-09-09 00:00:00+00:00
1694232000,19.53,19.59,19.46,19.46,,2023-09-09 04:00:00+00:00
1694246400,19.46,19.58,19.45,19.56,,2023-09-09 08:00:00+00:00
1694260800,19.57,19.59,19.47,19.53,,2023-09-09 12:00:00+00:00
1694275200,19.53,19.57,19.38,19.43,,2023-09-09 16:00:00+00:00
1694289600,19.43,19.54,19.42,19.44,,2023-09-09 20:00:00+00:00
1694304000,19.43,19.44,19.19,19.2,,2023-09-10 00:00:00+00:00
1694318400,19.2,19.21,18.0,18.53,,2023-09-10 04:00:00+00:00
1694332800,18.52,18.52,18.24,18.33,,2023-09-10 08:00:00+00:00
1694347200,18.33,18.46,17.78,18.22,,2023-09-10 12:00:00+00:00
1694361600,18.22,18.27,17.81,18.19,,2023-09-10 16:00:00+00:00
1694376000,18.18,18.6,18.13,18.24,,2023-09-10 20:00:00+00:00
1694390400,18.23,18.46,17.98,18.36,,2023-09-11 00:00:00+00:00
1694404800,18.35,18.43,18.15,18.19,,2023-09-11 04:00:00+00:00
1694419200,18.2,18.22,17.36,17.67,,2023-09-11 08:00:00+00:00
1694433600,17.67,18.01,17.33,17.84,,2023-09-11 12:00:00+00:00
1694448000,17.84,18.0,17.42,17.52,,2023-09-11 16:00:00+00:00
1694462400,17.52,17.76,17.42,17.72,,2023-09-11 20:00:00+00:00
1694476800,17.72,18.53,17.57,18.19,,2023-09-12 00:00:00+00:00
1694491200,18.19,18.28,17.86,17.98,,2023-09-12 04:00:00+00:00
1694505600,17.98,18.8,17.93,18.3,,2023-09-12 08:00:00+00:00
1694520000,18.3,18.41,17.91,18.0,,2023-09-12 12:00:00+00:00
1694534400,18.0,18.32,17.68,17.93,,2023-09-12 16:00:00+00:00
1694548800,17.93,18.06,17.86,17.92,,2023-09-12 20:00:00+00:00
1694563200,17.91,18.18,17.78,17.83,,2023-09-13 00:00:00+00:00
1694577600,17.82,18.56,17.69,17.89,,2023-09-13 04:00:00+00:00
1694592000,17.9,18.29,17.86,18.18,,2023-09-13 08:00:00+00:00
1694606400,18.18,18.55,17.95,18.36,,2023-09-13 12:00:00+00:00
1694620800,18.36,18.54,17.89,18.36,,2023-09-13 16:00:00+00:00
1694635200,18.36,18.51,18.25,18.4,,2023-09-13 20:00:00+00:00
1694649600,18.4,19.33,18.38,18.94,,2023-09-14 00:00:00+00:00
1694664000,18.93,18.94,18.61,18.79,,2023-09-14 04:00:00+00:00
1694678400,18.79,18.91,18.54,18.85,,2023-09-14 08:00:00+00:00
1694692800,18.85,19.19,18.74,18.97,,2023-09-14 12:00:00+00:00
1694707200,18.97,19.13,18.87,19.04,,2023-09-14 16:00:00+00:00
1694721600,19.04,19.1,18.79,18.85,,2023-09-14 20:00:00+00:00
1694736000,18.85,19.19,18.73,19.14,,2023-09-15 00:00:00+00:00
1694750400,19.14,19.29,19.03,19.08,,2023-09-15 04:00:00+00:00
1694764800,19.08,19.24,19.0,19.01,,2023-09-15 08:00:00+00:00
1694779200,19.01,19.06,18.73,18.88,,2023-09-15 12:00:00+00:00
1694793600,18.89,18.91,18.55,18.73,,2023-09-15 16:00:00+00:00
1694808000,18.74,19.5,18.67,19.14,,2023-09-15 20:00:00+00:00
1694822400,19.15,19.46,19.05,19.21,,2023-09-16 00:00:00+00:00
1694836800,19.22,19.38,19.06,19.11,,2023-09-16 04:00:00+00:00
1694851200,19.11,19.25,19.04,19.15,,2023-09-16 08:00:00+00:00
1694865600,19.15,19.19,18.86,18.97,,2023-09-16 12:00:00+00:00
1694880000,18.96,19.14,18.92,18.97,,2023-09-16 16:00:00+00:00
1694894400,18.96,19.15,18.95,19.12,,2023-09-16 20:00:00+00:00
1694908800,19.12,19.14,18.74,19.03,,2023-09-17 00:00:00+00:00
1694923200,19.03,19.06,18.89,18.9,,2023-09-17 04:00:00+00:00
1694937600,18.91,19.11,18.88,19.04,,2023-09-17 08:00:00+00:00
1694952000,19.03,19.08,18.95,18.98,,2023-09-17 12:00:00+00:00
1694966400,18.97,19.0,18.75,18.9,,2023-09-17 16:00:00+00:00
1694980800,18.9,18.9,18.63,18.81,,2023-09-17 20:00:00+00:00
1694995200,18.81,19.29,18.58,19.2,,2023-09-18 00:00:00+00:00
1695009600,19.2,19.31,18.99,19.13,,2023-09-18 04:00:00+00:00
1695024000,19.12,19.75,19.09,19.58,,2023-09-18 08:00:00+00:00
1695038400,19.58,20.15,19.53,19.95,,2023-09-18 12:00:00+00:00
1695052800,19.96,20.06,19.5,19.78,,2023-09-18 16:00:00+00:00
1695067200,19.78,19.9,19.61,19.64,,2023-09-18 20:00:00+00:00
1695081600,19.65,19.98,19.58,19.96,,2023-09-19 00:00:00+00:00
1695096000,19.97,19.99,19.74,19.79,,2023-09-19 04:00:00+00:00
1695110400,19.79,20.42,19.76,20.21,,2023-09-19 08:00:00+00:00
1695124800,20.21,20.22,19.82,20.13,,2023-09-19 12:00:00+00:00
1695139200,20.13,20.15,19.83,19.94,,2023-09-19 16:00:00+00:00
1695153600,19.94,20.09,19.84,20.03,,2023-09-19 20:00:00+00:00
1695168000,20.02,20.24,19.85,19.91,,2023-09-20 00:00:00+00:00
1695182400,19.91,19.97,19.8,19.95,,2023-09-20 04:00:00+00:00
1695196800,19.95,20.18,19.87,20.06,,2023-09-20 08:00:00+00:00
1695211200,20.05,20.37,19.9,20.19,,2023-09-20 12:00:00+00:00
1695225600,20.2,20.54,19.88,20.12,,2023-09-20 16:00:00+00:00
1695240000,20.13,20.45,20.1,20.29,,2023-09-20 20:00:00+00:00
1695254400,20.29,20.29,19.92,20.18,,2023-09-21 00:00:00+00:00
1695268800,20.18,20.19,19.76,19.92,,2023-09-21 04:00:00+00:00
1695283200,19.92,19.96,19.5,19.59,,2023-09-21 08:00:00+00:00
1695297600,19.59,19.65,19.29,19.6,,2023-09-21 12:00:00+00:00
1695312000,19.61,19.71,19.53,19.62,,2023-09-21 16:00:00+00:00
1695326400,19.62,19.63,19.42,19.46,,2023-09-21 20:00:00+00:00
1695340800,19.45,19.69,19.23,19.66,,2023-09-22 00:00:00+00:00
1695355200,19.66,19.73,19.54,19.63,,2023-09-22 04:00:00+00:00
1695369600,19.63,19.81,19.58,19.69,,2023-09-22 08:00:00+00:00
1695384000,19.68,19.73,19.45,19.47,,2023-09-22 12:00:00+00:00
1695398400,19.47,19.5,19.3,19.35,,2023-09-22 16:00:00+00:00
1695412800,19.36,19.49,19.15,19.43,,2023-09-22 20:00:00+00:00
1695427200,19.42,19.57,19.29,19.38,,2023-09-23 00:00:00+00:00
1695441600,19.37,19.53,19.32,19.52,,2023-09-23 04:00:00+00:00
1695456000,19.52,19.54,19.44,19.52,,2023-09-23 08:00:00+00:00
1695470400,19.51,19.53,19.3,19.32,,2023-09-23 12:00:00+00:00
1695484800,19.31,19.49,19.29,19.46,,2023-09-23 16:00:00+00:00
1695499200,19.47,19.49,19.38,19.49,,2023-09-23 20:00:00+00:00
1695513600,19.48,19.66,19.44,19.57,,2023-09-24 00:00:00+00:00
1695528000,19.57,19.65,19.49,19.62,,2023-09-24 04:00:00+00:00
1695542400,19.62,19.68,19.53,19.6,,2023-09-24 08:00:00+00:00
1695556800,19.6,19.65,19.44,19.53,,2023-09-24 12:00:00+00:00
1695571200,19.53,19.66,19.43,19.46,,2023-09-24 16:00:00+00:00
1695585600,19.46,19.53,19.2,19.36,,2023-09-24 20:00:00+00:00
1695600000,19.36,19.6,19.07,19.47,,2023-09-25 00:00:00+00:00
1695614400,19.48,19.54,19.34,19.48,,2023-09-25 04:00:00+00:00
1695628800,19.49,19.58,19.4,19.55,,2023-09-25 08:00:00+00:00
1695643200,19.55,19.68,19.44,19.57,,2023-09-25 12:00:00+00:00
1695657600,19.58,19.74,19.46,19.52,,2023-09-25 16:00:00+00:00
1695672000,19.52,19.57,19.35,19.39,,2023-09-25 20:00:00+00:00
1695686400,19.39,19.53,19.29,19.44,,2023-09-26 00:00:00+00:00
1695700800,19.45,19.49,19.3,19.33,,2023-09-26 04:00:00+00:00
1695715200,19.33,19.43,19.24,19.39,,2023-09-26 08:00:00+00:00
1695729600,19.39,19.41,19.13,19.17,,2023-09-26 12:00:00+00:00
1695744000,19.16,19.3,19.12,19.24,,2023-09-26 16:00:00+00:00
1695758400,19.24,19.27,18.84,19.03,,2023-09-26 20:00:00+00:00
1695772800,19.03,19.13,18.94,19.03,,2023-09-27 00:00:00+00:00
1695787200,19.03,19.05,18.9,18.95,,2023-09-27 04:00:00+00:00
1695801600,18.95,19.48,18.87,19.39,,2023-09-27 08:00:00+00:00
1695816000,19.39,19.46,18.76,18.95,,2023-09-27 12:00:00+00:00
1695830400,18.94,19.03,18.73,18.98,,2023-09-27 16:00:00+00:00
1695844800,18.97,19.16,18.88,19.14,,2023-09-27 20:00:00+00:00
1695859200,19.13,19.44,19.1,19.21,,2023-09-28 00:00:00+00:00
1695873600,19.21,19.28,19.17,19.22,,2023-09-28 04:00:00+00:00
1695888000,19.22,19.32,19.1,19.17,,2023-09-28 08:00:00+00:00
1695902400,19.17,19.62,19.15,19.59,,2023-09-28 12:00:00+00:00
1695916800,19.6,19.73,19.43,19.71,,2023-09-28 16:00:00+00:00
1695931200,19.71,19.98,19.58,19.96,,2023-09-28 20:00:00+00:00
1695945600,19.97,20.33,19.85,20.2,,2023-09-29 00:00:00+00:00
1695960000,20.2,20.35,20.05,20.27,,2023-09-29 04:00:00+00:00
1695974400,20.27,20.31,20.04,20.09,,2023-09-29 08:00:00+00:00
1695988800,20.08,20.46,20.03,20.34,,2023-09-29 12:00:00+00:00
1696003200,20.33,20.35,20.08,20.24,,2023-09-29 16:00:00+00:00
1696017600,20.25,20.36,20.2,20.28,,2023-09-29 20:00:00+00:00
1696032000,20.28,20.45,20.2,20.21,,2023-09-30 00:00:00+00:00
1696046400,20.22,20.35,20.07,20.31,,2023-09-30 04:00:00+00:00
1696060800,20.32,20.4,20.26,20.28,,2023-09-30 08:00:00+00:00
1696075200,20.29,21.65,20.28,21.43,,2023-09-30 12:00:00+00:00
1696089600,21.44,21.81,21.25,21.41,,2023-09-30 16:00:00+00:00
1696104000,21.41,21.46,21.23,21.37,,2023-09-30 20:00:00+00:00
1696118400,21.37,21.43,21.13,21.21,,2023-10-01 00:00:00+00:00
1696132800,21.21,21.41,21.17,21.37,,2023-10-01 04:00:00+00:00
1696147200,21.37,24.25,21.36,22.97,,2023-10-01 08:00:00+00:00
1696161600,22.97,23.44,22.83,23.1,,2023-10-01 12:00:00+00:00
1696176000,23.09,23.09,22.44,22.72,,2023-10-01 16:00:00+00:00
1696190400,22.73,24.5,22.58,23.87,,2023-10-01 20:00:00+00:00
1696204800,23.88,24.34,23.58,24.1,,2023-10-02 00:00:00+00:00
1696219200,24.1,24.8,23.95,24.33,,2023-10-02 04:00:00+00:00
1696233600,24.33,24.52,23.78,23.82,,2023-10-02 08:00:00+00:00
1696248000,23.83,24.48,23.59,24.06,,2023-10-02 12:00:00+00:00
1696262400,24.05,24.29,23.08,23.83,,2023-10-02 16:00:00+00:00
1696276800,23.83,23.83,22.9,23.37,,2023-10-02 20:00:00+00:00
1696291200,23.38,23.81,23.3,23.66,,2023-10-03 00:00:00+00:00
1696305600,23.66,24.25,23.49,23.82,,2023-10-03 04:00:00+00:00
1696320000,23.82,24.47,23.78,23.92,,2023-10-03 08:00:00+00:00
1696334400,23.93,24.77,23.75,23.99,,2023-10-03 12:00:00+00:00
1696348800,23.99,24.33,23.44,23.52,,2023-10-03 16:00:00+00:00
1696363200,23.52,23.76,23.21,23.6,,2023-10-03 20:00:00+00:00
1696377600,23.61,23.66,22.8,23.12,,2023-10-04 00:00:00+00:00
1696392000,23.11,23.24,22.78,23.17,,2023-10-04 04:00:00+00:00
1696406400,23.16,23.86,23.1,23.58,,2023-10-04 08:00:00+00:00
1696420800,23.59,23.65,22.67,22.69,,2023-10-04 12:00:00+00:00
1696435200,22.69,23.28,22.58,22.92,,2023-10-04 16:00:00+00:00
1696449600,22.92,23.31,22.86,23.13,,2023-10-04 20:00:00+00:00
1696464000,23.13,23.76,23.04,23.24,,2023-10-05 00:00:00+00:00
1696478400,23.24,23.49,22.83,23.01,,2023-10-05 04:00:00+00:00
1696492800,23.0,23.35,22.89,23.22,,2023-10-05 08:00:00+00:00
1696507200,23.23,23.59,22.62,22.8,,2023-10-05 12:00:00+00:00
1696521600,22.8,23.06,22.53,22.8,,2023-10-05 16:00:00+00:00
1696536000,22.8,22.85,22.61,22.7,,2023-10-05 20:00:00+00:00
1696550400,22.7,23.34,22.66,23.19,,2023-10-06 00:00:00+00:00
1696564800,23.19,23.45,22.94,23.34,,2023-10-06 04:00:00+00:00
1696579200,23.34,23.57,23.08,23.18,,2023-10-06 08:00:00+00:00
1696593600,23.18,23.68,22.7,23.51,,2023-10-06 12:00:00+00:00
1696608000,23.51,23.75,23.33,23.42,,2023-10-06 16:00:00+00:00
1696622400,23.41,23.76,23.29,23.41,,2023-10-06 20:00:00+00:00
1696636800,23.41,23.74,23.34,23.67,,2023-10-07 00:00:00+00:00
1696651200,23.67,24.21,23.47,23.53,,2023-10-07 04:00:00+00:00
1696665600,23.52,23.84,23.36,23.48,,2023-10-07 08:00:00+00:00
1696680000,23.48,23.58,23.29,23.34,,2023-10-07 12:00:00+00:00
1696694400,23.34,23.45,23.08,23.13,,2023-10-07 16:00:00+00:00
1696708800,23.12,23.35,23.11,23.3,,2023-10-07 20:00:00+00:00
1696723200,23.29,23.64,23.18,23.52,,2023-10-08 00:00:00+00:00
1696737600,23.52,23.55,23.2,23.33,,2023-10-08 04:00:00+00:00
1696752000,23.33,23.53,23.16,23.22,,2023-10-08 08:00:00+00:00
1696766400,23.22,23.5,23.06,23.48,,2023-10-08 12:00:00+00:00
1696780800,23.49,23.56,23.26,23.33,,2023-10-08 16:00:00+00:00
1696795200,23.33,23.48,23.17,23.22,,2023-10-08 20:00:00+00:00
1696809600,23.21,23.31,23.08,23.25,,2023-10-09 00:00:00+00:00
1696824000,23.25,23.37,22.85,22.99,,2023-10-09 04:00:00+00:00
1696838400,22.99,23.01,22.05,22.17,,2023-10-09 08:00:00+00:00
1696852800,22.18,22.39,22.07,22.2,,2023-10-09 12:00:00+00:00
1696867200,22.21,22.43,21.59,22.2,,2023-10-09 16:00:00+00:00
1696881600,22.2,22.26,22.0,22.1,,2023-10-09 20:00:00+00:00
1696896000,22.09,22.25,21.88,22.14,,2023-10-10 00:00:00+00:00
1696910400,22.15,22.4,22.04,22.33,,2023-10-10 04:00:00+00:00
1696924800,22.32,22.45,22.11,22.13,,2023-10-10 08:00:00+00:00
1696939200,22.13,22.48,21.93,21.98,,2023-10-10 12:00:00+00:00
1696953600,21.97,22.07,21.69,22.03,,2023-10-10 16:00:00+00:00
1696968000,22.04,22.19,21.8,22.11,,2023-10-10 20:00:00+00:00
1696982400,22.11,22.29,21.73,21.98,,2023-10-11 00:00:00+00:00
1696996800,21.98,22.36,21.95,22.02,,2023-10-11 04:00:00+00:00
1697011200,22.01,22.43,21.99,22.14,,2023-10-11 08:00:00+00:00
1697025600,22.14,22.33,21.9,21.99,,2023-10-11 12:00:00+00:00
1697040000,21.99,22.03,21.62,21.91,,2023-10-11 16:00:00+00:00
1697054400,21.9,22.03,21.75,22.01,,2023-10-11 20:00:00+00:00
1697068800,22.01,22.05,21.49,21.71,,2023-10-12 00:00:00+00:00
1697083200,21.71,21.84,21.64,21.64,,2023-10-12 04:00:00+00:00
1697097600,21.64,21.66,21.15,21.5,,2023-10-12 08:00:00+00:00
1697112000,21.51,21.54,21.24,21.27,,2023-10-12 12:00:00+00:00
1697126400,21.28,21.37,20.93,21.22,,2023-10-12 16:00:00+00:00
1697140800,21.22,21.35,21.13,21.28,,2023-10-12 20:00:00+00:00
1697155200,21.29,21.47,21.12,21.13,,2023-10-13 00:00:00+00:00
1697169600,21.13,21.46,21.11,21.39,,2023-10-13 04:00:00+00:00
1697184000,21.4,21.57,21.31,21.48,,2023-10-13 08:00:00+00:00
1697198400,21.49,21.61,21.35,21.43,,2023-10-13 12:00:00+00:00
1697212800,21.42,21.61,21.41,21.58,,2023-10-13 16:00:00+00:00
1697227200,21.57,22.23,21.56,21.84,,2023-10-13 20:00:00+00:00
1697241600,21.85,22.06,21.8,22.03,,2023-10-14 00:00:00+00:00
1697256000,22.04,22.13,21.95,22.05,,2023-10-14 04:00:00+00:00
1697270400,22.06,22.31,21.91,21.98,,2023-10-14 08:00:00+00:00
1697284800,21.97,22.09,21.85,22.08,,2023-10-14 12:00:00+00:00
1697299200,22.08,22.1,21.97,22.04,,2023-10-14 16:00:00+00:00
1697313600,22.04,22.04,21.92,22.0,,2023-10-14 20:00:00+00:00
1697328000,22.0,22.17,21.83,21.93,,2023-10-15 00:00:00+00:00
1697342400,21.93,21.97,21.87,21.94,,2023-10-15 04:00:00+00:00
1697356800,21.93,22.02,21.81,21.87,,2023-10-15 08:00:00+00:00
1697371200,21.87,21.94,21.66,21.73,,2023-10-15 12:00:00+00:00
1697385600,21.74,21.98,21.71,21.91,,2023-10-15 16:00:00+00:00
1697400000,21.91,22.11,21.84,21.93,,2023-10-15 20:00:00+00:00
1697414400,21.93,22.23,21.89,22.11,,2023-10-16 00:00:00+00:00
1697428800,22.11,22.87,22.11,22.82,,2023-10-16 04:00:00+00:00
1697443200,22.82,23.16,22.62,23.16,,2023-10-16 08:00:00+00:00
1697457600,23.15,24.75,22.9,23.15,,2023-10-16 12:00:00+00:00
1697472000,23.15,24.14,23.15,23.86,,2023-10-16 16:00:00+00:00
1697486400,23.86,24.2,23.65,23.95,,2023-10-16 20:00:00+00:00
1697500800,23.95,24.34,23.77,24.0,,2023-10-17 00:00:00+00:00
1697515200,24.0,24.23,23.76,24.09,,2023-10-17 04:00:00+00:00
1697529600,24.08,24.56,24.05,24.08,,2023-10-17 08:00:00+00:00
1697544000,24.08,24.19,23.46,23.89,,2023-10-17 12:00:00+00:00
1697558400,23.89,24.39,23.72,24.17,,2023-10-17 16:00:00+00:00
1697572800,24.17,24.24,23.89,23.93,,2023-10-17 20:00:00+00:00
1697587200,23.94,24.11,23.8,24.04,,2023-10-18 00:00:00+00:00
1697601600,24.04,24.43,23.88,23.89,,2023-10-18 04:00:00+00:00
1697616000,23.89,24.15,23.78,23.81,,2023-10-18 08:00:00+00:00
1697630400,23.81,23.92,23.62,23.68,,2023-10-18 12:00:00+00:00
1697644800,23.68,23.79,23.57,23.7,,2023-10-18 16:00:00+00:00
1697659200,23.7,23.74,23.36,23.42,,2023-10-18 20:00:00+00:00
1697673600,23.41,23.58,23.11,23.46,,2023-10-19 00:00:00+00:00
1697688000,23.45,23.9,23.44,23.86,,2023-10-19 04:00:00+00:00
1697702400,23.86,24.3,23.7,24.28,,2023-10-19 08:00:00+00:00
1697716800,24.29,24.9,24.05,24.77,,2023-10-19 12:00:00+00:00
1697731200,24.77,25.77,24.67,25.16,,2023-10-19 16:00:00+00:00
1697745600,25.15,25.25,24.73,24.93,,2023-10-19 20:00:00+00:00
1697760000,24.92,25.72,24.73,25.67,,2023-10-20 00:00:00+00:00
1697774400,25.67,26.53,25.6,26.24,,2023-10-20 04:00:00+00:00
1697788800,26.24,27.5,26.23,26.88,,2023-10-20 08:00:00+00:00
1697803200,26.89,27.14,26.55,26.88,,2023-10-20 12:00:00+00:00
1697817600,26.89,27.05,26.31,26.88,,2023-10-20 16:00:00+00:00
1697832000,26.88,27.35,26.7,27.03,,2023-10-20 20:00:00+00:00
1697846400,27.02,27.13,26.65,26.81,,2023-10-21 00:00:00+00:00
1697860800,26.82,28.45,26.66,28.08,,2023-10-21 04:00:00+00:00
1697875200,28.08,29.97,27.84,29.52,,2023-10-21 08:00:00+00:00
1697889600,29.51,29.66,28.62,29.04,,2023-10-21 12:00:00+00:00
1697904000,29.04,29.92,28.87,29.5,,2023-10-21 16:00:00+00:00
1697918400,29.51,30.31,29.2,29.32,,2023-10-21 20:00:00+00:00
1697932800,29.33,29.94,29.17,29.73,,2023-10-22 00:00:00+00:00
1697947200,29.73,30.01,28.18,28.8,,2023-10-22 04:00:00+00:00
1697961600,28.81,29.05,28.09,28.34,,2023-10-22 08:00:00+00:00
1697976000,28.34,28.9,28.29,28.43,,2023-10-22 12:00:00+00:00
1697990400,28.42,29.16,28.39,28.69,,2023-10-22 16:00:00+00:00
1698004800,28.69,29.33,28.67,29.05,,2023-10-22 20:00:00+00:00
1698019200,29.06,30.67,28.74,30.66,,2023-10-23 00:00:00+00:00
1698033600,30.66,31.36,29.88,30.1,,2023-10-23 04:00:00+00:00
1698048000,30.1,30.35,29.31,29.71,,2023-10-23 08:00:00+00:00
1698062400,29.71,29.88,28.81,28.98,,2023-10-23 12:00:00+00:00
1698076800,28.98,30.0,28.88,29.91,,2023-10-23 16:00:00+00:00
1698091200,29.91,32.81,29.75,31.88,,2023-10-23 20:00:00+00:00
1698105600,31.88,32.57,31.26,31.4,,2023-10-24 00:00:00+00:00
1698120000,31.39,31.77,30.65,31.25,,2023-10-24 04:00:00+00:00
1698134400,31.25,31.99,31.17,31.84,,2023-10-24 08:00:00+00:00
1698148800,31.83,32.61,30.5,30.89,,2023-10-24 12:00:00+00:00
1698163200,30.89,31.2,30.02,30.5,,2023-10-24 16:00:00+00:00
1698177600,30.5,30.8,29.5,30.17,,2023-10-24 20:00:00+00:00
1698192000,30.18,32.21,30.0,31.04,,2023-10-25 00:00:00+00:00
1698206400,31.05,31.87,30.66,30.96,,2023-10-25 04:00:00+00:00
1698220800,30.97,32.51,30.78,32.23,,2023-10-25 08:00:00+00:00
1698235200,32.23,33.9,32.22,33.41,,2023-10-25 12:00:00+00:00
1698249600,33.41,33.58,32.28,32.77,,2023-10-25 16:00:00+00:00
1698264000,32.77,33.07,31.87,32.44,,2023-10-25 20:00:00+00:00
1698278400,32.43,32.8,31.73,32.75,,2023-10-26 00:00:00+00:00
1698292800,32.76,33.28,32.0,32.82,,2023-10-26 04:00:00+00:00
1698307200,32.82,32.98,31.6,31.82,,2023-10-26 08:00:00+00:00
1698321600,31.82,32.39,30.91,31.32,,2023-10-26 12:00:00+00:00
1698336000,31.31,31.69,30.73,31.55,,2023-10-26 16:00:00+00:00
1698350400,31.54,33.25,31.46,32.77,,2023-10-26 20:00:00+00:00
1698364800,32.78,32.86,31.82,32.39,,2023-10-27 00:00:00+00:00
1698379200,32.39,32.89,32.13,32.34,,2023-10-27 04:00:00+00:00
1698393600,32.34,33.1,32.15,32.58,,2023-10-27 08:00:00+00:00
1698408000,32.58,33.35,31.92,32.21,,2023-10-27 12:00:00+00:00
1698422400,32.21,32.49,31.2,31.93,,2023-10-27 16:00:00+00:00
1698436800,31.92,32.27,31.46,31.73,,2023-10-27 20:00:00+00:00
1698451200,31.73,32.38,31.65,32.34,,2023-10-28 00:00:00+00:00
1698465600,32.34,32.48,32.05,32.28,,2023-10-28 04:00:00+00:00
1698480000,32.27,32.51,32.06,32.2,,2023-10-28 08:00:00+00:00
1698494400,32.2,32.22,31.63,32.03,,2023-10-28 12:00:00+00:00
1698508800,32.03,32.1,31.5,31.58,,2023-10-28 16:00:00+00:00
1698523200,31.58,31.99,31.35,31.63,,2023-10-28 20:00:00+00:00
1698537600,31.62,31.83,31.27,31.57,,2023-10-29 00:00:00+00:00
1698552000,31.56,32.36,31.49,32.29,,2023-10-29 04:00:00+00:00
1698566400,32.29,32.37,32.12,32.25,,2023-10-29 08:00:00+00:00
1698580800,32.26,32.7,32.17,32.63,,2023-10-29 12:00:00+00:00
1698595200,32.63,33.19,32.54,33.0,,2023-10-29 16:00:00+00:00
1698609600,33.0,33.04,32.5,32.83,,2023-10-29 20:00:00+00:00
1698624000,32.83,33.09,32.51,32.74,,2023-10-30 00:00:00+00:00
1698638400,32.73,32.98,32.28,32.56,,2023-10-30 04:00:00+00:00
1698652800,32.55,35.16,32.48,34.94,,2023-10-30 08:00:00+00:00
1698667200,34.95,35.35,34.51,35.04,,2023-10-30 12:00:00+00:00
1698681600,35.04,35.05,34.23,34.88,,2023-10-30 16:00:00+00:00
1698696000,34.89,35.01,34.47,34.94,,2023-10-30 20:00:00+00:00
1698710400,34.94,36.47,34.82,35.79,,2023-10-31 00:00:00+00:00
1698724800,35.79,36.61,35.57,35.72,,2023-10-31 04:00:00+00:00
1698739200,35.72,36.98,35.59,36.58,,2023-10-31 08:00:00+00:00
1698753600,36.58,36.68,35.62,36.1,,2023-10-31 12:00:00+00:00
1698768000,36.1,36.45,35.82,36.28,,2023-10-31 16:00:00+00:00
1698782400,36.27,38.62,36.26,38.4,,2023-10-31 20:00:00+00:00
1698796800,38.41,38.79,37.9,38.27,,2023-11-01 00:00:00+00:00
1698811200,38.28,39.4,37.81,38.46,,2023-11-01 04:00:00+00:00
1698825600,38.46,39.8,38.0,39.28,,2023-11-01 08:00:00+00:00
1698840000,39.28,41.84,38.85,40.66,,2023-11-01 12:00:00+00:00
1698854400,40.67,46.9,40.39,42.0,,2023-11-01 16:00:00+00:00
1698868800,42.0,43.82,40.57,41.15,,2023-11-01 20:00:00+00:00
1698883200,41.16,42.84,41.1,42.59,,2023-11-02 00:00:00+00:00
1698897600,42.59,43.46,41.11,43.12,,2023-11-02 04:00:00+00:00
1698912000,43.12,44.57,42.53,44.47,,2023-11-02 08:00:00+00:00
1698926400,44.47,44.5,40.01,40.03,,2023-11-02 12:00:00+00:00
1698940800,40.03,41.58,38.65,41.42,,2023-11-02 16:00:00+00:00
1698955200,41.42,42.13,39.55,40.23,,2023-11-02 20:00:00+00:00
1698969600,40.24,40.26,37.98,38.94,,2023-11-03 00:00:00+00:00
1698984000,38.94,39.12,38.0,39.02,,2023-11-03 04:00:00+00:00
1698998400,39.02,39.77,38.08,39.15,,2023-11-03 08:00:00+00:00
1699012800,39.15,40.2,38.8,39.79,,2023-11-03 12:00:00+00:00
1699027200,39.81,40.06,38.51,39.17,,2023-11-03 16:00:00+00:00
1699041600,39.17,39.95,39.04,39.45,,2023-11-03 20:00:00+00:00
1699056000,39.45,41.23,39.0,41.12,,2023-11-04 00:00:00+00:00
1699070400,41.12,42.06,40.4,41.72,,2023-11-04 04:00:00+00:00
1699084800,41.72,42.72,41.26,41.53,,2023-11-04 08:00:00+00:00
1699099200,41.52,42.21,40.82,41.28,,2023-11-04 12:00:00+00:00
1699113600,41.28,41.88,41.03,41.38,,2023-11-04 16:00:00+00:00
1699128000,41.39,42.69,41.3,42.41,,2023-11-04 20:00:00+00:00
1699142400,42.41,42.85,41.7,42.52,,2023-11-05 00:00:00+00:00
1699156800,42.52,42.54,41.42,41.57,,2023-11-05 04:00:00+00:00
1699171200,41.56,41.81,41.1,41.64,,2023-11-05 08:00:00+00:00
1699185600,41.64,41.88,40.5,40.72,,2023-11-05 12:00:00+00:00
1699200000,40.72,41.6,40.63,40.74,,2023-11-05 16:00:00+00:00
1699214400,40.75,41.55,40.1,41.15,,2023-11-05 20:00:00+00:00
1699228800,41.16,41.83,40.88,41.11,,2023-11-06 00:00:00+00:00
1699243200,41.11,41.23,39.66,39.93,,2023-11-06 04:00:00+00:00
1699257600,39.93,40.73,39.7,40.32,,2023-11-06 08:00:00+00:00
1699272000,40.32,40.7,39.9,40.23,,2023-11-06 12:00:00+00:00
1699286400,40.23,40.52,39.88,40.48,,2023-11-06 16:00:00+00:00
1699300800,40.49,42.2,40.03,42.16,,2023-11-06 20:00:00+00:00
1699315200,42.16,42.29,40.08,40.81,,2023-11-07 00:00:00+00:00
1699329600,40.82,41.68,40.67,41.55,,2023-11-07 04:00:00+00:00
1699344000,41.56,41.75,40.48,41.1,,2023-11-07 08:00:00+00:00
1699358400,41.1,42.1,40.71,41.21,,2023-11-07 12:00:00+00:00
1699372800,41.21,44.39,41.02,43.86,,2023-11-07 16:00:00+00:00
1699387200,43.86,44.78,42.76,42.93,,2023-11-07 20:00:00+00:00
1699401600,42.93,43.5,42.25,43.37,,2023-11-08 00:00:00+00:00
1699416000,43.36,43.78,42.98,43.49,,2023-11-08 04:00:00+00:00
1699430400,43.47,43.88,43.09,43.31,,2023-11-08 08:00:00+00:00
1699444800,43.3,43.6,42.31,42.77,,2023-11-08 12:00:00+00:00
1699459200,42.77,43.61,42.55,43.1,,2023-11-08 16:00:00+00:00
1699473600,43.08,43.51,42.63,43.13,,2023-11-08 20:00:00+00:00
1699488000,43.12,44.15,42.5,44.09,,2023-11-09 00:00:00+00:00
1699502400,44.09,44.61,43.8,43.9,,2023-11-09 04:00:00+00:00
1699516800,43.9,47.45,43.88,47.13,,2023-11-09 08:00:00+00:00
1699531200,47.13,48.88,45.72,46.4,,2023-11-09 12:00:00+00:00
1699545600,46.4,46.8,41.36,44.42,,2023-11-09 16:00:00+00:00
1699560000,44.41,45.74,43.04,45.29,,2023-11-09 20:00:00+00:00
1699574400,45.3,47.99,45.05,47.4,,2023-11-10 00:00:00+00:00
1699588800,47.41,48.87,46.81,47.55,,2023-11-10 04:00:00+00:00
1699603200,47.54,51.2,46.56,50.7,,2023-11-10 08:00:00+00:00
1699617600,50.7,51.93,48.63,50.87,,2023-11-10 12:00:00+00:00
1699632000,50.88,54.99,50.64,54.11,,2023-11-10 16:00:00+00:00
1699646400,54.11,57.54,53.02,56.67,,2023-11-10 20:00:00+00:00
1699660800,56.67,57.7,54.39,55.84,,2023-11-11 00:00:00+00:00
1699675200,55.82,56.0,53.55,54.26,,2023-11-11 04:00:00+00:00
1699689600,54.27,55.84,53.8,55.25,,2023-11-11 08:00:00+00:00
1699704000,55.25,63.95,55.02,60.89,,2023-11-11 12:00:00+00:00
1699718400,60.89,62.49,58.1,60.53,,2023-11-11 16:00:00+00:00
1699732800,60.53,60.53,55.36,56.34,,2023-11-11 20:00:00+00:00
1699747200,56.36,57.91,54.5,57.39,,2023-11-12 00:00:00+00:00
1699761600,57.37,61.86,56.44,61.08,,2023-11-12 04:00:00+00:00
1699776000,61.09,61.45,58.4,59.97,,2023-11-12 08:00:00+00:00
1699790400,59.98,60.39,57.68,58.62,,2023-11-12 12:00:00+00:00
1699804800,58.63,58.77,55.5,56.03,,2023-11-12 16:00:00+00:00
1699819200,56.02,57.57,55.56,56.28,,2023-11-12 20:00:00+00:00
1699833600,56.27,59.42,55.1,56.99,,2023-11-13 00:00:00+00:00
1699848000,56.98,59.5,56.65,58.24,,2023-11-13 04:00:00+00:00
1699862400,58.23,59.6,56.46,57.04,,2023-11-13 08:00:00+00:00
1699876800,57.02,59.86,54.28,55.64,,2023-11-13 12:00:00+00:00
1699891200,55.63,56.9,52.2,54.64,,2023-11-13 16:00:00+00:00
1699905600,54.64,54.65,51.28,51.6,,2023-11-13 20:00:00+00:00
1699920000,51.6,54.84,51.12,54.03,,2023-11-14 00:00:00+00:00
1699934400,54.03,55.44,53.79,55.16,,2023-11-14 04:00:00+00:00
1699948800,55.16,55.82,52.01,52.65,,2023-11-14 08:00:00+00:00
1699963200,52.65,57.99,52.01,56.23,,2023-11-14 12:00:00+00:00
1699977600,56.22,56.98,52.2,55.1,,2023-11-14 16:00:00+00:00
1699992000,55.1,57.44,54.81,56.81,,2023-11-14 20:00:00+00:00
1700006400,56.81,57.97,56.15,56.24,,2023-11-15 00:00:00+00:00
1700020800,56.24,59.68,56.23,59.16,,2023-11-15 04:00:00+00:00
1700035200,59.17,63.5,58.72,62.99,,2023-11-15 08:00:00+00:00
1700049600,62.98,63.92,61.27,62.42,,2023-11-15 12:00:00+00:00
1700064000,62.43,65.8,60.61,65.33,,2023-11-15 16:00:00+00:00
1700078400,65.34,67.12,64.13,65.43,,2023-11-15 20:00:00+00:00
1700092800,65.43,66.72,64.4,65.88,,2023-11-16 00:00:00+00:00
1700107200,65.88,68.2,64.72,65.68,,2023-11-16 04:00:00+00:00
1700121600,65.67,66.11,63.28,64.03,,2023-11-16 08:00:00+00:00
1700136000,64.02,64.7,60.44,61.6,,2023-11-16 12:00:00+00:00
1700150400,61.61,62.87,59.0,62.34,,2023-11-16 16:00:00+00:00
1700164800,62.34,62.89,56.31,57.8,,2023-11-16 20:00:00+00:00
1700179200,57.81,60.57,57.63,58.95,,2023-11-17 00:00:00+00:00
1700193600,58.95,59.97,58.0,58.16,,2023-11-17 04:00:00+00:00
1700208000,58.16,59.04,56.47,58.15,,2023-11-17 08:00:00+00:00
1700222400,58.14,59.63,54.1,55.04,,2023-11-17 12:00:00+00:00
1700236800,55.04,58.95,54.39,57.58,,2023-11-17 16:00:00+00:00
1700251200,57.58,59.46,57.48,58.51,,2023-11-17 20:00:00+00:00
1700265600,58.52,58.62,56.31,56.68,,2023-11-18 00:00:00+00:00
1700280000,56.68,57.45,54.7,56.36,,2023-11-18 04:00:00+00:00
1700294400,56.36,57.64,56.05,56.96,,2023-11-18 08:00:00+00:00
1700308800,56.97,58.35,55.5,58.01,,2023-11-18 12:00:00+00:00
1700323200,58.01,59.37,57.51,59.06,,2023-11-18 16:00:00+00:00
1700337600,59.07,59.31,57.97,58.56,,2023-11-18 20:00:00+00:00
1700352000,58.56,58.57,56.61,58.25,,2023-11-19 00:00:00+00:00
1700366400,58.25,60.93,57.75,60.44,,2023-11-19 04:00:00+00:00
1700380800,60.44,61.79,59.42,59.87,,2023-11-19 08:00:00+00:00
1700395200,59.87,60.35,59.08,59.97,,2023-11-19 12:00:00+00:00
1700409600,59.98,61.29,59.41,61.19,,2023-11-19 16:00:00+00:00
1700424000,61.2,62.1,60.14,61.1,,2023-11-19 20:00:00+00:00
1700438400,61.1,61.33,59.78,59.92,,2023-11-20 00:00:00+00:00
1700452800,59.91,60.18,59.12,59.88,,2023-11-20 04:00:00+00:00
1700467200,59.89,61.09,59.3,60.08,,2023-11-20 08:00:00+00:00
1700481600,60.08,60.63,57.6,59.01,,2023-11-20 12:00:00+00:00
1700496000,59.01,59.41,56.6,57.54,,2023-11-20 16:00:00+00:00
1700510400,57.54,57.79,56.0,56.57,,2023-11-20 20:00:00+00:00
1700524800,56.57,57.4,55.1,56.0,,2023-11-21 00:00:00+00:00
1700539200,56.01,56.45,55.3,55.39,,2023-11-21 04:00:00+00:00
1700553600,55.39,57.12,55.36,56.27,,2023-11-21 08:00:00+00:00
1700568000,56.28,56.65,52.73,55.11,,2023-11-21 12:00:00+00:00
1700582400,55.11,56.24,52.35,54.81,,2023-11-21 16:00:00+00:00
1700596800,54.82,55.8,51.23,51.65,,2023-11-21 20:00:00+00:00
1700611200,51.65,54.46,51.43,54.37,,2023-11-22 00:00:00+00:00
1700625600,54.36,55.29,53.89,54.67,,2023-11-22 04:00:00+00:00
1700640000,54.68,55.23,54.37,54.53,,2023-11-22 08:00:00+00:00
1700654400,54.53,55.73,54.04,54.94,,2023-11-22 12:00:00+00:00
1700668800,54.94,57.67,54.4,57.34,,2023-11-22 16:00:00+00:00
1700683200,57.33,58.94,56.93,57.56,,2023-11-22 20:00:00+00:00
1700697600,57.55,58.49,56.98,57.64,,2023-11-23 00:00:00+00:00
1700712000,57.64,58.53,57.5,57.8,,2023-11-23 04:00:00+00:00
1700726400,57.81,58.98,57.2,57.97,,2023-11-23 08:00:00+00:00
1700740800,57.98,59.63,56.43,56.6,,2023-11-23 12:00:00+00:00
1700755200,56.61,57.32,56.14,56.35,,2023-11-23 16:00:00+00:00
1700769600,56.34,57.05,56.29,56.51,,2023-11-23 20:00:00+00:00
1700784000,56.52,57.6,56.2,57.28,,2023-11-24 00:00:00+00:00
1700798400,57.27,57.44,56.67,57.34,,2023-11-24 04:00:00+00:00
1700812800,57.34,58.79,57.08,58.03,,2023-11-24 08:00:00+00:00
1700827200,58.02,58.52,57.2,58.13,,2023-11-24 12:00:00+00:00
1700841600,58.13,58.43,56.82,57.14,,2023-11-24 16:00:00+00:00
1700856000,57.14,57.6,56.5,56.86,,2023-11-24 20:00:00+00:00
1700870400,56.86,59.82,55.7,58.83,,2023-11-25 00:00:00+00:00
1700884800,58.82,58.98,58.41,58.6,,2023-11-25 04:00:00+00:00
1700899200,58.59,58.83,57.33,57.81,,2023-11-25 08:00:00+00:00
1700913600,57.81,58.74,57.7,58.55,,2023-11-25 12:00:00+00:00
1700928000,58.55,59.7,58.34,59.03,,2023-11-25 16:00:00+00:00
1700942400,59.03,59.3,58.61,58.82,,2023-11-25 20:00:00+00:00
1700956800,58.81,59.04,57.99,58.31,,2023-11-26 00:00:00+00:00
1700971200,58.32,58.65,58.16,58.41,,2023-11-26 04:00:00+00:00
1700985600,58.4,58.63,57.75,57.86,,2023-11-26 08:00:00+00:00
1701000000,57.86,58.11,56.67,57.1,,2023-11-26 12:00:00+00:00
1701014400,57.09,57.3,56.12,57.2,,2023-11-26 16:00:00+00:00
1701028800,57.2,58.69,57.01,57.57,,2023-11-26 20:00:00+00:00
1701043200,57.57,58.09,56.15,56.6,,2023-11-27 00:00:00+00:00
1701057600,56.6,57.34,55.5,55.93,,2023-11-27 04:00:00+00:00
1701072000,55.93,56.29,54.69,55.02,,2023-11-27 08:00:00+00:00
1701086400,55.02,55.22,53.91,53.94,,2023-11-27 12:00:00+00:00
1701100800,53.94,55.15,53.47,54.13,,2023-11-27 16:00:00+00:00
1701115200,54.12,55.17,53.68,55.06,,2023-11-27 20:00:00+00:00
1701129600,55.06,55.42,54.62,54.96,,2023-11-28 00:00:00+00:00
1701144000,54.96,55.32,53.94,55.09,,2023-11-28 04:00:00+00:00
1701158400,55.08,56.35,54.65,56.19,,2023-11-28 08:00:00+00:00
1701172800,56.19,56.42,55.41,56.05,,2023-11-28 12:00:00+00:00
1701187200,56.05,58.4,55.95,58.04,,2023-11-28 16:00:00+00:00
1701201600,58.04,58.65,57.56,58.18,,2023-11-28 20:00:00+00:00
1701216000,58.18,58.85,57.72,58.53,,2023-11-29 00:00:00+00:00
1701230400,58.54,59.64,58.2,59.36,,2023-11-29 04:00:00+00:00
1701244800,59.37,61.78,59.36,60.64,,2023-11-29 08:00:00+00:00
1701259200,60.63,61.62,59.11,60.06,,2023-11-29 12:00:00+00:00
1701273600,60.06,60.39,58.88,60.06,,2023-11-29 16:00:00+00:00
1701288000,60.05,60.26,58.6,59.31,,2023-11-29 20:00:00+00:00
1701302400,59.31,60.75,58.75,60.42,,2023-11-30 00:00:00+00:00
1701316800,60.42,61.25,59.65,60.0,,2023-11-30 04:00:00+00:00
1701331200,60.01,60.94,59.24,60.78,,2023-11-30 08:00:00+00:00
1701345600,60.79,61.7,59.15,59.59,,2023-11-30 12:00:00+00:00
1701360000,59.6,60.0,58.96,59.99,,2023-11-30 16:00:00+00:00
1701374400,59.99,60.18,58.98,59.3,,2023-11-30 20:00:00+00:00
1701388800,59.3,61.08,58.6,60.75,,2023-12-01 00:00:00+00:00
1701403200,60.76,61.3,60.21,60.86,,2023-12-01 04:00:00+00:00
1701417600,60.87,61.9,60.68,61.04,,2023-12-01 08:00:00+00:00
1701432000,61.05,61.2,59.75,60.12,,2023-12-01 12:00:00+00:00
1701446400,60.13,61.66,59.87,60.51,,2023-12-01 16:00:00+00:00
1701460800,60.52,60.71,59.58,59.75,,2023-12-01 20:00:00+00:00
1701475200,59.74,61.15,59.67,61.01,,2023-12-02 00:00:00+00:00
1701489600,61.02,62.65,60.8,62.01,,2023-12-02 04:00:00+00:00
1701504000,62.01,62.48,61.61,62.15,,2023-12-02 08:00:00+00:00
1701518400,62.15,62.56,61.45,61.89,,2023-12-02 12:00:00+00:00
1701532800,61.88,63.32,61.31,62.98,,2023-12-02 16:00:00+00:00
1701547200,62.98,63.9,62.71,63.66,,2023-12-02 20:00:00+00:00
1701561600,63.66,65.53,63.51,64.09,,2023-12-03 00:00:00+00:00
1701576000,64.08,64.3,63.48,63.96,,2023-12-03 04:00:00+00:00
1701590400,63.95,64.13,63.03,63.52,,2023-12-03 08:00:00+00:00
1701604800,63.53,63.62,62.44,62.98,,2023-12-03 12:00:00+00:00
1701619200,62.99,63.02,62.22,62.94,,2023-12-03 16:00:00+00:00
1701633600,62.94,64.1,62.52,62.98,,2023-12-03 20:00:00+00:00
1701648000,62.99,64.88,62.92,64.23,,2023-12-04 00:00:00+00:00
1701662400,64.22,65.25,63.54,63.69,,2023-12-04 04:00:00+00:00
1701676800,63.69,64.35,59.75,62.11,,2023-12-04 08:00:00+00:00
1701691200,62.11,62.27,59.94,60.53,,2023-12-04 12:00:00+00:00
1701705600,60.53,61.31,60.32,61.04,,2023-12-04 16:00:00+00:00
1701720000,61.03,62.1,60.66,61.64,,2023-12-04 20:00:00+00:00
1701734400,61.63,62.17,59.66,60.62,,2023-12-05 00:00:00+00:00
1701748800,60.62,60.66,59.11,59.69,,2023-12-05 04:00:00+00:00
1701763200,59.69,60.44,59.43,60.16,,2023-12-05 08:00:00+00:00
1701777600,60.16,61.64,59.98,60.96,,2023-12-05 12:00:00+00:00
1701792000,60.95,62.6,60.38,61.37,,2023-12-05 16:00:00+00:00
1701806400,61.37,61.63,60.21,61.03,,2023-12-05 20:00:00+00:00
1701820800,61.04,64.47,61.03,64.36,,2023-12-06 00:00:00+00:00
1701835200,64.36,64.66,62.59,63.36,,2023-12-06 04:00:00+00:00
1701849600,63.35,66.68,62.0,63.05,,2023-12-06 08:00:00+00:00
1701864000,63.04,63.75,62.35,62.61,,2023-12-06 12:00:00+00:00
1701878400,62.61,64.45,62.48,64.42,,2023-12-06 16:00:00+00:00
1701892800,64.42,64.6,61.5,61.85,,2023-12-06 20:00:00+00:00
1701907200,61.85,63.97,61.64,62.92,,2023-12-07 00:00:00+00:00
1701921600,62.92,63.84,62.85,63.37,,2023-12-07 04:00:00+00:00
1701936000,63.36,64.32,61.78,64.18,,2023-12-07 08:00:00+00:00
1701950400,64.18,66.18,63.61,65.81,,2023-12-07 12:00:00+00:00
1701964800,65.81,67.49,64.5,64.77,,2023-12-07 16:00:00+00:00
1701979200,64.77,69.37,64.63,67.74,,2023-12-07 20:00:00+00:00
1701993600,67.74,72.29,67.74,71.47,,2023-12-08 00:00:00+00:00
1702008000,71.47,72.87,70.83,71.39,,2023-12-08 04:00:00+00:00
1702022400,71.38,73.78,70.45,72.95,,2023-12-08 08:00:00+00:00
1702036800,72.95,74.3,71.7,72.02,,2023-12-08 12:00:00+00:00
1702051200,72.02,74.08,72.0,72.28,,2023-12-08 16:00:00+00:00
1702065600,72.28,75.3,72.26,74.94,,2023-12-08 20:00:00+00:00
1702080000,74.93,75.53,72.9,74.16,,2023-12-09 00:00:00+00:00
1702094400,74.16,77.78,73.66,76.96,,2023-12-09 04:00:00+00:00
1702108800,76.96,77.5,74.6,77.1,,2023-12-09 08:00:00+00:00
1702123200,77.1,77.46,75.13,75.57,,2023-12-09 12:00:00+00:00
1702137600,75.57,75.84,72.73,74.08,,2023-12-09 16:00:00+00:00
1702152000,74.09,74.32,71.5,72.3,,2023-12-09 20:00:00+00:00
1702166400,72.31,74.0,72.17,73.0,,2023-12-10 00:00:00+00:00
1702180800,73.0,73.61,71.64,72.47,,2023-12-10 04:00:00+00:00
1702195200,72.48,72.75,70.67,71.42,,2023-12-10 08:00:00+00:00
1702209600,71.42,74.64,71.36,73.73,,2023-12-10 12:00:00+00:00
1702224000,73.72,74.1,72.16,73.47,,2023-12-10 16:00:00+00:00
1702238400,73.46,74.89,73.3,74.87,,2023-12-10 20:00:00+00:00
1702252800,74.88,75.0,64.18,70.88,,2023-12-11 00:00:00+00:00
1702267200,70.88,71.2,67.72,68.49,,2023-12-11 04:00:00+00:00
1702281600,68.5,69.96,67.73,69.66,,2023-12-11 08:00:00+00:00
1702296000,69.66,69.85,66.92,69.26,,2023-12-11 12:00:00+00:00
1702310400,69.26,70.88,67.94,69.33,,2023-12-11 16:00:00+00:00
1702324800,69.32,70.6,67.74,70.25,,2023-12-11 20:00:00+00:00
1702339200,70.24,72.42,70.23,71.18,,2023-12-12 00:00:00+00:00
1702353600,71.18,71.78,69.61,71.77,,2023-12-12 04:00:00+00:00
1702368000,71.76,72.2,70.5,70.61,,2023-12-12 08:00:00+00:00
1702382400,70.62,71.79,68.21,68.46,,2023-12-12 12:00:00+00:00
1702396800,68.45,68.78,65.75,67.62,,2023-12-12 16:00:00+00:00
1702411200,67.62,69.09,66.93,68.6,,2023-12-12 20:00:00+00:00
1702425600,68.6,68.76,65.12,65.48,,2023-12-13 00:00:00+00:00
1702440000,65.51,66.28,63.67,64.89,,2023-12-13 04:00:00+00:00
1702454400,64.9,66.6,64.79,65.38,,2023-12-13 08:00:00+00:00
1702468800,65.37,68.17,65.1,67.56,,2023-12-13 12:00:00+00:00
1702483200,67.57,70.58,66.76,70.35,,2023-12-13 16:00:00+00:00
1702497600,70.35,72.6,70.09,70.62,,2023-12-13 20:00:00+00:00
1702512000,70.62,71.05,69.66,70.08,,2023-12-14 00:00:00+00:00
1702526400,70.08,71.94,69.7,71.52,,2023-12-14 04:00:00+00:00
1702540800,71.52,73.7,71.06,73.53,,2023-12-14 08:00:00+00:00
1702555200,73.52,73.87,68.18,71.65,,2023-12-14 12:00:00+00:00
1702569600,71.65,74.48,71.64,73.28,,2023-12-14 16:00:00+00:00
1702584000,73.28,76.24,72.67,75.68,,2023-12-14 20:00:00+00:00
1702598400,75.68,75.85,73.98,74.38,,2023-12-15 00:00:00+00:00
1702612800,74.38,77.05,74.38,76.62,,2023-12-15 04:00:00+00:00
1702627200,76.63,79.31,76.16,79.14,,2023-12-15 08:00:00+00:00
1702641600,79.13,79.5,75.22,76.06,,2023-12-15 12:00:00+00:00
1702656000,76.06,77.49,73.61,76.94,,2023-12-15 16:00:00+00:00
1702670400,76.94,77.23,72.13,72.51,,2023-12-15 20:00:00+00:00
1702684800,72.51,74.41,71.18,74.21,,2023-12-16 00:00:00+00:00
1702699200,74.21,74.59,73.64,74.38,,2023-12-16 04:00:00+00:00
1702713600,74.39,75.15,73.77,75.15,,2023-12-16 08:00:00+00:00
1702728000,75.14,77.22,74.91,77.15,,2023-12-16 12:00:00+00:00
1702742400,77.16,77.17,73.78,74.16,,2023-12-16 16:00:00+00:00
1702756800,74.16,74.58,72.84,73.72,,2023-12-16 20:00:00+00:00
1702771200,73.71,74.12,72.55,73.51,,2023-12-17 00:00:00+00:00
1702785600,73.51,74.24,72.03,72.38,,2023-12-17 04:00:00+00:00
1702800000,72.38,73.32,71.82,73.08,,2023-12-17 08:00:00+00:00
1702814400,73.08,73.29,71.39,72.68,,2023-12-17 12:00:00+00:00
1702828800,72.68,75.05,72.25,73.54,,2023-12-17 16:00:00+00:00
1702843200,73.55,74.22,70.36,70.87,,2023-12-17 20:00:00+00:00
1702857600,70.85,71.97,68.56,69.94,,2023-12-18 00:00:00+00:00
1702872000,69.94,70.21,68.68,68.94,,2023-12-18 04:00:00+00:00
1702886400,68.94,69.95,67.0,69.01,,2023-12-18 08:00:00+00:00
1702900800,69.02,71.85,68.23,70.73,,2023-12-18 12:00:00+00:00
1702915200,70.73,72.69,70.41,72.34,,2023-12-18 16:00:00+00:00
1702929600,72.34,75.46,71.66,74.42,,2023-12-18 20:00:00+00:00
1702944000,74.41,76.09,73.83,75.27,,2023-12-19 00:00:00+00:00
1702958400,75.27,76.37,74.97,75.71,,2023-12-19 04:00:00+00:00
1702972800,75.71,76.11,74.49,74.63,,2023-12-19 08:00:00+00:00
1702987200,74.62,75.13,72.79,73.67,,2023-12-19 12:00:00+00:00
1703001600,73.68,74.39,71.78,74.26,,2023-12-19 16:00:00+00:00
1703016000,74.26,75.42,72.3,73.0,,2023-12-19 20:00:00+00:00
1703030400,73.0,75.11,72.96,74.92,,2023-12-20 00:00:00+00:00
1703044800,74.92,76.18,74.33,76.07,,2023-12-20 04:00:00+00:00
1703059200,76.07,78.6,75.5,77.07,,2023-12-20 08:00:00+00:00
1703073600,77.06,81.25,76.34,80.68,,2023-12-20 12:00:00+00:00
1703088000,80.68,84.14,79.04,81.07,,2023-12-20 16:00:00+00:00
1703102400,81.07,82.46,79.25,82.21,,2023-12-20 20:00:00+00:00
1703116800,82.22,84.69,81.03,83.38,,2023-12-21 00:00:00+00:00
1703131200,83.38,87.14,83.03,86.83,,2023-12-21 04:00:00+00:00
1703145600,86.84,88.42,85.13,87.01,,2023-12-21 08:00:00+00:00
1703160000,87.01,88.71,85.6,87.5,,2023-12-21 12:00:00+00:00
1703174400,87.5,95.35,87.48,92.89,,2023-12-21 16:00:00+00:00
1703188800,92.88,95.54,91.22,93.84,,2023-12-21 20:00:00+00:00
1703203200,93.86,99.5,93.06,97.77,,2023-12-22 00:00:00+00:00
1703217600,97.78,99.28,92.21,93.78,,2023-12-22 04:00:00+00:00
1703232000,93.78,95.23,90.34,93.78,,2023-12-22 08:00:00+00:00
1703246400,93.79,96.8,92.0,96.31,,2023-12-22 12:00:00+00:00
1703260800,96.31,97.63,93.34,96.91,,2023-12-22 16:00:00+00:00
1703275200,96.91,98.42,95.8,97.9,,2023-12-22 20:00:00+00:00
1703289600,97.91,98.22,93.33,93.73,,2023-12-23 00:00:00+00:00
1703304000,93.72,96.52,92.8,95.36,,2023-12-23 04:00:00+00:00
1703318400,95.35,96.4,94.71,95.87,,2023-12-23 08:00:00+00:00
1703332800,95.87,97.3,95.28,96.77,,2023-12-23 12:00:00+00:00
1703347200,96.77,103.82,96.12,102.88,,2023-12-23 16:00:00+00:00
1703361600,102.87,110.0,101.46,107.88,,2023-12-23 20:00:00+00:00
1703376000,107.88,117.69,107.3,116.22,,2023-12-24 00:00:00+00:00
1703390400,116.22,118.1,109.76,114.51,,2023-12-24 04:00:00+00:00
1703404800,114.5,114.7,107.58,110.34,,2023-12-24 08:00:00+00:00
1703419200,110.35,114.44,109.05,113.55,,2023-12-24 12:00:00+00:00
1703433600,113.56,116.8,112.22,115.16,,2023-12-24 16:00:00+00:00
1703448000,115.15,115.5,109.51,112.45,,2023-12-24 20:00:00+00:00
1703462400,112.45,113.07,107.92,112.03,,2023-12-25 00:00:00+00:00
1703476800,112.03,114.46,111.57,112.93,,2023-12-25 04:00:00+00:00
1703491200,112.94,113.65,109.67,111.75,,2023-12-25 08:00:00+00:00
1703505600,111.75,124.3,110.2,123.15,,2023-12-25 12:00:00+00:00
1703520000,123.15,126.36,120.5,121.26,,2023-12-25 16:00:00+00:00
1703534400,121.26,123.99,116.42,120.91,,2023-12-25 20:00:00+00:00
1703548800,120.91,121.36,116.69,119.37,,2023-12-26 00:00:00+00:00
1703563200,119.37,120.69,110.67,113.4,,2023-12-26 04:00:00+00:00
1703577600,113.41,115.85,111.15,114.8,,2023-12-26 08:00:00+00:00
1703592000,114.81,117.16,110.27,110.51,,2023-12-26 12:00:00+00:00
1703606400,110.52,112.91,102.09,106.65,,2023-12-26 16:00:00+00:00
1703620800,106.66,113.07,106.16,112.49,,2023-12-26 20:00:00+00:00
1703635200,112.48,113.6,107.84,108.53,,2023-12-27 00:00:00+00:00
1703649600,108.51,112.75,108.38,111.36,,2023-12-27 04:00:00+00:00
1703664000,111.37,115.3,110.93,112.78,,2023-12-27 08:00:00+00:00
1703678400,112.78,113.24,106.27,107.8,,2023-12-27 12:00:00+00:00
1703692800,107.79,110.67,104.58,109.02,,2023-12-27 16:00:00+00:00
1703707200,109.03,111.0,106.45,106.91,,2023-12-27 20:00:00+00:00
1703721600,106.92,109.66,103.0,104.49,,2023-12-28 00:00:00+00:00
1703736000,104.51,106.45,102.2,105.85,,2023-12-28 04:00:00+00:00
1703750400,105.84,106.15,103.16,104.86,,2023-12-28 08:00:00+00:00
1703764800,104.85,105.09,97.14,99.71,,2023-12-28 12:00:00+00:00
1703779200,99.7,101.65,98.37,101.1,,2023-12-28 16:00:00+00:00
1703793600,101.1,103.97,98.81,101.8,,2023-12-28 20:00:00+00:00
1703808000,101.8,105.91,99.0,104.89,,2023-12-29 00:00:00+00:00
1703822400,104.91,108.59,104.02,105.12,,2023-12-29 04:00:00+00:00
1703836800,105.13,110.0,104.98,107.56,,2023-12-29 08:00:00+00:00
1703851200,107.56,109.77,104.25,105.98,,2023-12-29 12:00:00+00:00
1703865600,105.98,107.96,102.28,105.84,,2023-12-29 16:00:00+00:00
1703880000,105.84,106.34,102.7,106.17,,2023-12-29 20:00:00+00:00
1703894400,106.17,107.47,102.9,103.55,,2023-12-30 00:00:00+00:00
1703908800,103.56,105.01,103.14,103.44,,2023-12-30 04:00:00+00:00
1703923200,103.45,103.47,100.62,102.16,,2023-12-30 08:00:00+00:00
1703937600,102.15,104.37,102.06,104.26,,2023-12-30 12:00:00+00:00
1703952000,104.27,104.97,102.6,103.26,,2023-12-30 16:00:00+00:00
1703966400,103.24,104.31,101.22,101.9,,2023-12-30 20:00:00+00:00
1703980800,101.9,102.93,99.54,100.65,,2023-12-31 00:00:00+00:00
1703995200,100.63,104.88,100.43,103.98,,2023-12-31 04:00:00+00:00
1704009600,103.98,105.18,103.38,104.26,,2023-12-31 08:00:00+00:00
1704024000,104.27,105.21,102.15,102.49,,2023-12-31 12:00:00+00:00
1704038400,102.49,104.48,102.3,103.77,,2023-12-31 16:00:00+00:00
1704052800,103.77,105.08,99.78,101.72,,2023-12-31 20:00:00+00:00
1704067200,101.72,104.75,101.51,103.07,,2024-01-01 00:00:00+00:00
1704081600,103.07,103.98,101.44,102.51,,2024-01-01 04:00:00+00:00
1704096000,102.49,104.95,101.78,104.32,,2024-01-01 08:00:00+00:00
1704110400,104.33,106.39,103.86,105.98,,2024-01-01 12:00:00+00:00
1704124800,105.99,109.07,105.83,108.81,,2024-01-01 16:00:00+00:00
1704139200,108.82,109.93,107.12,109.91,,2024-01-01 20:00:00+00:00
1704153600,109.93,113.15,108.46,111.41,,2024-01-02 00:00:00+00:00
1704168000,111.41,114.7,110.89,114.47,,2024-01-02 04:00:00+00:00
1704182400,114.47,116.95,112.55,113.86,,2024-01-02 08:00:00+00:00
1704196800,113.86,114.38,107.66,109.61,,2024-01-02 12:00:00+00:00
1704211200,109.62,110.48,106.36,107.67,,2024-01-02 16:00:00+00:00
1704225600,107.67,108.9,106.02,106.73,,2024-01-02 20:00:00+00:00
1704240000,106.72,108.7,106.48,108.11,,2024-01-03 00:00:00+00:00
1704254400,108.11,109.9,107.09,107.81,,2024-01-03 04:00:00+00:00
1704268800,107.8,109.38,102.3,103.42,,2024-01-03 08:00:00+00:00
1704283200,103.42,103.47,85.0,102.06,,2024-01-03 12:00:00+00:00
1704297600,102.03,103.3,95.21,97.38,,2024-01-03 16:00:00+00:00
1704312000,97.38,100.52,97.22,98.52,,2024-01-03 20:00:00+00:00
1704326400,98.52,102.0,97.54,101.1,,2024-01-04 00:00:00+00:00
1704340800,101.1,101.67,98.75,98.88,,2024-01-04 04:00:00+00:00
1704355200,98.89,99.26,96.6,98.51,,2024-01-04 08:00:00+00:00
1704369600,98.51,104.4,97.98,103.66,,2024-01-04 12:00:00+00:00
1704384000,103.66,106.86,101.49,105.16,,2024-01-04 16:00:00+00:00
1704398400,105.16,108.15,104.29,104.91,,2024-01-04 20:00:00+00:00
1704412800,104.91,105.48,98.5,100.95,,2024-01-05 00:00:00+00:00
1704427200,100.92,102.23,99.99,101.15,,2024-01-05 04:00:00+00:00
1704441600,101.16,103.17,99.07,99.62,,2024-01-05 08:00:00+00:00
1704456000,99.63,101.44,96.72,98.03,,2024-01-05 12:00:00+00:00
1704470400,98.03,98.89,95.23,97.95,,2024-01-05 16:00:00+00:00
1704484800,97.96,100.47,97.68,99.94,,2024-01-05 20:00:00+00:00
1704499200,99.93,100.3,97.76,98.66,,2024-01-06 00:00:00+00:00
1704513600,98.66,98.92,91.53,94.5,,2024-01-06 04:00:00+00:00
1704528000,94.51,95.7,93.7,94.45,,2024-01-06 08:00:00+00:00
1704542400,94.45,96.57,92.82,95.18,,2024-01-06 12:00:00+00:00
1704556800,95.18,97.24,94.52,95.05,,2024-01-06 16:00:00+00:00
1704571200,95.05,95.65,92.23,93.77,,2024-01-06 20:00:00+00:00
1704585600,93.77,96.3,91.0,92.9,,2024-01-07 00:00:00+00:00
1704600000,92.9,95.75,92.53,95.25,,2024-01-07 04:00:00+00:00
1704614400,95.26,95.62,92.91,94.53,,2024-01-07 08:00:00+00:00
1704628800,94.53,96.8,93.19,93.96,,2024-01-07 12:00:00+00:00
1704643200,93.96,95.0,93.0,94.75,,2024-01-07 16:00:00+00:00
1704657600,94.76,95.31,87.68,89.44,,2024-01-07 20:00:00+00:00
1704672000,89.44,90.9,85.16,87.25,,2024-01-08 00:00:00+00:00
1704686400,87.24,91.0,86.91,89.68,,2024-01-08 04:00:00+00:00
1704700800,89.68,92.24,88.48,92.23,,2024-01-08 08:00:00+00:00
1704715200,92.23,95.56,92.2,94.67,,2024-01-08 12:00:00+00:00
1704729600,94.69,99.97,93.76,99.26,,2024-01-08 16:00:00+00:00
1704744000,99.26,99.43,96.4,97.88,,2024-01-08 20:00:00+00:00
1704758400,97.88,99.8,95.25,99.79,,2024-01-09 00:00:00+00:00
1704772800,99.8,103.95,99.47,101.87,,2024-01-09 04:00:00+00:00
1704787200,101.87,102.67,99.49,101.88,,2024-01-09 08:00:00+00:00
1704801600,101.88,102.38,95.91,99.8,,2024-01-09 12:00:00+00:00
1704816000,99.79,101.44,98.17,99.29,,2024-01-09 16:00:00+00:00
1704830400,99.3,104.89,95.5,99.36,,2024-01-09 20:00:00+00:00
1704844800,99.36,100.21,97.53,99.65,,2024-01-10 00:00:00+00:00
1704859200,99.65,100.42,98.01,98.12,,2024-01-10 04:00:00+00:00
1704873600,98.13,98.27,96.28,97.31,,2024-01-10 08:00:00+00:00
1704888000,97.32,97.74,91.68,94.78,,2024-01-10 12:00:00+00:00
1704902400,94.77,98.39,93.99,96.31,,2024-01-10 16:00:00+00:00
1704916800,96.3,105.52,93.0,102.0,,2024-01-10 20:00:00+00:00
1704931200,101.99,102.15,99.16,100.32,,2024-01-11 00:00:00+00:00
1704945600,100.32,101.73,98.0,99.72,,2024-01-11 04:00:00+00:00
1704960000,99.71,104.59,99.55,104.43,,2024-01-11 08:00:00+00:00
1704974400,104.44,107.32,99.0,100.79,,2024-01-11 12:00:00+00:00
1704988800,100.79,101.53,97.67,101.36,,2024-01-11 16:00:00+00:00
1705003200,101.36,102.4,99.07,99.9,,2024-01-11 20:00:00+00:00
1705017600,99.89,100.34,97.47,97.73,,2024-01-12 00:00:00+00:00
1705032000,97.72,100.49,97.65,98.83,,2024-01-12 04:00:00+00:00
1705046400,98.83,99.13,97.58,98.22,,2024-01-12 08:00:00+00:00
1705060800,98.22,99.3,95.0,95.32,,2024-01-12 12:00:00+00:00
1705075200,95.33,96.69,92.68,95.21,,2024-01-12 16:00:00+00:00
1705089600,95.22,95.91,87.0,92.12,,2024-01-12 20:00:00+00:00
1705104000,92.14,92.65,89.51,91.08,,2024-01-13 00:00:00+00:00
1705118400,91.08,93.31,90.92,92.56,,2024-01-13 04:00:00+00:00
1705132800,92.56,93.19,91.52,92.24,,2024-01-13 08:00:00+00:00
1705147200,92.23,93.35,91.09,92.89,,2024-01-13 12:00:00+00:00
1705161600,92.9,95.7,91.57,94.8,,2024-01-13 16:00:00+00:00
1705176000,94.8,97.05,94.7,95.85,,2024-01-13 20:00:00+00:00
1705190400,95.85,96.99,94.32,96.93,,2024-01-14 00:00:00+00:00
1705204800,96.92,98.85,95.97,98.28,,2024-01-14 04:00:00+00:00
1705219200,98.28,98.6,96.59,96.74,,2024-01-14 08:00:00+00:00
1705233600,96.75,99.74,96.26,99.49,,2024-01-14 12:00:00+00:00
1705248000,99.49,102.87,96.0,96.14,,2024-01-14 16:00:00+00:00
1705262400,96.14,97.71,93.62,93.81,,2024-01-14 20:00:00+00:00
1705276800,93.81,96.96,93.81,95.9,,2024-01-15 00:00:00+00:00
1705291200,95.9,96.82,94.89,95.59,,2024-01-15 04:00:00+00:00
1705305600,95.58,95.98,94.41,95.52,,2024-01-15 08:00:00+00:00
1705320000,95.51,95.79,92.97,93.51,,2024-01-15 12:00:00+00:00
1705334400,93.5,96.82,93.26,96.01,,2024-01-15 16:00:00+00:00
1705348800,96.02,96.5,93.1,94.36,,2024-01-15 20:00:00+00:00
1705363200,94.35,96.24,94.34,96.19,,2024-01-16 00:00:00+00:00
1705377600,96.19,98.22,95.29,97.73,,2024-01-16 04:00:00+00:00
1705392000,97.73,98.29,96.27,96.7,,2024-01-16 08:00:00+00:00
1705406400,96.7,97.74,94.16,97.25,,2024-01-16 12:00:00+00:00
1705420800,97.25,97.85,96.1,96.78,,2024-01-16 16:00:00+00:00
1705435200,96.78,98.73,96.71,97.61,,2024-01-16 20:00:00+00:00
1705449600,97.6,101.09,97.31,99.96,,2024-01-17 00:00:00+00:00
1705464000,99.96,100.36,97.09,97.32,,2024-01-17 04:00:00+00:00
1705478400,97.32,102.8,96.5,102.02,,2024-01-17 08:00:00+00:00
1705492800,102.01,102.75,99.15,99.38,,2024-01-17 12:00:00+00:00
1705507200,99.37,101.3,97.25,100.79,,2024-01-17 16:00:00+00:00
1705521600,100.79,102.35,100.0,102.1,,2024-01-17 20:00:00+00:00
1705536000,102.1,103.59,99.54,99.91,,2024-01-18 00:00:00+00:00
1705550400,99.91,101.5,99.46,100.76,,2024-01-18 04:00:00+00:00
1705564800,100.75,101.27,98.27,98.96,,2024-01-18 08:00:00+00:00
1705579200,98.95,99.25,97.76,98.25,,2024-01-18 12:00:00+00:00
1705593600,98.25,98.26,91.41,92.36,,2024-01-18 16:00:00+00:00
1705608000,92.37,94.88,92.21,94.4,,2024-01-18 20:00:00+00:00
1705622400,94.39,94.79,91.47,93.09,,2024-01-19 00:00:00+00:00
1705636800,93.09,95.39,92.85,94.48,,2024-01-19 04:00:00+00:00
1705651200,94.49,95.47,93.83,94.78,,2024-01-19 08:00:00+00:00
1705665600,94.78,94.78,90.71,91.2,,2024-01-19 12:00:00+00:00
1705680000,91.21,94.73,87.04,94.12,,2024-01-19 16:00:00+00:00
1705694400,94.12,94.95,92.71,93.62,,2024-01-19 20:00:00+00:00
1705708800,93.62,94.27,92.04,93.58,,2024-01-20 00:00:00+00:00
1705723200,93.59,93.69,91.68,91.9,,2024-01-20 04:00:00+00:00
1705737600,91.89,92.33,91.1,91.98,,2024-01-20 08:00:00+00:00
1705752000,91.98,92.25,90.2,90.84,,2024-01-20 12:00:00+00:00
1705766400,90.84,92.58,90.72,92.01,,2024-01-20 16:00:00+00:00
1705780800,92.02,93.44,91.78,92.88,,2024-01-20 20:00:00+00:00
1705795200,92.88,93.38,91.84,92.92,,2024-01-21 00:00:00+00:00
1705809600,92.93,93.06,91.83,92.35,,2024-01-21 04:00:00+00:00
1705824000,92.35,93.93,92.2,93.16,,2024-01-21 08:00:00+00:00
1705838400,93.17,93.74,91.99,92.5,,2024-01-21 12:00:00+00:00
1705852800,92.51,92.89,91.67,92.46,,2024-01-21 16:00:00+00:00
1705867200,92.46,92.61,90.79,91.09,,2024-01-21 20:00:00+00:00
1705881600,91.08,91.9,88.15,89.34,,2024-01-22 00:00:00+00:00
1705896000,89.35,90.17,88.2,89.22,,2024-01-22 04:00:00+00:00
1705910400,89.22,89.22,86.2,88.36,,2024-01-22 08:00:00+00:00
1705924800,88.36,90.0,85.65,87.26,,2024-01-22 12:00:00+00:00
1705939200,87.29,87.67,82.06,83.64,,2024-01-22 16:00:00+00:00
1705953600,83.64,86.35,83.17,83.84,,2024-01-22 20:00:00+00:00
1705968000,83.84,85.9,83.6,85.18,,2024-01-23 00:00:00+00:00
1705982400,85.18,86.0,82.24,82.83,,2024-01-23 04:00:00+00:00
1705996800,82.82,83.5,79.0,80.22,,2024-01-23 08:00:00+00:00
1706011200,80.21,83.4,79.0,82.71,,2024-01-23 12:00:00+00:00
1706025600,82.71,84.0,80.84,80.92,,2024-01-23 16:00:00+00:00
1706040000,80.92,84.44,80.41,84.35,,2024-01-23 20:00:00+00:00
1706054400,84.36,85.78,83.39,83.55,,2024-01-24 00:00:00+00:00
1706068800,83.57,86.84,83.3,86.16,,2024-01-24 04:00:00+00:00
1706083200,86.16,88.57,85.94,87.21,,2024-01-24 08:00:00+00:00
1706097600,87.22,88.0,85.24,86.99,,2024-01-24 12:00:00+00:00
1706112000,86.99,87.85,85.54,86.37,,2024-01-24 16:00:00+00:00
1706126400,86.36,89.47,85.9,88.77,,2024-01-24 20:00:00+00:00
1706140800,88.77,89.64,87.69,88.35,,2024-01-25 00:00:00+00:00
1706155200,88.34,88.65,86.74,88.2,,2024-01-25 04:00:00+00:00
1706169600,88.19,89.37,86.55,89.03,,2024-01-25 08:00:00+00:00
1706184000,89.03,89.3,86.01,86.41,,2024-01-25 12:00:00+00:00
1706198400,86.42,88.19,85.09,87.75,,2024-01-25 16:00:00+00:00
1706212800,87.75,87.83,86.45,86.91,,2024-01-25 20:00:00+00:00
1706227200,86.9,88.3,85.96,87.96,,2024-01-26 00:00:00+00:00
1706241600,87.96,88.5,86.71,87.02,,2024-01-26 04:00:00+00:00
1706256000,87.03,92.4,87.01,91.95,,2024-01-26 08:00:00+00:00
1706270400,91.96,92.68,90.12,92.42,,2024-01-26 12:00:00+00:00
1706284800,92.42,93.72,92.22,92.84,,2024-01-26 16:00:00+00:00
1706299200,92.83,93.72,91.7,92.28,,2024-01-26 20:00:00+00:00
1706313600,92.29,93.78,92.06,92.69,,2024-01-27 00:00:00+00:00
1706328000,92.7,92.81,90.78,91.2,,2024-01-27 04:00:00+00:00
1706342400,91.21,92.29,90.68,92.02,,2024-01-27 08:00:00+00:00
1706356800,92.02,92.99,91.64,92.83,,2024-01-27 12:00:00+00:00
1706371200,92.83,93.44,92.19,93.1,,2024-01-27 16:00:00+00:00
1706385600,93.11,94.5,92.86,94.28,,2024-01-27 20:00:00+00:00
1706400000,94.27,96.76,93.31,96.65,,2024-01-28 00:00:00+00:00
1706414400,96.65,97.38,95.24,95.76,,2024-01-28 04:00:00+00:00
1706428800,95.76,99.44,95.55,98.4,,2024-01-28 08:00:00+00:00
1706443200,98.4,98.6,96.64,97.07,,2024-01-28 12:00:00+00:00
1706457600,97.07,97.92,93.94,94.49,,2024-01-28 16:00:00+00:00
1706472000,94.48,96.35,93.45,95.98,,2024-01-28 20:00:00+00:00
1706486400,95.99,98.99,95.06,97.85,,2024-01-29 00:00:00+00:00
1706500800,97.85,97.99,96.21,96.72,,2024-01-29 04:00:00+00:00
1706515200,96.72,97.99,96.26,97.44,,2024-01-29 08:00:00+00:00
1706529600,97.44,100.29,95.5,99.92,,2024-01-29 12:00:00+00:00
1706544000,99.91,101.79,98.97,100.54,,2024-01-29 16:00:00+00:00
1706558400,100.54,101.98,100.51,101.68,,2024-01-29 20:00:00+00:00
1706572800,101.67,103.8,100.95,102.12,,2024-01-30 00:00:00+00:00
1706587200,102.11,103.42,101.71,102.89,,2024-01-30 04:00:00+00:00
1706601600,102.88,106.4,102.4,106.07,,2024-01-30 08:00:00+00:00
1706616000,106.07,106.49,103.52,104.78,,2024-01-30 12:00:00+00:00
1706630400,104.77,105.69,103.25,105.27,,2024-01-30 16:00:00+00:00
1706644800,105.27,105.6,101.0,101.4,,2024-01-30 20:00:00+00:00
1706659200,101.4,101.95,98.66,101.13,,2024-01-31 00:00:00+00:00
1706673600,101.13,101.82,100.02,101.66,,2024-01-31 04:00:00+00:00
1706688000,101.65,101.95,97.34,99.15,,2024-01-31 08:00:00+00:00
1706702400,99.15,101.9,97.52,101.55,,2024-01-31 12:00:00+00:00
1706716800,101.54,102.73,99.63,100.99,,2024-01-31 16:00:00+00:00
1706731200,100.99,101.23,95.9,96.96,,2024-01-31 20:00:00+00:00
1706745600,96.96,97.69,93.34,93.6,,2024-02-01 00:00:00+00:00
1706760000,93.6,95.79,93.11,94.94,,2024-02-01 04:00:00+00:00
1706774400,94.93,96.75,94.61,95.46,,2024-02-01 08:00:00+00:00
1706788800,95.45,97.5,94.67,96.0,,2024-02-01 12:00:00+00:00
1706803200,96.0,97.97,94.68,97.87,,2024-02-01 16:00:00+00:00
1706817600,97.87,98.11,96.91,97.81,,2024-02-01 20:00:00+00:00
1706832000,97.81,100.05,97.39,98.97,,2024-02-02 00:00:00+00:00
1706846400,98.98,101.53,98.41,101.21,,2024-02-02 04:00:00+00:00
1706860800,101.21,102.35,99.92,101.97,,2024-02-02 08:00:00+00:00
1706875200,101.97,102.57,98.32,101.3,,2024-02-02 12:00:00+00:00
1706889600,101.3,102.2,98.23,99.46,,2024-02-02 16:00:00+00:00
1706904000,99.47,100.84,98.89,100.58,,2024-02-02 20:00:00+00:00
1706918400,100.57,101.24,99.15,99.23,,2024-02-03 00:00:00+00:00
1706932800,99.23,100.09,98.0,99.11,,2024-02-03 04:00:00+00:00
1706947200,99.11,99.38,98.38,98.66,,2024-02-03 08:00:00+00:00
1706961600,98.65,98.95,96.53,98.0,,2024-02-03 12:00:00+00:00
1706976000,98.0,98.76,97.2,98.16,,2024-02-03 16:00:00+00:00
1706990400,98.16,98.47,97.57,97.96,,2024-02-03 20:00:00+00:00
1707004800,97.95,98.59,96.86,98.35,,2024-02-04 00:00:00+00:00
1707019200,98.35,98.36,96.13,96.51,,2024-02-04 04:00:00+00:00
1707033600,96.51,98.26,95.9,97.91,,2024-02-04 08:00:00+00:00
1707048000,97.91,98.4,97.22,97.62,,2024-02-04 12:00:00+00:00
1707062400,97.62,97.68,96.13,96.35,,2024-02-04 16:00:00+00:00
1707076800,96.34,97.02,95.08,95.49,,2024-02-04 20:00:00+00:00
1707091200,95.48,96.2,94.11,96.04,,2024-02-05 00:00:00+00:00
1707105600,96.04,98.04,95.8,97.62,,2024-02-05 04:00:00+00:00
1707120000,97.61,98.24,96.91,97.88,,2024-02-05 08:00:00+00:00
1707134400,97.88,98.7,95.23,95.6,,2024-02-05 12:00:00+00:00
1707148800,95.61,96.53,95.34,95.94,,2024-02-05 16:00:00+00:00
1707163200,95.94,96.12,94.25,95.66,,2024-02-05 20:00:00+00:00
1707177600,95.66,96.79,95.22,96.01,,2024-02-06 00:00:00+00:00
1707192000,96.01,96.1,94.89,95.77,,2024-02-06 04:00:00+00:00
1707206400,95.76,96.35,92.88,94.29,,2024-02-06 08:00:00+00:00
1707220800,94.29,95.85,93.32,95.76,,2024-02-06 12:00:00+00:00
1707235200,95.76,97.67,95.11,97.58,,2024-02-06 16:00:00+00:00
1707249600,97.58,97.88,96.69,96.88,,2024-02-06 20:00:00+00:00
1707264000,96.87,97.45,95.47,95.5,,2024-02-07 00:00:00+00:00
1707278400,95.51,96.2,95.01,95.57,,2024-02-07 04:00:00+00:00
1707292800,95.58,96.0,94.62,95.14,,2024-02-07 08:00:00+00:00
1707307200,95.14,96.67,95.1,96.26,,2024-02-07 12:00:00+00:00
1707321600,96.26,98.12,96.14,97.08,,2024-02-07 16:00:00+00:00
1707336000,97.09,101.58,97.08,101.14,,2024-02-07 20:00:00+00:00
1707350400,101.14,102.54,100.92,101.77,,2024-02-08 00:00:00+00:00
1707364800,101.76,102.04,100.51,100.83,,2024-02-08 04:00:00+00:00
1707379200,100.82,102.32,100.78,101.24,,2024-02-08 08:00:00+00:00
1707393600,101.24,104.98,101.0,104.83,,2024-02-08 12:00:00+00:00
1707408000,104.83,104.92,101.75,102.31,,2024-02-08 16:00:00+00:00
1707422400,102.3,103.4,102.3,102.76,,2024-02-08 20:00:00+00:00
1707436800,102.77,105.77,102.76,104.35,,2024-02-09 00:00:00+00:00
1707451200,104.34,105.74,103.78,105.28,,2024-02-09 04:00:00+00:00
1707465600,105.28,106.4,103.88,105.89,,2024-02-09 08:00:00+00:00
1707480000,105.89,107.0,104.06,105.64,,2024-02-09 12:00:00+00:00
1707494400,105.64,106.48,104.34,104.99,,2024-02-09 16:00:00+00:00
1707508800,104.99,109.13,104.83,106.94,,2024-02-09 20:00:00+00:00
1707523200,106.94,110.71,106.86,110.67,,2024-02-10 00:00:00+00:00
1707537600,110.67,110.86,108.67,108.87,,2024-02-10 04:00:00+00:00
1707552000,108.86,109.65,107.22,108.14,,2024-02-10 08:00:00+00:00
1707566400,108.14,108.81,107.15,108.53,,2024-02-10 12:00:00+00:00
1707580800,108.54,109.58,107.77,109.19,,2024-02-10 16:00:00+00:00
1707595200,109.18,110.42,108.61,109.01,,2024-02-10 20:00:00+00:00
1707609600,109.01,109.75,107.75,109.43,,2024-02-11 00:00:00+00:00
1707624000,109.43,109.93,108.75,109.22,,2024-02-11 04:00:00+00:00
1707638400,109.21,110.33,108.55,109.72,,2024-02-11 08:00:00+00:00
1707652800,109.71,110.67,108.67,108.82,,2024-02-11 12:00:00+00:00
1707667200,108.81,109.11,107.65,108.19,,2024-02-11 16:00:00+00:00
1707681600,108.19,108.79,107.24,107.46,,2024-02-11 20:00:00+00:00
1707696000,107.46,109.34,104.56,106.27,,2024-02-12 00:00:00+00:00
1707710400,106.28,106.41,104.63,105.93,,2024-02-12 04:00:00+00:00
1707724800,105.92,106.34,103.4,104.21,,2024-02-12 08:00:00+00:00
1707739200,104.21,109.03,103.79,108.86,,2024-02-12 12:00:00+00:00
1707753600,108.87,111.3,107.56,109.79,,2024-02-12 16:00:00+00:00
1707768000,109.79,112.22,109.67,111.64,,2024-02-12 20:00:00+00:00
1707782400,111.65,114.99,111.64,113.02,,2024-02-13 00:00:00+00:00
1707796800,113.02,114.63,112.99,114.02,,2024-02-13 04:00:00+00:00
1707811200,114.02,115.15,112.28,114.14,,2024-02-13 08:00:00+00:00
1707825600,114.13,114.21,108.89,110.31,,2024-02-13 12:00:00+00:00
1707840000,110.33,112.32,108.25,111.51,,2024-02-13 16:00:00+00:00
1707854400,111.52,113.76,111.47,112.48,,2024-02-13 20:00:00+00:00
1707868800,112.49,112.54,110.61,111.86,,2024-02-14 00:00:00+00:00
1707883200,111.87,113.31,111.2,113.06,,2024-02-14 04:00:00+00:00
1707897600,113.06,116.4,112.76,115.66,,2024-02-14 08:00:00+00:00
1707912000,115.66,118.69,115.05,116.88,,2024-02-14 12:00:00+00:00
1707926400,116.89,117.0,115.0,116.06,,2024-02-14 16:00:00+00:00
1707940800,116.05,117.32,115.93,116.97,,2024-02-14 20:00:00+00:00
1707955200,116.97,118.39,115.92,117.23,,2024-02-15 00:00:00+00:00
1707969600,117.23,117.27,114.54,115.01,,2024-02-15 04:00:00+00:00
1707984000,115.0,117.02,114.72,116.07,,2024-02-15 08:00:00+00:00
1707998400,116.06,117.28,112.97,114.05,,2024-02-15 12:00:00+00:00
1708012800,114.04,115.06,112.88,114.02,,2024-02-15 16:00:00+00:00
1708027200,114.0,114.39,111.51,113.5,,2024-02-15 20:00:00+00:00
1708041600,113.5,114.25,112.12,113.84,,2024-02-16 00:00:00+00:00
1708056000,113.84,113.98,111.39,111.48,,2024-02-16 04:00:00+00:00
1708070400,111.47,112.69,110.06,112.11,,2024-02-16 08:00:00+00:00
1708084800,112.11,113.19,107.94,109.67,,2024-02-16 12:00:00+00:00
1708099200,109.67,110.42,108.17,108.65,,2024-02-16 16:00:00+00:00
1708113600,108.65,110.71,108.35,110.33,,2024-02-16 20:00:00+00:00
1708128000,110.32,111.08,109.16,109.89,,2024-02-17 00:00:00+00:00
1708142400,109.89,110.44,108.62,110.34,,2024-02-17 04:00:00+00:00
1708156800,110.34,110.81,108.37,109.38,,2024-02-17 08:00:00+00:00
1708171200,109.38,109.55,105.0,107.2,,2024-02-17 12:00:00+00:00
1708185600,107.19,108.07,106.47,108.01,,2024-02-17 16:00:00+00:00
1708200000,108.01,109.66,107.75,108.92,,2024-02-17 20:00:00+00:00
1708214400,108.92,109.76,107.51,108.38,,2024-02-18 00:00:00+00:00
1708228800,108.38,110.0,108.04,109.23,,2024-02-18 04:00:00+00:00
1708243200,109.23,112.97,108.82,111.78,,2024-02-18 08:00:00+00:00
1708257600,111.78,112.48,110.68,112.32,,2024-02-18 12:00:00+00:00
1708272000,112.32,114.04,111.7,112.73,,2024-02-18 16:00:00+00:00
1708286400,112.73,113.64,111.87,112.24,,2024-02-18 20:00:00+00:00
1708300800,112.25,112.92,111.21,111.68,,2024-02-19 00:00:00+00:00
1708315200,111.67,113.65,111.14,113.22,,2024-02-19 04:00:00+00:00
1708329600,113.23,113.37,110.75,112.67,,2024-02-19 08:00:00+00:00
1708344000,112.67,114.87,111.72,113.69,,2024-02-19 12:00:00+00:00
1708358400,113.69,114.17,111.48,111.94,,2024-02-19 16:00:00+00:00
1708372800,111.93,113.06,111.1,111.53,,2024-02-19 20:00:00+00:00
1708387200,111.53,112.11,109.07,109.48,,2024-02-20 00:00:00+00:00
1708401600,109.49,111.11,108.0,109.42,,2024-02-20 04:00:00+00:00
1708416000,109.41,110.82,108.06,110.42,,2024-02-20 08:00:00+00:00
1708430400,110.41,110.75,103.0,106.62,,2024-02-20 12:00:00+00:00
1708444800,106.62,107.6,104.69,107.33,,2024-02-20 16:00:00+00:00
1708459200,107.32,109.8,106.72,108.31,,2024-02-20 20:00:00+00:00
1708473600,108.32,108.4,106.39,106.63,,2024-02-21 00:00:00+00:00
1708488000,106.63,107.05,104.36,104.85,,2024-02-21 04:00:00+00:00
1708502400,104.85,105.6,102.28,102.73,,2024-02-21 08:00:00+00:00
1708516800,102.73,104.37,101.01,103.86,,2024-02-21 12:00:00+00:00
1708531200,103.86,104.49,100.23,102.04,,2024-02-21 16:00:00+00:00
1708545600,102.04,105.69,101.39,105.03,,2024-02-21 20:00:00+00:00
1708560000,105.04,105.09,102.07,103.58,,2024-02-22 00:00:00+00:00
1708574400,103.59,105.42,103.21,105.07,,2024-02-22 04:00:00+00:00
1708588800,105.08,107.1,104.85,105.84,,2024-02-22 08:00:00+00:00
1708603200,105.83,106.15,103.18,105.39,,2024-02-22 12:00:00+00:00
1708617600,105.4,105.47,103.33,103.54,,2024-02-22 16:00:00+00:00
1708632000,103.55,105.33,101.53,101.76,,2024-02-22 20:00:00+00:00
1708646400,101.75,102.87,101.0,101.83,,2024-02-23 00:00:00+00:00
1708660800,101.82,103.1,101.39,101.98,,2024-02-23 04:00:00+00:00
1708675200,101.98,103.01,101.2,102.67,,2024-02-23 08:00:00+00:00
1708689600,102.68,102.91,100.18,100.29,,2024-02-23 12:00:00+00:00
1708704000,100.29,101.7,98.64,101.39,,2024-02-23 16:00:00+00:00
1708718400,101.4,101.76,98.86,99.9,,2024-02-23 20:00:00+00:00
1708732800,99.91,100.77,98.48,100.23,,2024-02-24 00:00:00+00:00
1708747200,100.22,102.31,100.18,102.24,,2024-02-24 04:00:00+00:00
1708761600,102.24,102.8,101.53,102.13,,2024-02-24 08:00:00+00:00
1708776000,102.14,102.58,101.7,101.95,,2024-02-24 12:00:00+00:00
1708790400,101.96,104.16,101.91,104.05,,2024-02-24 16:00:00+00:00
1708804800,104.05,104.85,103.68,104.01,,2024-02-24 20:00:00+00:00
1708819200,104.02,104.43,102.18,103.38,,2024-02-25 00:00:00+00:00
1708833600,103.38,103.67,102.7,103.03,,2024-02-25 04:00:00+00:00
1708848000,103.02,103.1,102.0,102.8,,2024-02-25 08:00:00+00:00
1708862400,102.79,103.8,102.29,102.78,,2024-02-25 12:00:00+00:00
1708876800,102.78,103.7,102.17,103.36,,2024-02-25 16:00:00+00:00
1708891200,103.37,104.34,103.01,103.47,,2024-02-25 20:00:00+00:00
1708905600,103.47,104.8,102.26,103.49,,2024-02-26 00:00:00+00:00
1708920000,103.48,104.25,102.92,103.3,,2024-02-26 04:00:00+00:00
1708934400,103.3,104.15,100.6,100.95,,2024-02-26 08:00:00+00:00
1708948800,100.95,105.05,100.29,104.97,,2024-02-26 12:00:00+00:00
1708963200,104.96,110.27,104.53,109.69,,2024-02-26 16:00:00+00:00
1708977600,109.7,110.89,108.4,109.9,,2024-02-26 20:00:00+00:00
1708992000,109.9,112.3,109.21,110.17,,2024-02-27 00:00:00+00:00
1709006400,110.16,111.48,108.95,110.41,,2024-02-27 04:00:00+00:00
1709020800,110.42,112.18,110.42,111.5,,2024-02-27 08:00:00+00:00
1709035200,111.49,112.0,106.15,106.81,,2024-02-27 12:00:00+00:00
1709049600,106.81,108.44,105.29,108.41,,2024-02-27 16:00:00+00:00
1709064000,108.41,109.34,107.53,108.36,,2024-02-27 20:00:00+00:00
1709078400,108.35,109.32,107.25,107.56,,2024-02-28 00:00:00+00:00
1709092800,107.57,110.19,107.54,110.08,,2024-02-28 04:00:00+00:00
1709107200,110.09,114.98,109.21,111.39,,2024-02-28 08:00:00+00:00
1709121600,111.39,113.33,110.48,113.07,,2024-02-28 12:00:00+00:00
1709136000,113.08,116.86,106.85,111.34,,2024-02-28 16:00:00+00:00
1709150400,111.33,119.06,110.1,119.03,,2024-02-28 20:00:00+00:00
1709164800,119.03,124.34,117.15,123.52,,2024-02-29 00:00:00+00:00
1709179200,123.51,126.0,121.47,125.49,,2024-02-29 04:00:00+00:00
1709193600,125.5,132.94,125.2,129.18,,2024-02-29 08:00:00+00:00
1709208000,129.17,134.65,126.99,132.32,,2024-02-29 12:00:00+00:00
1709222400,132.33,133.03,126.33,130.19,,2024-02-29 16:00:00+00:00
1709236800,130.18,131.92,122.5,125.68,,2024-02-29 20:00:00+00:00
1709251200,125.68,137.2,125.61,133.94,,2024-03-01 00:00:00+00:00
1709265600,133.95,137.8,131.59,131.92,,2024-03-01 04:00:00+00:00
1709280000,131.91,135.47,130.75,135.37,,2024-03-01 08:00:00+00:00
1709294400,135.37,135.37,130.23,131.18,,2024-03-01 12:00:00+00:00
1709308800,131.18,133.7,129.35,130.93,,2024-03-01 16:00:00+00:00
1709323200,130.92,131.78,129.32,129.43,,2024-03-01 20:00:00+00:00
1709337600,129.43,131.69,127.2,130.06,,2024-03-02 00:00:00+00:00
1709352000,130.06,130.71,127.8,129.16,,2024-03-02 04:00:00+00:00
1709366400,129.16,130.53,127.28,128.69,,2024-03-02 08:00:00+00:00
1709380800,128.69,130.44,127.35,127.91,,2024-03-02 12:00:00+00:00
1709395200,127.92,130.79,127.46,130.63,,2024-03-02 16:00:00+00:00
1709409600,130.63,131.46,128.19,130.02,,2024-03-02 20:00:00+00:00
1709424000,130.03,130.73,128.23,130.15,,2024-03-03 00:00:00+00:00
1709438400,130.14,130.56,124.17,126.76,,2024-03-03 04:00:00+00:00
1709452800,126.77,131.35,125.0,128.71,,2024-03-03 08:00:00+00:00
1709467200,128.7,129.6,127.5,129.36,,2024-03-03 12:00:00+00:00
1709481600,129.35,131.14,128.77,130.17,,2024-03-03 16:00:00+00:00
1709496000,130.17,132.11,129.48,130.16,,2024-03-03 20:00:00+00:00
1709510400,130.16,133.0,128.42,128.98,,2024-03-04 00:00:00+00:00
1709524800,128.97,129.89,128.5,129.6,,2024-03-04 04:00:00+00:00
1709539200,129.61,134.95,129.47,132.58,,2024-03-04 08:00:00+00:00
1709553600,132.59,133.71,129.35,131.77,,2024-03-04 12:00:00+00:00
1709568000,131.76,132.03,127.35,129.53,,2024-03-04 16:00:00+00:00
1709582400,129.53,133.34,128.15,133.27,,2024-03-04 20:00:00+00:00
1709596800,133.26,133.34,129.18,130.13,,2024-03-05 00:00:00+00:00
1709611200,130.12,133.03,127.68,129.48,,2024-03-05 04:00:00+00:00
1709625600,129.48,132.16,128.93,130.68,,2024-03-05 08:00:00+00:00
1709640000,130.68,142.72,130.68,139.18,,2024-03-05 12:00:00+00:00
1709654400,139.19,140.59,105.0,119.24,,2024-03-05 16:00:00+00:00
1709668800,119.24,127.34,115.95,125.31,,2024-03-05 20:00:00+00:00
1709683200,125.31,126.87,120.0,122.38,,2024-03-06 00:00:00+00:00
1709697600,122.37,133.31,122.34,133.2,,2024-03-06 04:00:00+00:00
1709712000,133.2,134.95,129.04,131.93,,2024-03-06 08:00:00+00:00
1709726400,131.93,132.2,125.33,128.22,,2024-03-06 12:00:00+00:00
1709740800,128.23,132.0,128.03,130.81,,2024-03-06 16:00:00+00:00
1709755200,130.82,132.4,130.02,130.79,,2024-03-06 20:00:00+00:00
1709769600,130.8,141.77,130.52,138.19,,2024-03-07 00:00:00+00:00
1709784000,138.2,140.05,136.03,138.24,,2024-03-07 04:00:00+00:00
1709798400,138.25,144.45,138.06,140.28,,2024-03-07 08:00:00+00:00
1709812800,140.28,149.0,139.04,145.91,,2024-03-07 12:00:00+00:00
1709827200,145.92,149.3,145.21,148.75,,2024-03-07 16:00:00+00:00
1709841600,148.75,148.94,143.39,143.82,,2024-03-07 20:00:00+00:00
1709856000,143.82,146.48,143.03,144.29,,2024-03-08 00:00:00+00:00
1709870400,144.3,145.55,142.0,144.48,,2024-03-08 04:00:00+00:00
1709884800,144.48,149.18,144.31,148.98,,2024-03-08 08:00:00+00:00
1709899200,148.98,152.64,143.0,145.35,,2024-03-08 12:00:00+00:00
1709913600,145.38,150.72,142.03,147.8,,2024-03-08 16:00:00+00:00
1709928000,147.8,149.09,143.4,144.79,,2024-03-08 20:00:00+00:00
1709942400,144.79,147.0,143.8,145.76,,2024-03-09 00:00:00+00:00
1709956800,145.75,149.15,145.34,148.33,,2024-03-09 04:00:00+00:00
1709971200,148.34,148.75,145.0,146.82,,2024-03-09 08:00:00+00:00
1709985600,146.83,147.25,145.0,147.0,,2024-03-09 12:00:00+00:00
1710000000,147.0,147.22,143.54,145.34,,2024-03-09 16:00:00+00:00
1710014400,145.34,146.7,144.0,144.29,,2024-03-09 20:00:00+00:00
1710028800,144.3,148.31,143.8,146.71,,2024-03-10 00:00:00+00:00
1710043200,146.7,148.5,146.58,148.27,,2024-03-10 04:00:00+00:00
1710057600,148.27,148.49,144.88,145.42,,2024-03-10 08:00:00+00:00
1710072000,145.42,145.86,141.36,142.91,,2024-03-10 12:00:00+00:00
1710086400,142.91,145.32,142.78,145.11,,2024-03-10 16:00:00+00:00
1710100800,145.1,145.3,140.43,144.39,,2024-03-10 20:00:00+00:00
1710115200,144.39,144.5,136.49,141.17,,2024-03-11 00:00:00+00:00
1710129600,141.16,148.33,139.54,147.85,,2024-03-11 04:00:00+00:00
1710144000,147.85,150.2,147.5,148.26,,2024-03-11 08:00:00+00:00
1710158400,148.27,150.07,145.58,147.06,,2024-03-11 12:00:00+00:00
1710172800,147.06,148.31,145.76,146.67,,2024-03-11 16:00:00+00:00
1710187200,146.67,149.29,146.48,148.83,,2024-03-11 20:00:00+00:00
1710201600,148.83,155.0,147.12,150.9,,2024-03-12 00:00:00+00:00
1710216000,150.91,154.54,149.36,151.86,,2024-03-12 04:00:00+00:00
1710230400,151.86,153.19,147.9,150.45,,2024-03-12 08:00:00+00:00
1710244800,150.45,152.0,147.23,150.22,,2024-03-12 12:00:00+00:00
1710259200,150.23,150.95,141.5,149.88,,2024-03-12 16:00:00+00:00
1710273600,149.87,151.29,146.95,151.05,,2024-03-12 20:00:00+00:00
1710288000,151.06,151.64,148.71,149.28,,2024-03-13 00:00:00+00:00
1710302400,149.28,153.0,148.74,150.74,,2024-03-13 04:00:00+00:00
1710316800,150.74,154.69,150.45,153.73,,2024-03-13 08:00:00+00:00
1710331200,153.74,159.49,149.61,157.25,,2024-03-13 12:00:00+00:00
1710345600,157.25,161.89,156.59,161.44,,2024-03-13 16:00:00+00:00
1710360000,161.44,166.73,159.48,163.9,,2024-03-13 20:00:00+00:00
1710374400,163.9,169.28,163.09,167.45,,2024-03-14 00:00:00+00:00
1710388800,167.45,170.0,165.2,168.31,,2024-03-14 04:00:00+00:00
1710403200,168.3,174.07,168.14,173.09,,2024-03-14 08:00:00+00:00
1710417600,173.1,173.37,164.0,167.64,,2024-03-14 12:00:00+00:00
1710432000,167.64,170.2,159.2,162.42,,2024-03-14 16:00:00+00:00
1710446400,162.42,178.5,161.99,176.65,,2024-03-14 20:00:00+00:00
1710460800,176.65,186.77,170.0,176.02,,2024-03-15 00:00:00+00:00
1710475200,176.02,182.03,171.36,176.07,,2024-03-15 04:00:00+00:00
1710489600,176.07,177.22,164.5,170.0,,2024-03-15 08:00:00+00:00
1710504000,170.0,184.81,168.12,181.84,,2024-03-15 12:00:00+00:00
1710518400,181.85,188.98,178.18,183.32,,2024-03-15 16:00:00+00:00
1710532800,183.28,185.6,175.25,183.95,,2024-03-15 20:00:00+00:00
1710547200,183.95,189.11,180.41,187.62,,2024-03-16 00:00:00+00:00
1710561600,187.61,193.76,185.24,192.94,,2024-03-16 04:00:00+00:00
1710576000,192.93,197.95,190.51,192.68,,2024-03-16 08:00:00+00:00
1710590400,192.67,196.04,187.71,195.08,,2024-03-16 12:00:00+00:00
1710604800,195.09,195.65,178.61,180.08,,2024-03-16 16:00:00+00:00
1710619200,180.08,185.91,176.78,182.05,,2024-03-16 20:00:00+00:00
1710633600,182.05,189.39,181.75,186.5,,2024-03-17 00:00:00+00:00
1710648000,186.5,188.8,178.55,181.86,,2024-03-17 04:00:00+00:00
1710662400,181.85,193.82,179.8,191.94,,2024-03-17 08:00:00+00:00
1710676800,191.93,196.0,188.45,195.6,,2024-03-17 12:00:00+00:00
1710691200,195.6,198.27,192.25,195.7,,2024-03-17 16:00:00+00:00
1710705600,195.69,205.2,195.52,201.86,,2024-03-17 20:00:00+00:00
1710720000,201.85,205.49,193.8,203.93,,2024-03-18 00:00:00+00:00
1710734400,203.93,204.99,200.0,203.22,,2024-03-18 04:00:00+00:00
1710748800,203.23,210.18,197.9,208.08,,2024-03-18 08:00:00+00:00
1710763200,208.09,209.4,198.37,203.81,,2024-03-18 12:00:00+00:00
1710777600,203.8,206.28,195.41,198.35,,2024-03-18 16:00:00+00:00
1710792000,198.35,205.97,195.36,195.92,,2024-03-18 20:00:00+00:00
1710806400,195.92,198.68,180.11,184.21,,2024-03-19 00:00:00+00:00
1710820800,184.21,189.16,179.0,186.14,,2024-03-19 04:00:00+00:00
1710835200,186.14,186.2,170.0,177.84,,2024-03-19 08:00:00+00:00
1710849600,177.84,185.9,174.54,182.98,,2024-03-19 12:00:00+00:00
1710864000,182.98,186.36,180.0,181.47,,2024-03-19 16:00:00+00:00
1710878400,181.47,181.98,166.0,169.82,,2024-03-19 20:00:00+00:00
1710892800,169.82,177.03,169.29,169.84,,2024-03-20 00:00:00+00:00
1710907200,169.85,174.31,162.45,173.36,,2024-03-20 04:00:00+00:00
1710921600,173.35,175.3,169.39,172.06,,2024-03-20 08:00:00+00:00
1710936000,172.05,177.01,170.01,170.53,,2024-03-20 12:00:00+00:00
1710950400,170.54,184.99,165.51,182.54,,2024-03-20 16:00:00+00:00
1710964800,182.55,193.19,181.71,191.77,,2024-03-20 20:00:00+00:00
1710979200,191.76,195.68,189.3,190.28,,2024-03-21 00:00:00+00:00
1710993600,190.28,192.31,184.75,188.55,,2024-03-21 04:00:00+00:00
1711008000,188.56,191.6,185.01,189.13,,2024-03-21 08:00:00+00:00
1711022400,189.13,191.43,183.8,185.32,,2024-03-21 12:00:00+00:00
1711036800,185.32,187.95,177.03,177.91,,2024-03-21 16:00:00+00:00
1711051200,177.91,182.08,175.84,179.46,,2024-03-21 20:00:00+00:00
1711065600,179.46,181.95,173.94,179.06,,2024-03-22 00:00:00+00:00
1711080000,179.07,180.89,177.11,179.08,,2024-03-22 04:00:00+00:00
1711094400,179.07,180.2,171.62,172.05,,2024-03-22 08:00:00+00:00
1711108800,172.05,173.99,167.57,171.66,,2024-03-22 12:00:00+00:00
1711123200,171.67,173.66,168.78,172.81,,2024-03-22 16:00:00+00:00
1711137600,172.81,175.22,168.2,175.21,,2024-03-22 20:00:00+00:00
1711152000,175.21,178.14,170.38,171.9,,2024-03-23 00:00:00+00:00
1711166400,171.89,177.6,171.41,175.98,,2024-03-23 04:00:00+00:00
1711180800,175.98,177.11,174.03,175.85,,2024-03-23 08:00:00+00:00
1711195200,175.84,179.0,174.44,175.16,,2024-03-23 12:00:00+00:00
1711209600,175.16,176.74,173.74,174.79,,2024-03-23 16:00:00+00:00
1711224000,174.79,175.49,172.5,172.65,,2024-03-23 20:00:00+00:00
1711238400,172.65,177.39,171.5,171.7,,2024-03-24 00:00:00+00:00
1711252800,171.7,173.79,171.25,173.54,,2024-03-24 04:00:00+00:00
1711267200,173.54,176.15,173.0,174.84,,2024-03-24 08:00:00+00:00
1711281600,174.84,177.25,174.54,176.21,,2024-03-24 12:00:00+00:00
1711296000,176.2,176.98,172.43,176.09,,2024-03-24 16:00:00+00:00
1711310400,176.08,186.78,175.42,183.88,,2024-03-24 20:00:00+00:00
1711324800,183.87,185.47,180.92,184.81,,2024-03-25 00:00:00+00:00
1711339200,184.81,189.63,183.82,185.76,,2024-03-25 04:00:00+00:00
1711353600,185.76,191.77,185.61,187.94,,2024-03-25 08:00:00+00:00
1711368000,187.94,194.6,186.35,192.78,,2024-03-25 12:00:00+00:00
1711382400,192.78,194.5,190.35,192.24,,2024-03-25 16:00:00+00:00
1711396800,192.24,193.0,188.37,188.99,,2024-03-25 20:00:00+00:00
1711411200,188.98,192.05,188.07,191.64,,2024-03-26 00:00:00+00:00
1711425600,191.64,196.57,191.31,193.99,,2024-03-26 04:00:00+00:00
1711440000,194.0,196.26,192.01,194.8,,2024-03-26 08:00:00+00:00
1711454400,194.8,195.31,189.48,190.35,,2024-03-26 12:00:00+00:00
1711468800,190.35,191.5,186.0,188.29,,2024-03-26 16:00:00+00:00
1711483200,188.3,192.58,188.26,190.46,,2024-03-26 20:00:00+00:00
1711497600,190.46,192.74,188.69,189.99,,2024-03-27 00:00:00+00:00
1711512000,189.99,190.54,186.04,186.79,,2024-03-27 04:00:00+00:00
1711526400,186.8,188.68,183.51,188.53,,2024-03-27 08:00:00+00:00
1711540800,188.54,191.2,180.0,181.11,,2024-03-27 12:00:00+00:00
1711555200,181.11,184.18,180.0,182.68,,2024-03-27 16:00:00+00:00
1711569600,182.68,189.33,182.6,186.33,,2024-03-27 20:00:00+00:00
1711584000,186.34,188.09,180.92,182.17,,2024-03-28 00:00:00+00:00
1711598400,182.16,187.56,182.0,187.33,,2024-03-28 04:00:00+00:00
1711612800,187.32,188.59,184.7,185.39,,2024-03-28 08:00:00+00:00
1711627200,185.38,189.45,182.67,187.36,,2024-03-28 12:00:00+00:00
1711641600,187.36,187.39,184.49,186.27,,2024-03-28 16:00:00+00:00
1711656000,186.27,190.93,186.16,189.63,,2024-03-28 20:00:00+00:00
1711670400,189.64,190.74,187.6,188.34,,2024-03-29 00:00:00+00:00
1711684800,188.33,189.14,183.39,183.63,,2024-03-29 04:00:00+00:00
1711699200,183.63,186.45,183.44,185.83,,2024-03-29 08:00:00+00:00
1711713600,185.83,190.0,184.2,184.91,,2024-03-29 12:00:00+00:00
1711728000,184.92,187.72,184.33,187.69,,2024-03-29 16:00:00+00:00
1711742400,187.69,193.0,187.33,192.01,,2024-03-29 20:00:00+00:00
1711756800,192.02,194.52,190.71,192.77,,2024-03-30 00:00:00+00:00
1711771200,192.77,200.0,192.57,195.76,,2024-03-30 04:00:00+00:00
1711785600,195.76,198.8,193.19,197.76,,2024-03-30 08:00:00+00:00
1711800000,197.76,198.5,195.05,196.29,,2024-03-30 12:00:00+00:00
1711814400,196.3,197.9,193.44,195.45,,2024-03-30 16:00:00+00:00
1711828800,195.45,196.74,193.26,194.2,,2024-03-30 20:00:00+00:00
1711843200,194.19,197.31,193.69,194.29,,2024-03-31 00:00:00+00:00
1711857600,194.3,197.34,194.0,196.74,,2024-03-31 04:00:00+00:00
1711872000,196.75,197.21,195.43,195.83,,2024-03-31 08:00:00+00:00
1711886400,195.83,197.66,195.46,195.69,,2024-03-31 12:00:00+00:00
1711900800,195.69,201.0,195.51,200.13,,2024-03-31 16:00:00+00:00
1711915200,200.13,203.17,198.45,202.45,,2024-03-31 20:00:00+00:00
1711929600,202.45,204.46,200.82,202.58,,2024-04-01 00:00:00+00:00
1711944000,202.57,203.53,193.25,197.96,,2024-04-01 04:00:00+00:00
1711958400,197.96,198.0,194.73,195.14,,2024-04-01 08:00:00+00:00
1711972800,195.14,197.75,186.87,188.08,,2024-04-01 12:00:00+00:00
1711987200,188.08,193.52,187.28,193.33,,2024-04-01 16:00:00+00:00
1712001600,193.32,193.96,191.79,192.24,,2024-04-01 20:00:00+00:00
1712016000,192.24,192.24,181.71,183.59,,2024-04-02 00:00:00+00:00
1712030400,183.59,186.27,181.0,183.17,,2024-04-02 04:00:00+00:00
1712044800,183.18,183.85,177.49,179.87,,2024-04-02 08:00:00+00:00
1712059200,179.87,182.22,175.92,177.43,,2024-04-02 12:00:00+00:00
1712073600,177.43,186.89,176.77,185.69,,2024-04-02 16:00:00+00:00
1712088000,185.67,186.42,180.71,181.53,,2024-04-02 20:00:00+00:00
1712102400,181.53,189.09,176.92,188.47,,2024-04-03 00:00:00+00:00
1712116800,188.47,192.0,186.98,189.54,,2024-04-03 04:00:00+00:00
1712131200,189.54,191.66,186.41,187.75,,2024-04-03 08:00:00+00:00
1712145600,187.76,191.25,186.5,189.06,,2024-04-03 12:00:00+00:00
1712160000,189.06,191.03,184.09,185.65,,2024-04-03 16:00:00+00:00
1712174400,185.65,186.61,182.08,185.05,,2024-04-03 20:00:00+00:00
1712188800,185.05,187.4,180.83,181.52,,2024-04-04 00:00:00+00:00
1712203200,181.51,185.82,180.02,184.96,,2024-04-04 04:00:00+00:00
1712217600,184.96,186.34,184.43,185.62,,2024-04-04 08:00:00+00:00
1712232000,185.63,189.71,185.38,186.99,,2024-04-04 12:00:00+00:00
1712246400,187.0,190.13,185.47,185.66,,2024-04-04 16:00:00+00:00
1712260800,185.65,185.83,180.98,184.0,,2024-04-04 20:00:00+00:00
1712275200,184.0,185.07,177.6,179.42,,2024-04-05 00:00:00+00:00
1712289600,179.41,180.37,172.88,175.04,,2024-04-05 04:00:00+00:00
1712304000,175.04,177.1,169.11,169.76,,2024-04-05 08:00:00+00:00
1712318400,169.76,177.36,167.84,175.89,,2024-04-05 12:00:00+00:00
1712332800,175.89,176.9,172.44,175.4,,2024-04-05 16:00:00+00:00
1712347200,175.4,176.83,174.11,174.37,,2024-04-05 20:00:00+00:00
1712361600,174.37,176.55,173.54,175.93,,2024-04-06 00:00:00+00:00
1712376000,175.93,178.21,174.89,177.27,,2024-04-06 04:00:00+00:00
1712390400,177.27,178.45,175.28,175.69,,2024-04-06 08:00:00+00:00
1712404800,175.69,177.32,173.79,177.17,,2024-04-06 12:00:00+00:00
1712419200,177.16,178.99,176.5,177.37,,2024-04-06 16:00:00+00:00
1712433600,177.37,179.89,176.74,178.68,,2024-04-06 20:00:00+00:00
1712448000,178.69,182.71,177.26,180.65,,2024-04-07 00:00:00+00:00
1712462400,180.66,181.31,179.05,179.75,,2024-04-07 04:00:00+00:00
1712476800,179.74,180.87,178.66,180.73,,2024-04-07 08:00:00+00:00
1712491200,180.72,182.31,179.49,179.64,,2024-04-07 12:00:00+00:00
1712505600,179.65,182.68,177.69,178.27,,2024-04-07 16:00:00+00:00
1712520000,178.28,180.05,176.85,179.52,,2024-04-07 20:00:00+00:00
1712534400,179.51,179.53,175.25,176.41,,2024-04-08 00:00:00+00:00
1712548800,176.4,181.12,175.75,180.15,,2024-04-08 04:00:00+00:00
1712563200,180.15,184.68,179.72,182.74,,2024-04-08 08:00:00+00:00
1712577600,182.73,183.6,179.35,181.46,,2024-04-08 12:00:00+00:00
1712592000,181.46,182.12,178.54,179.38,,2024-04-08 16:00:00+00:00
1712606400,179.38,181.66,179.19,180.68,,2024-04-08 20:00:00+00:00
1712620800,180.68,180.9,176.5,177.5,,2024-04-09 00:00:00+00:00
1712635200,177.5,178.67,175.02,175.62,,2024-04-09 04:00:00+00:00
1712649600,175.61,176.44,173.17,176.21,,2024-04-09 08:00:00+00:00
1712664000,176.2,176.68,169.11,172.47,,2024-04-09 12:00:00+00:00
1712678400,172.48,177.65,171.76,174.33,,2024-04-09 16:00:00+00:00
1712692800,174.32,176.01,172.14,172.42,,2024-04-09 20:00:00+00:00
1712707200,172.41,173.09,169.24,171.39,,2024-04-10 00:00:00+00:00
1712721600,171.39,173.65,170.89,172.76,,2024-04-10 04:00:00+00:00
1712736000,172.76,172.78,168.24,170.21,,2024-04-10 08:00:00+00:00
1712750400,170.21,170.68,162.28,167.92,,2024-04-10 12:00:00+00:00
1712764800,167.92,173.08,167.0,171.31,,2024-04-10 16:00:00+00:00
1712779200,171.31,175.5,170.22,173.31,,2024-04-10 20:00:00+00:00
1712793600,173.3,173.38,171.09,172.76,,2024-04-11 00:00:00+00:00
1712808000,172.77,175.99,171.65,174.46,,2024-04-11 04:00:00+00:00
1712822400,174.46,175.4,170.14,170.52,,2024-04-11 08:00:00+00:00
1712836800,170.52,175.4,170.07,173.39,,2024-04-11 12:00:00+00:00
1712851200,173.4,176.32,172.0,174.63,,2024-04-11 16:00:00+00:00
1712865600,174.64,175.65,172.0,172.37,,2024-04-11 20:00:00+00:00
1712880000,172.37,174.34,172.33,174.06,,2024-04-12 00:00:00+00:00
1712894400,174.05,175.98,172.92,173.25,,2024-04-12 04:00:00+00:00
1712908800,173.24,173.65,171.34,172.67,,2024-04-12 08:00:00+00:00
1712923200,172.67,172.71,166.49,167.36,,2024-04-12 12:00:00+00:00
1712937600,167.35,167.82,141.0,149.26,,2024-04-12 16:00:00+00:00
1712952000,149.25,154.36,148.73,153.16,,2024-04-12 20:00:00+00:00
1712966400,153.16,153.46,145.47,151.77,,2024-04-13 00:00:00+00:00
1712980800,151.77,155.0,150.55,151.02,,2024-04-13 04:00:00+00:00
1712995200,151.02,153.39,149.46,151.23,,2024-04-13 08:00:00+00:00
1713009600,151.22,153.0,148.0,148.99,,2024-04-13 12:00:00+00:00
1713024000,148.99,149.64,130.0,133.73,,2024-04-13 16:00:00+00:00
1713038400,133.73,143.46,116.0,138.47,,2024-04-13 20:00:00+00:00
1713052800,138.47,140.96,130.45,134.91,,2024-04-14 00:00:00+00:00
1713067200,134.9,144.56,133.85,144.06,,2024-04-14 04:00:00+00:00
1713081600,144.05,145.6,138.25,138.84,,2024-04-14 08:00:00+00:00
1713096000,138.84,143.27,135.49,137.99,,2024-04-14 12:00:00+00:00
1713110400,137.99,143.16,133.44,141.78,,2024-04-14 16:00:00+00:00
1713124800,141.77,152.84,139.83,151.25,,2024-04-14 20:00:00+00:00
1713139200,151.26,151.27,146.4,148.11,,2024-04-15 00:00:00+00:00
1713153600,148.11,156.06,146.08,153.75,,2024-04-15 04:00:00+00:00
1713168000,153.74,155.0,150.79,150.95,,2024-04-15 08:00:00+00:00
1713182400,150.94,152.24,141.39,143.31,,2024-04-15 12:00:00+00:00
1713196800,143.32,144.56,133.56,137.89,,2024-04-15 16:00:00+00:00
1713211200,137.89,140.17,135.4,138.51,,2024-04-15 20:00:00+00:00
1713225600,138.51,140.57,133.62,134.6,,2024-04-16 00:00:00+00:00
1713240000,134.6,138.9,130.14,137.87,,2024-04-16 04:00:00+00:00
1713254400,137.86,138.04,129.77,136.18,,2024-04-16 08:00:00+00:00
1713268800,136.19,136.19,127.43,127.62,,2024-04-16 12:00:00+00:00
1713283200,127.61,135.43,126.4,132.14,,2024-04-16 16:00:00+00:00
1713297600,132.14,137.96,131.63,136.22,,2024-04-16 20:00:00+00:00
1713312000,136.21,138.24,134.88,137.41,,2024-04-17 00:00:00+00:00
1713326400,137.41,142.77,136.67,139.46,,2024-04-17 04:00:00+00:00
1713340800,139.46,140.25,134.0,134.29,,2024-04-17 08:00:00+00:00
1713355200,134.28,135.15,127.59,128.71,,2024-04-17 12:00:00+00:00
1713369600,128.72,137.91,126.87,134.62,,2024-04-17 16:00:00+00:00
1713384000,134.62,138.0,131.61,131.84,,2024-04-17 20:00:00+00:00
1713398400,131.84,136.65,129.65,135.58,,2024-04-18 00:00:00+00:00
1713412800,135.57,136.83,128.96,129.43,,2024-04-18 04:00:00+00:00
1713427200,129.44,137.0,127.62,135.81,,2024-04-18 08:00:00+00:00
1713441600,135.8,141.5,131.95,138.99,,2024-04-18 12:00:00+00:00
1713456000,139.0,141.53,135.51,140.29,,2024-04-18 16:00:00+00:00
1713470400,140.3,144.25,139.55,142.07,,2024-04-18 20:00:00+00:00
1713484800,142.08,142.08,128.5,136.54,,2024-04-19 00:00:00+00:00
1713499200,136.54,146.93,136.2,143.32,,2024-04-19 04:00:00+00:00
1713513600,143.31,146.01,142.31,144.44,,2024-04-19 08:00:00+00:00
1713528000,144.43,147.49,141.67,146.19,,2024-04-19 12:00:00+00:00
1713542400,146.18,147.46,143.61,145.49,,2024-04-19 16:00:00+00:00
1713556800,145.5,145.73,139.97,142.5,,2024-04-19 20:00:00+00:00
1713571200,142.5,143.5,139.66,142.4,,2024-04-20 00:00:00+00:00
1713585600,142.4,145.0,141.59,143.51,,2024-04-20 04:00:00+00:00
1713600000,143.52,143.57,140.0,141.55,,2024-04-20 08:00:00+00:00
1713614400,141.55,147.8,140.96,147.19,,2024-04-20 12:00:00+00:00
1713628800,147.2,151.99,146.32,151.2,,2024-04-20 16:00:00+00:00
1713643200,151.2,152.39,149.1,151.22,,2024-04-20 20:00:00+00:00
1713657600,151.21,153.5,148.07,150.63,,2024-04-21 00:00:00+00:00
1713672000,150.63,151.74,149.88,151.12,,2024-04-21 04:00:00+00:00
1713686400,151.12,152.65,149.57,151.46,,2024-04-21 08:00:00+00:00
1713700800,151.46,151.74,148.4,150.14,,2024-04-21 12:00:00+00:00
1713715200,150.14,150.32,146.68,148.0,,2024-04-21 16:00:00+00:00
1713729600,147.99,150.8,147.46,148.8,,2024-04-21 20:00:00+00:00
1713744000,148.81,151.5,146.63,150.35,,2024-04-22 00:00:00+00:00
1713758400,150.35,156.64,149.93,153.62,,2024-04-22 04:00:00+00:00
1713772800,153.63,154.64,152.23,153.28,,2024-04-22 08:00:00+00:00
1713787200,153.29,154.95,151.55,153.45,,2024-04-22 12:00:00+00:00
1713801600,153.44,156.11,152.41,154.55,,2024-04-22 16:00:00+00:00
1713816000,154.55,158.5,154.12,156.95,,2024-04-22 20:00:00+00:00
1713830400,156.94,159.33,155.43,155.51,,2024-04-23 00:00:00+00:00
1713844800,155.5,156.82,153.04,153.62,,2024-04-23 04:00:00+00:00
1713859200,153.62,155.6,153.16,154.08,,2024-04-23 08:00:00+00:00
1713873600,154.07,159.77,153.57,157.92,,2024-04-23 12:00:00+00:00
1713888000,157.93,160.0,157.12,157.48,,2024-04-23 16:00:00+00:00
1713902400,157.49,157.78,154.57,154.75,,2024-04-23 20:00:00+00:00
1713916800,154.75,158.89,154.42,156.73,,2024-04-24 00:00:00+00:00
1713931200,156.72,159.8,156.26,157.84,,2024-04-24 04:00:00+00:00
1713945600,157.84,159.39,156.5,159.33,,2024-04-24 08:00:00+00:00
1713960000,159.32,159.67,151.1,151.51,,2024-04-24 12:00:00+00:00
1713974400,151.51,153.85,147.4,149.83,,2024-04-24 16:00:00+00:00
1713988800,149.82,150.49,145.58,147.78,,2024-04-24 20:00:00+00:00
1714003200,147.79,149.6,144.75,146.03,,2024-04-25 00:00:00+00:00
1714017600,146.03,148.55,144.73,146.3,,2024-04-25 04:00:00+00:00
1714032000,146.3,147.5,143.13,144.8,,2024-04-25 08:00:00+00:00
1714046400,144.8,148.47,142.09,147.81,,2024-04-25 12:00:00+00:00
1714060800,147.81,149.6,146.53,146.86,,2024-04-25 16:00:00+00:00
1714075200,146.86,148.9,144.71,144.84,,2024-04-25 20:00:00+00:00
1714089600,144.83,145.09,141.44,143.25,,2024-04-26 00:00:00+00:00
1714104000,143.26,144.85,142.4,143.45,,2024-04-26 04:00:00+00:00
1714118400,143.46,144.6,142.26,143.15,,2024-04-26 08:00:00+00:00
1714132800,143.15,146.19,141.11,142.7,,2024-04-26 12:00:00+00:00
1714147200,142.7,144.25,141.69,142.65,,2024-04-26 16:00:00+00:00
1714161600,142.69,143.81,138.74,139.23,,2024-04-26 20:00:00+00:00
1714176000,139.23,140.22,132.88,136.3,,2024-04-27 00:00:00+00:00
1714190400,136.29,137.23,135.54,136.15,,2024-04-27 04:00:00+00:00
1714204800,136.16,136.81,135.26,135.89,,2024-04-27 08:00:00+00:00
1714219200,135.88,139.83,135.68,137.72,,2024-04-27 12:00:00+00:00
1714233600,137.72,142.5,137.46,142.3,,2024-04-27 16:00:00+00:00
1714248000,142.3,143.04,140.0,141.31,,2024-04-27 20:00:00+00:00
1714262400,141.31,144.82,140.74,143.83,,2024-04-28 00:00:00+00:00
1714276800,143.83,144.47,142.88,143.54,,2024-04-28 04:00:00+00:00
1714291200,143.54,143.93,140.89,141.2,,2024-04-28 08:00:00+00:00
1714305600,141.19,142.96,141.11,141.98,,2024-04-28 12:00:00+00:00
1714320000,141.98,144.0,141.79,142.06,,2024-04-28 16:00:00+00:00
1714334400,142.06,142.34,137.03,137.99,,2024-04-28 20:00:00+00:00
1714348800,137.99,138.93,134.52,134.93,,2024-04-29 00:00:00+00:00
1714363200,134.93,136.77,134.0,134.96,,2024-04-29 04:00:00+00:00
1714377600,134.95,136.71,133.67,134.68,,2024-04-29 08:00:00+00:00
1714392000,134.67,137.68,133.94,136.49,,2024-04-29 12:00:00+00:00
1714406400,136.49,136.68,133.38,134.98,,2024-04-29 16:00:00+00:00
1714420800,134.98,138.69,134.05,137.77,,2024-04-29 20:00:00+00:00
1714435200,137.79,139.77,134.98,136.51,,2024-04-30 00:00:00+00:00
1714449600,136.52,136.77,134.66,135.1,,2024-04-30 04:00:00+00:00
1714464000,135.08,135.53,128.26,128.78,,2024-04-30 08:00:00+00:00
1714478400,128.78,130.39,126.7,127.76,,2024-04-30 12:00:00+00:00
1714492800,127.75,127.75,121.21,123.04,,2024-04-30 16:00:00+00:00
1714507200,123.04,128.81,123.01,126.77,,2024-04-30 20:00:00+00:00
1714521600,126.76,127.57,123.77,126.23,,2024-05-01 00:00:00+00:00
1714536000,126.23,126.9,118.47,120.58,,2024-05-01 04:00:00+00:00
1714550400,120.57,123.09,118.6,123.06,,2024-05-01 08:00:00+00:00
1714564800,123.06,125.03,121.41,123.4,,2024-05-01 12:00:00+00:00
1714579200,123.4,135.97,122.64,129.73,,2024-05-01 16:00:00+00:00
1714593600,129.74,135.21,128.81,134.64,,2024-05-01 20:00:00+00:00
1714608000,134.64,134.98,128.66,130.06,,2024-05-02 00:00:00+00:00
1714622400,130.06,135.5,128.19,131.39,,2024-05-02 04:00:00+00:00
1714636800,131.38,138.97,131.08,138.74,,2024-05-02 08:00:00+00:00
1714651200,138.74,140.46,135.06,139.09,,2024-05-02 12:00:00+00:00
1714665600,139.1,139.84,136.96,138.05,,2024-05-02 16:00:00+00:00
1714680000,138.06,140.9,135.55,137.58,,2024-05-02 20:00:00+00:00
1714694400,137.58,141.96,136.72,141.01,,2024-05-03 00:00:00+00:00
1714708800,141.01,141.55,136.68,137.23,,2024-05-03 04:00:00+00:00
1714723200,137.23,139.18,135.88,136.88,,2024-05-03 08:00:00+00:00
1714737600,136.88,143.97,136.47,142.09,,2024-05-03 12:00:00+00:00
1714752000,142.09,143.16,141.14,142.77,,2024-05-03 16:00:00+00:00
1714766400,142.76,145.0,142.45,143.69,,2024-05-03 20:00:00+00:00
1714780800,143.7,145.0,142.22,144.22,,2024-05-04 00:00:00+00:00
1714795200,144.21,146.5,143.71,143.96,,2024-05-04 04:00:00+00:00
1714809600,143.96,149.14,143.92,146.49,,2024-05-04 08:00:00+00:00
1714824000,146.52,148.26,145.6,146.18,,2024-05-04 12:00:00+00:00
1714838400,146.18,147.5,145.25,147.4,,2024-05-04 16:00:00+00:00
1714852800,147.41,147.87,145.8,146.05,,2024-05-04 20:00:00+00:00
1714867200,146.05,147.25,143.1,144.62,,2024-05-05 00:00:00+00:00
1714881600,144.62,146.0,144.14,145.64,,2024-05-05 04:00:00+00:00
1714896000,145.65,146.74,145.11,146.63,,2024-05-05 08:00:00+00:00
1714910400,146.63,148.0,145.35,147.49,,2024-05-05 12:00:00+00:00
1714924800,147.5,147.88,145.67,146.07,,2024-05-05 16:00:00+00:00
1714939200,146.07,146.13,144.7,145.73,,2024-05-05 20:00:00+00:00
1714953600,145.74,148.08,145.4,146.28,,2024-05-06 00:00:00+00:00
1714968000,146.27,149.34,145.93,148.73,,2024-05-06 04:00:00+00:00
1714982400,148.74,156.89,148.73,153.99,,2024-05-06 08:00:00+00:00
1714996800,153.99,156.31,149.72,153.82,,2024-05-06 12:00:00+00:00
1715011200,153.83,154.21,150.84,153.48,,2024-05-06 16:00:00+00:00
1715025600,153.49,155.74,152.5,152.82,,2024-05-06 20:00:00+00:00
1715040000,152.81,158.05,151.92,153.89,,2024-05-07 00:00:00+00:00
1715054400,153.88,156.27,153.13,155.13,,2024-05-07 04:00:00+00:00
1715068800,155.14,159.19,154.84,154.97,,2024-05-07 08:00:00+00:00
1715083200,154.97,157.07,152.01,154.71,,2024-05-07 12:00:00+00:00
1715097600,154.7,155.5,150.77,151.19,,2024-05-07 16:00:00+00:00
1715112000,151.18,152.43,147.76,148.03,,2024-05-07 20:00:00+00:00
1715126400,148.03,149.96,147.2,149.5,,2024-05-08 00:00:00+00:00
1715140800,149.5,152.0,145.74,146.42,,2024-05-08 04:00:00+00:00
1715155200,146.41,147.0,144.78,145.39,,2024-05-08 08:00:00+00:00
1715169600,145.39,148.94,144.4,145.86,,2024-05-08 12:00:00+00:00
1715184000,145.86,149.12,144.65,145.48,,2024-05-08 16:00:00+00:00
1715198400,145.48,145.93,140.0,142.18,,2024-05-08 20:00:00+00:00
1715212800,142.17,144.87,141.92,144.14,,2024-05-09 00:00:00+00:00
1715227200,144.13,145.89,142.09,143.27,,2024-05-09 04:00:00+00:00
1715241600,143.26,144.01,140.61,142.8,,2024-05-09 08:00:00+00:00
1715256000,142.8,148.0,141.62,146.47,,2024-05-09 12:00:00+00:00
1715270400,146.47,150.98,145.73,150.86,,2024-05-09 16:00:00+00:00
1715284800,150.85,153.39,149.25,152.57,,2024-05-09 20:00:00+00:00
1715299200,152.56,155.0,151.34,153.93,,2024-05-10 00:00:00+00:00
1715313600,153.93,155.75,152.27,154.34,,2024-05-10 04:00:00+00:00
1715328000,154.35,155.18,152.97,155.01,,2024-05-10 08:00:00+00:00
1715342400,155.01,155.4,145.34,146.94,,2024-05-10 12:00:00+00:00
1715356800,146.95,148.78,145.12,147.17,,2024-05-10 16:00:00+00:00
1715371200,147.17,148.05,144.49,146.01,,2024-05-10 20:00:00+00:00
1715385600,146.02,147.7,143.33,143.64,,2024-05-11 00:00:00+00:00
1715400000,143.65,146.46,143.54,145.78,,2024-05-11 04:00:00+00:00
1715414400,145.77,145.86,143.12,144.25,,2024-05-11 08:00:00+00:00
1715428800,144.24,147.04,143.86,145.65,,2024-05-11 12:00:00+00:00
1715443200,145.65,146.71,144.81,146.44,,2024-05-11 16:00:00+00:00
1715457600,146.43,146.54,145.09,145.42,,2024-05-11 20:00:00+00:00
1715472000,145.42,146.95,145.2,146.4,,2024-05-12 00:00:00+00:00
1715486400,146.41,147.8,143.65,144.22,,2024-05-12 04:00:00+00:00
1715500800,144.23,146.36,143.83,145.07,,2024-05-12 08:00:00+00:00
1715515200,145.07,145.72,144.0,145.2,,2024-05-12 12:00:00+00:00
1715529600,145.2,146.4,144.35,144.96,,2024-05-12 16:00:00+00:00
1715544000,144.96,145.27,142.5,143.43,,2024-05-12 20:00:00+00:00
1715558400,143.42,145.94,138.35,140.13,,2024-05-13 00:00:00+00:00
1715572800,140.13,144.2,137.78,143.56,,2024-05-13 04:00:00+00:00
1715587200,143.56,147.5,143.55,145.62,,2024-05-13 08:00:00+00:00
1715601600,145.61,148.28,144.8,147.26,,2024-05-13 12:00:00+00:00
1715616000,147.26,150.88,145.79,148.81,,2024-05-13 16:00:00+00:00
1715630400,148.8,149.61,146.76,147.54,,2024-05-13 20:00:00+00:00
1715644800,147.53,148.27,145.7,146.34,,2024-05-14 00:00:00+00:00
1715659200,146.32,149.09,143.71,146.54,,2024-05-14 04:00:00+00:00
1715673600,146.54,147.48,145.36,146.59,,2024-05-14 08:00:00+00:00
1715688000,146.59,148.42,141.84,142.92,,2024-05-14 12:00:00+00:00
1715702400,142.92,144.68,141.82,143.8,,2024-05-14 16:00:00+00:00
1715716800,143.8,143.91,141.9,142.03,,2024-05-14 20:00:00+00:00
1715731200,142.03,144.18,141.21,143.96,,2024-05-15 00:00:00+00:00
1715745600,143.96,144.62,143.12,144.29,,2024-05-15 04:00:00+00:00
1715760000,144.28,146.08,143.11,144.19,,2024-05-15 08:00:00+00:00
1715774400,144.19,154.06,143.64,151.61,,2024-05-15 12:00:00+00:00
1715788800,151.61,155.0,150.99,154.92,,2024-05-15 16:00:00+00:00
1715803200,154.92,158.88,154.25,158.52,,2024-05-15 20:00:00+00:00
1715817600,158.52,163.9,158.14,163.11,,2024-05-16 00:00:00+00:00
1715832000,163.11,163.64,161.31,162.78,,2024-05-16 04:00:00+00:00
1715846400,162.78,164.79,161.77,163.73,,2024-05-16 08:00:00+00:00
1715860800,163.72,163.74,157.6,160.45,,2024-05-16 12:00:00+00:00
1715875200,160.46,160.55,156.46,159.08,,2024-05-16 16:00:00+00:00
1715889600,159.09,159.59,157.41,159.37,,2024-05-16 20:00:00+00:00
1715904000,159.36,162.85,159.32,162.19,,2024-05-17 00:00:00+00:00
1715918400,162.2,170.0,161.0,169.2,,2024-05-17 04:00:00+00:00
1715932800,169.2,170.0,167.21,167.46,,2024-05-17 08:00:00+00:00
1715947200,167.46,170.93,165.78,169.69,,2024-05-17 12:00:00+00:00
1715961600,169.68,174.0,166.19,168.89,,2024-05-17 16:00:00+00:00
1715976000,168.89,169.85,167.35,169.44,,2024-05-17 20:00:00+00:00
1715990400,169.43,174.86,168.65,173.2,,2024-05-18 00:00:00+00:00
1716004800,173.21,173.9,172.05,172.31,,2024-05-18 04:00:00+00:00
1716019200,172.3,176.06,172.13,174.4,,2024-05-18 08:00:00+00:00
1716033600,174.41,174.7,171.65,172.42,,2024-05-18 12:00:00+00:00
1716048000,172.42,172.65,170.0,172.25,,2024-05-18 16:00:00+00:00
1716062400,172.25,173.65,171.62,172.4,,2024-05-18 20:00:00+00:00
1716076800,172.4,175.16,171.98,174.32,,2024-05-19 00:00:00+00:00
1716091200,174.32,175.5,172.35,174.17,,2024-05-19 04:00:00+00:00
1716105600,174.16,174.58,170.79,171.76,,2024-05-19 08:00:00+00:00
1716120000,171.75,171.84,165.96,168.29,,2024-05-19 12:00:00+00:00
1716134400,168.28,171.79,167.24,169.3,,2024-05-19 16:00:00+00:00
1716148800,169.31,171.7,168.21,169.93,,2024-05-19 20:00:00+00:00
1716163200,169.93,173.5,167.47,172.15,,2024-05-20 00:00:00+00:00
1716177600,172.14,178.66,171.8,178.03,,2024-05-20 04:00:00+00:00
1716192000,178.02,179.41,175.69,177.7,,2024-05-20 08:00:00+00:00
1716206400,177.72,179.5,175.33,179.01,,2024-05-20 12:00:00+00:00
1716220800,179.01,188.32,178.11,187.25,,2024-05-20 16:00:00+00:00
1716235200,187.25,187.7,182.25,186.7,,2024-05-20 20:00:00+00:00
1716249600,186.69,188.89,182.79,184.27,,2024-05-21 00:00:00+00:00
1716264000,184.27,185.03,180.02,181.28,,2024-05-21 04:00:00+00:00
1716278400,181.28,183.84,180.39,180.4,,2024-05-21 08:00:00+00:00
1716292800,180.41,181.41,176.0,176.75,,2024-05-21 12:00:00+00:00
1716307200,176.75,178.92,174.37,175.3,,2024-05-21 16:00:00+00:00
1716321600,175.32,178.63,175.15,178.15,,2024-05-21 20:00:00+00:00
1716336000,178.15,179.29,176.51,177.95,,2024-05-22 00:00:00+00:00
1716350400,177.95,183.09,174.96,179.89,,2024-05-22 04:00:00+00:00
1716364800,179.89,181.35,178.02,178.06,,2024-05-22 08:00:00+00:00
1716379200,178.07,182.77,176.09,181.39,,2024-05-22 12:00:00+00:00
1716393600,181.39,185.0,177.35,178.36,,2024-05-22 16:00:00+00:00
1716408000,178.36,180.8,176.29,176.95,,2024-05-22 20:00:00+00:00
1716422400,176.96,179.37,175.62,178.79,,2024-05-23 00:00:00+00:00
1716436800,178.79,178.86,176.25,177.44,,2024-05-23 04:00:00+00:00
1716451200,177.45,177.98,172.59,175.67,,2024-05-23 08:00:00+00:00
1716465600,175.67,176.99,168.82,172.7,,2024-05-23 12:00:00+00:00
1716480000,172.69,175.25,170.54,170.92,,2024-05-23 16:00:00+00:00
1716494400,170.92,181.04,165.35,176.16,,2024-05-23 20:00:00+00:00
1716508800,176.15,176.15,171.53,172.01,,2024-05-24 00:00:00+00:00
1716523200,172.0,172.01,165.12,166.16,,2024-05-24 04:00:00+00:00
1716537600,166.15,166.62,162.5,166.34,,2024-05-24 08:00:00+00:00
1716552000,166.34,169.12,165.11,167.29,,2024-05-24 12:00:00+00:00
1716566400,167.29,170.61,164.73,168.33,,2024-05-24 16:00:00+00:00
1716580800,168.33,168.75,166.66,167.7,,2024-05-24 20:00:00+00:00
1716595200,167.7,169.8,165.9,169.66,,2024-05-25 00:00:00+00:00
1716609600,169.65,170.16,168.11,168.99,,2024-05-25 04:00:00+00:00
1716624000,168.99,170.55,168.37,168.61,,2024-05-25 08:00:00+00:00
1716638400,168.61,168.91,166.48,167.83,,2024-05-25 12:00:00+00:00
1716652800,167.83,168.08,166.35,167.23,,2024-05-25 16:00:00+00:00
1716667200,167.23,168.66,166.55,168.35,,2024-05-25 20:00:00+00:00
1716681600,168.35,168.4,164.81,166.28,,2024-05-26 00:00:00+00:00
1716696000,166.28,167.02,164.56,165.33,,2024-05-26 04:00:00+00:00
1716710400,165.33,165.65,162.23,164.02,,2024-05-26 08:00:00+00:00
1716724800,164.03,165.85,162.37,162.85,,2024-05-26 12:00:00+00:00
1716739200,162.85,163.49,161.14,162.71,,2024-05-26 16:00:00+00:00
1716753600,162.71,164.16,161.0,163.41,,2024-05-26 20:00:00+00:00
1716768000,163.42,166.65,163.26,165.38,,2024-05-27 00:00:00+00:00
1716782400,165.38,166.43,163.83,165.52,,2024-05-27 04:00:00+00:00
1716796800,165.53,168.08,165.0,167.74,,2024-05-27 08:00:00+00:00
1716811200,167.73,171.47,166.68,171.04,,2024-05-27 12:00:00+00:00
1716825600,171.03,172.28,166.98,168.65,,2024-05-27 16:00:00+00:00
1716840000,168.64,171.67,168.36,170.15,,2024-05-27 20:00:00+00:00
1716854400,170.15,172.09,166.05,167.4,,2024-05-28 00:00:00+00:00
1716868800,167.4,167.58,164.92,166.09,,2024-05-28 04:00:00+00:00
1716883200,166.1,170.38,165.88,169.81,,2024-05-28 08:00:00+00:00
1716897600,169.81,173.24,166.72,168.28,,2024-05-28 12:00:00+00:00
1716912000,168.3,170.78,166.0,170.39,,2024-05-28 16:00:00+00:00
1716926400,170.39,170.74,168.31,168.68,,2024-05-28 20:00:00+00:00
1716940800,168.68,172.55,167.44,172.35,,2024-05-29 00:00:00+00:00
1716955200,172.35,173.93,170.79,170.8,,2024-05-29 04:00:00+00:00
1716969600,170.81,171.06,167.56,168.28,,2024-05-29 08:00:00+00:00
1716984000,168.28,170.0,167.0,168.6,,2024-05-29 12:00:00+00:00
1716998400,168.61,171.86,167.53,169.41,,2024-05-29 16:00:00+00:00
1717012800,169.41,169.94,167.77,168.32,,2024-05-29 20:00:00+00:00
1717027200,168.32,170.97,167.9,169.99,,2024-05-30 00:00:00+00:00
1717041600,169.99,170.89,164.23,165.0,,2024-05-30 04:00:00+00:00
1717056000,164.99,167.28,163.55,166.2,,2024-05-30 08:00:00+00:00
1717070400,166.2,169.66,166.0,168.48,,2024-05-30 12:00:00+00:00
1717084800,168.47,173.0,167.88,168.42,,2024-05-30 16:00:00+00:00
1717099200,168.43,168.43,166.18,166.88,,2024-05-30 20:00:00+00:00
1717113600,166.88,167.56,165.52,167.24,,2024-05-31 00:00:00+00:00
1717128000,167.25,167.68,165.0,166.62,,2024-05-31 04:00:00+00:00
1717142400,166.62,168.98,166.03,168.75,,2024-05-31 08:00:00+00:00
1717156800,168.74,170.94,164.75,164.81,,2024-05-31 12:00:00+00:00
1717171200,164.81,167.01,163.67,166.33,,2024-05-31 16:00:00+00:00
1717185600,166.34,167.04,165.04,165.65,,2024-05-31 20:00:00+00:00
1717200000,165.65,167.82,165.64,167.02,,2024-06-01 00:00:00+00:00
1717214400,167.02,167.45,166.3,166.85,,2024-06-01 04:00:00+00:00
1717228800,166.85,167.36,166.56,166.88,,2024-06-01 08:00:00+00:00
1717243200,166.89,167.95,166.78,167.31,,2024-06-01 12:00:00+00:00
1717257600,167.31,167.66,166.85,167.45,,2024-06-01 16:00:00+00:00
1717272000,167.43,167.77,165.69,166.14,,2024-06-01 20:00:00+00:00
1717286400,166.14,167.1,165.42,166.2,,2024-06-02 00:00:00+00:00
1717300800,166.2,166.53,164.93,165.02,,2024-06-02 04:00:00+00:00
1717315200,165.02,166.16,164.0,166.05,,2024-06-02 08:00:00+00:00
1717329600,166.05,166.29,164.61,165.16,,2024-06-02 12:00:00+00:00
1717344000,165.17,165.37,161.32,163.12,,2024-06-02 16:00:00+00:00
1717358400,163.11,163.74,161.73,163.15,,2024-06-02 20:00:00+00:00
1717372800,163.14,165.23,161.79,163.59,,2024-06-03 00:00:00+00:00
1717387200,163.59,165.79,162.64,165.35,,2024-06-03 04:00:00+00:00
1717401600,165.35,166.85,164.51,164.83,,2024-06-03 08:00:00+00:00
1717416000,164.82,167.21,163.0,164.83,,2024-06-03 12:00:00+00:00
1717430400,164.84,166.99,163.5,166.93,,2024-06-03 16:00:00+00:00
1717444800,166.94,167.2,164.43,164.89,,2024-06-03 20:00:00+00:00
1717459200,164.9,166.83,164.31,166.47,,2024-06-04 00:00:00+00:00
1717473600,166.47,167.0,164.91,165.24,,2024-06-04 04:00:00+00:00
1717488000,165.25,165.84,164.45,165.51,,2024-06-04 08:00:00+00:00
1717502400,165.5,167.92,165.29,167.91,,2024-06-04 12:00:00+00:00
1717516800,167.92,170.39,167.78,169.47,,2024-06-04 16:00:00+00:00
1717531200,169.47,171.87,168.29,171.78,,2024-06-04 20:00:00+00:00
1717545600,171.78,174.86,171.11,172.97,,2024-06-05 00:00:00+00:00
1717560000,172.97,174.32,172.31,173.43,,2024-06-05 04:00:00+00:00
1717574400,173.43,174.11,172.1,172.85,,2024-06-05 08:00:00+00:00
1717588800,172.86,175.14,170.0,174.74,,2024-06-05 12:00:00+00:00
1717603200,174.74,175.6,172.5,172.97,,2024-06-05 16:00:00+00:00
1717617600,172.97,173.8,172.75,173.54,,2024-06-05 20:00:00+00:00
1717632000,173.55,174.4,173.16,173.85,,2024-06-06 00:00:00+00:00
1717646400,173.86,174.1,171.54,172.6,,2024-06-06 04:00:00+00:00
1717660800,172.59,173.44,172.14,173.08,,2024-06-06 08:00:00+00:00
1717675200,173.09,173.7,172.4,172.99,,2024-06-06 12:00:00+00:00
1717689600,172.99,173.07,168.65,169.12,,2024-06-06 16:00:00+00:00
1717704000,169.12,170.85,167.51,170.15,,2024-06-06 20:00:00+00:00
1717718400,170.15,170.6,168.99,170.57,,2024-06-07 00:00:00+00:00
1717732800,170.56,172.54,170.44,172.01,,2024-06-07 04:00:00+00:00
1717747200,172.01,172.4,170.93,172.2,,2024-06-07 08:00:00+00:00
1717761600,172.19,172.85,169.15,170.15,,2024-06-07 12:00:00+00:00
1717776000,170.15,170.36,152.92,162.01,,2024-06-07 16:00:00+00:00
1717790400,162.02,163.23,161.03,162.5,,2024-06-07 20:00:00+00:00
1717804800,162.51,163.13,161.88,162.7,,2024-06-08 00:00:00+00:00
1717819200,162.7,163.78,160.88,163.6,,2024-06-08 04:00:00+00:00
1717833600,163.6,163.64,160.05,160.48,,2024-06-08 08:00:00+00:00
1717848000,160.47,161.35,158.28,160.15,,2024-06-08 12:00:00+00:00
1717862400,160.15,161.05,158.82,159.85,,2024-06-08 16:00:00+00:00
1717876800,159.85,159.98,157.37,157.83,,2024-06-08 20:00:00+00:00
1717891200,157.83,158.8,156.52,157.78,,2024-06-09 00:00:00+00:00
1717905600,157.79,159.79,157.26,159.01,,2024-06-09 04:00:00+00:00
1717920000,159.02,159.81,158.58,159.44,,2024-06-09 08:00:00+00:00
1717934400,159.44,161.87,159.21,161.63,,2024-06-09 12:00:00+00:00
1717948800,161.63,163.04,160.55,162.13,,2024-06-09 16:00:00+00:00
1717963200,162.13,162.39,161.27,162.12,,2024-06-09 20:00:00+00:00
1717977600,162.12,162.18,159.65,159.87,,2024-06-10 00:00:00+00:00
1717992000,159.88,160.56,157.46,157.62,,2024-06-10 04:00:00+00:00
1718006400,157.62,160.22,157.54,159.46,,2024-06-10 08:00:00+00:00
1718020800,159.45,163.18,157.7,162.38,,2024-06-10 12:00:00+00:00
1718035200,162.37,162.92,160.05,160.44,,2024-06-10 16:00:00+00:00
1718049600,160.45,160.67,158.17,159.05,,2024-06-10 20:00:00+00:00
1718064000,159.04,159.75,154.81,156.07,,2024-06-11 00:00:00+00:00
1718078400,156.06,156.18,152.4,153.39,,2024-06-11 04:00:00+00:00
1718092800,153.39,155.3,152.72,153.89,,2024-06-11 08:00:00+00:00
1718107200,153.89,154.58,146.29,147.67,,2024-06-11 12:00:00+00:00
1718121600,147.66,149.8,145.2,149.23,,2024-06-11 16:00:00+00:00
1718136000,149.22,150.27,148.07,149.31,,2024-06-11 20:00:00+00:00
1718150400,149.31,149.88,145.44,149.65,,2024-06-12 00:00:00+00:00
1718164800,149.65,151.98,149.58,151.79,,2024-06-12 04:00:00+00:00
1718179200,151.78,153.56,150.93,151.74,,2024-06-12 08:00:00+00:00
1718193600,151.75,161.84,151.5,158.84,,2024-06-12 12:00:00+00:00
1718208000,158.85,159.81,151.16,153.33,,2024-06-12 16:00:00+00:00
1718222400,153.33,155.63,152.8,155.22,,2024-06-12 20:00:00+00:00
1718236800,155.21,155.21,149.65,151.55,,2024-06-13 00:00:00+00:00
1718251200,151.56,152.84,150.78,152.09,,2024-06-13 04:00:00+00:00
1718265600,152.1,152.47,149.05,149.63,,2024-06-13 08:00:00+00:00
1718280000,149.64,152.3,146.13,146.87,,2024-06-13 12:00:00+00:00
1718294400,146.87,148.94,146.23,147.73,,2024-06-13 16:00:00+00:00
1718308800,147.72,148.41,146.03,147.29,,2024-06-13 20:00:00+00:00
1718323200,147.29,148.52,145.89,147.5,,2024-06-14 00:00:00+00:00
1718337600,147.51,149.0,146.8,147.62,,2024-06-14 04:00:00+00:00
1718352000,147.62,148.75,147.16,148.1,,2024-06-14 08:00:00+00:00
1718366400,148.11,149.0,143.0,143.78,,2024-06-14 12:00:00+00:00
1718380800,143.78,144.1,139.67,141.8,,2024-06-14 16:00:00+00:00
1718395200,141.8,145.15,141.43,143.05,,2024-06-14 20:00:00+00:00
1718409600,143.04,144.95,142.92,144.94,,2024-06-15 00:00:00+00:00
1718424000,144.93,145.58,143.64,143.78,,2024-06-15 04:00:00+00:00
1718438400,143.78,144.64,143.0,144.5,,2024-06-15 08:00:00+00:00
1718452800,144.5,145.43,144.02,145.19,,2024-06-15 12:00:00+00:00
1718467200,145.18,145.78,144.1,144.66,,2024-06-15 16:00:00+00:00
1718481600,144.66,145.69,143.85,145.52,,2024-06-15 20:00:00+00:00
1718496000,145.52,145.58,143.88,144.01,,2024-06-16 00:00:00+00:00
1718510400,144.01,145.28,143.08,144.49,,2024-06-16 04:00:00+00:00
1718524800,144.5,145.74,143.82,145.0,,2024-06-16 08:00:00+00:00
1718539200,145.0,148.8,144.8,148.53,,2024-06-16 12:00:00+00:00
1718553600,148.52,149.36,147.6,148.78,,2024-06-16 16:00:00+00:00
1718568000,148.77,151.35,148.38,151.3,,2024-06-16 20:00:00+00:00
1718582400,151.3,151.79,147.08,147.36,,2024-06-17 00:00:00+00:00
1718596800,147.36,149.23,145.81,146.61,,2024-06-17 04:00:00+00:00
1718611200,146.61,147.28,141.66,143.94,,2024-06-17 08:00:00+00:00
1718625600,143.94,144.64,140.77,141.23,,2024-06-17 12:00:00+00:00
1718640000,141.23,146.82,139.85,144.57,,2024-06-17 16:00:00+00:00
1718654400,144.57,144.66,141.27,143.27,,2024-06-17 20:00:00+00:00
1718668800,143.28,143.82,127.95,135.62,,2024-06-18 00:00:00+00:00
1718683200,135.61,137.87,134.74,136.71,,2024-06-18 04:00:00+00:00
1718697600,136.71,138.85,135.61,137.16,,2024-06-18 08:00:00+00:00
1718712000,137.17,137.85,132.88,136.01,,2024-06-18 12:00:00+00:00
1718726400,136.01,136.16,130.41,133.14,,2024-06-18 16:00:00+00:00
1718740800,133.13,138.47,132.03,137.41,,2024-06-18 20:00:00+00:00
1718755200,137.41,141.5,135.96,140.15,,2024-06-19 00:00:00+00:00
1718769600,140.15,141.9,139.49,139.98,,2024-06-19 04:00:00+00:00
1718784000,139.99,140.29,137.0,137.96,,2024-06-19 08:00:00+00:00
1718798400,137.95,138.92,135.51,136.92,,2024-06-19 12:00:00+00:00
1718812800,136.93,139.05,135.59,136.67,,2024-06-19 16:00:00+00:00
1718827200,136.67,136.82,134.47,135.62,,2024-06-19 20:00:00+00:00
1718841600,135.62,137.24,132.6,133.06,,2024-06-20 00:00:00+00:00
1718856000,133.05,138.18,132.53,137.18,,2024-06-20 04:00:00+00:00
1718870400,137.19,141.29,136.42,139.34,,2024-06-20 08:00:00+00:00
1718884800,139.34,139.74,132.55,133.27,,2024-06-20 12:00:00+00:00
1718899200,133.27,135.83,131.9,134.25,,2024-06-20 16:00:00+00:00
1718913600,134.24,134.91,133.42,133.55,,2024-06-20 20:00:00+00:00
1718928000,133.55,134.85,131.71,132.68,,2024-06-21 00:00:00+00:00
1718942400,132.68,133.34,130.64,131.43,,2024-06-21 04:00:00+00:00
1718956800,131.43,132.8,129.66,132.08,,2024-06-21 08:00:00+00:00
1718971200,132.08,133.76,129.4,131.4,,2024-06-21 12:00:00+00:00
1718985600,131.41,133.95,128.76,132.64,,2024-06-21 16:00:00+00:00
1719000000,132.63,135.38,131.92,134.6,,2024-06-21 20:00:00+00:00
1719014400,134.61,135.28,133.0,135.07,,2024-06-22 00:00:00+00:00
1719028800,135.07,136.74,134.52,134.86,,2024-06-22 04:00:00+00:00
1719043200,134.85,134.94,133.7,134.52,,2024-06-22 08:00:00+00:00
1719057600,134.52,134.79,133.9,134.25,,2024-06-22 12:00:00+00:00
1719072000,134.25,135.0,133.91,134.47,,2024-06-22 16:00:00+00:00
1719086400,134.48,134.62,133.16,133.69,,2024-06-22 20:00:00+00:00
1719100800,133.7,135.09,133.59,134.77,,2024-06-23 00:00:00+00:00
1719115200,134.76,135.0,134.21,134.72,,2024-06-23 04:00:00+00:00
1719129600,134.71,134.83,133.48,134.03,,2024-06-23 08:00:00+00:00
1719144000,134.03,134.4,131.43,131.58,,2024-06-23 12:00:00+00:00
1719158400,131.58,132.53,130.43,131.46,,2024-06-23 16:00:00+00:00
1719172800,131.46,131.54,128.22,128.69,,2024-06-23 20:00:00+00:00
1719187200,128.68,129.79,126.0,126.23,,2024-06-24 00:00:00+00:00
1719201600,126.23,126.69,123.21,125.2,,2024-06-24 04:00:00+00:00
1719216000,125.21,127.5,122.0,127.07,,2024-06-24 08:00:00+00:00
1719230400,127.06,129.95,125.64,126.31,,2024-06-24 12:00:00+00:00
1719244800,126.31,130.38,125.85,127.49,,2024-06-24 16:00:00+00:00
1719259200,127.48,132.66,125.04,132.33,,2024-06-24 20:00:00+00:00
1719273600,132.34,136.58,131.2,135.79,,2024-06-25 00:00:00+00:00
1719288000,135.79,136.86,134.56,134.82,,2024-06-25 04:00:00+00:00
1719302400,134.82,139.16,133.47,137.8,,2024-06-25 08:00:00+00:00
1719316800,137.81,139.9,136.45,139.43,,2024-06-25 12:00:00+00:00
1719331200,139.43,139.6,137.01,138.75,,2024-06-25 16:00:00+00:00
1719345600,138.73,139.0,135.86,136.58,,2024-06-25 20:00:00+00:00
1719360000,136.57,140.41,136.14,138.46,,2024-06-26 00:00:00+00:00
1719374400,138.46,138.8,136.33,137.94,,2024-06-26 04:00:00+00:00
1719388800,137.94,138.17,136.03,137.32,,2024-06-26 08:00:00+00:00
1719403200,137.32,139.49,136.07,136.88,,2024-06-26 12:00:00+00:00
1719417600,136.89,137.83,134.85,137.76,,2024-06-26 16:00:00+00:00
1719432000,137.75,138.46,136.26,136.81,,2024-06-26 20:00:00+00:00
1719446400,136.81,137.94,135.61,137.52,,2024-06-27 00:00:00+00:00
1719460800,137.51,137.73,135.2,135.91,,2024-06-27 04:00:00+00:00
1719475200,135.91,139.47,135.52,139.05,,2024-06-27 08:00:00+00:00
1719489600,139.03,151.21,138.52,147.77,,2024-06-27 12:00:00+00:00
1719504000,147.77,149.44,146.61,148.46,,2024-06-27 16:00:00+00:00
1719518400,148.46,150.52,148.07,149.71,,2024-06-27 20:00:00+00:00
1719532800,149.71,150.84,146.51,147.54,,2024-06-28 00:00:00+00:00
1719547200,147.54,147.59,143.79,145.37,,2024-06-28 04:00:00+00:00
1719561600,145.38,146.2,144.77,145.5,,2024-06-28 08:00:00+00:00
1719576000,145.5,146.93,140.86,143.23,,2024-06-28 12:00:00+00:00
1719590400,143.22,143.97,140.12,140.98,,2024-06-28 16:00:00+00:00
1719604800,140.98,141.64,139.01,140.03,,2024-06-28 20:00:00+00:00
1719619200,140.03,142.6,139.97,141.77,,2024-06-29 00:00:00+00:00
1719633600,141.78,142.52,140.1,142.0,,2024-06-29 04:00:00+00:00
1719648000,142.0,143.26,141.49,142.66,,2024-06-29 08:00:00+00:00
1719662400,142.66,143.0,141.2,142.68,,2024-06-29 12:00:00+00:00
1719676800,142.67,142.83,140.82,141.72,,2024-06-29 16:00:00+00:00
1719691200,141.72,141.82,139.67,140.28,,2024-06-29 20:00:00+00:00
1719705600,140.28,141.09,138.02,138.3,,2024-06-30 00:00:00+00:00
1719720000,138.3,141.12,137.09,140.64,,2024-06-30 04:00:00+00:00
1719734400,140.65,141.79,140.34,141.18,,2024-06-30 08:00:00+00:00
1719748800,141.18,144.0,140.58,143.83,,2024-06-30 12:00:00+00:00
1719763200,143.82,145.9,142.75,144.82,,2024-06-30 16:00:00+00:00
1719777600,144.82,147.62,143.79,146.61,,2024-06-30 20:00:00+00:00
1719792000,146.61,149.13,145.97,147.61,,2024-07-01 00:00:00+00:00
1719806400,147.61,148.71,147.17,148.3,,2024-07-01 04:00:00+00:00
1719820800,148.3,149.09,145.87,146.14,,2024-07-01 08:00:00+00:00
1719835200,146.15,148.72,146.04,148.5,,2024-07-01 12:00:00+00:00
1719849600,148.51,149.36,146.6,147.32,,2024-07-01 16:00:00+00:00
1719864000,147.33,148.26,146.0,146.67,,2024-07-01 20:00:00+00:00
1719878400,146.68,149.91,146.14,149.16,,2024-07-02 00:00:00+00:00
1719892800,149.17,149.95,146.98,147.43,,2024-07-02 04:00:00+00:00
1719907200,147.43,150.1,146.88,149.68,,2024-07-02 08:00:00+00:00
1719921600,149.68,151.87,147.22,148.39,,2024-07-02 12:00:00+00:00
1719936000,148.4,153.82,147.65,152.79,,2024-07-02 16:00:00+00:00
1719950400,152.8,155.0,152.33,154.03,,2024-07-02 20:00:00+00:00
1719964800,154.03,154.5,149.2,150.56,,2024-07-03 00:00:00+00:00
1719979200,150.57,150.57,146.39,146.4,,2024-07-03 04:00:00+00:00
1719993600,146.39,147.28,142.77,144.07,,2024-07-03 08:00:00+00:00
1720008000,144.07,144.34,140.94,141.68,,2024-07-03 12:00:00+00:00
1720022400,141.68,143.23,139.12,140.43,,2024-07-03 16:00:00+00:00
1720036800,140.43,142.05,139.01,140.84,,2024-07-03 20:00:00+00:00
1720051200,140.84,142.75,132.21,137.08,,2024-07-04 00:00:00+00:00
1720065600,137.07,137.35,133.82,134.38,,2024-07-04 04:00:00+00:00
1720080000,134.4,135.95,132.25,132.73,,2024-07-04 08:00:00+00:00
1720094400,132.73,135.96,129.58,135.4,,2024-07-04 12:00:00+00:00
1720108800,135.4,135.98,133.66,134.0,,2024-07-04 16:00:00+00:00
1720123200,134.0,135.66,127.2,127.86,,2024-07-04 20:00:00+00:00
1720137600,127.85,129.16,121.0,123.67,,2024-07-05 00:00:00+00:00
1720152000,123.68,127.72,121.0,126.72,,2024-07-05 04:00:00+00:00
1720166400,126.72,130.86,122.07,130.13,,2024-07-05 08:00:00+00:00
1720180800,130.13,134.99,128.36,134.93,,2024-07-05 12:00:00+00:00
1720195200,134.94,136.58,133.71,134.97,,2024-07-05 16:00:00+00:00
1720209600,134.97,135.79,133.92,134.32,,2024-07-05 20:00:00+00:00
1720224000,134.32,137.83,132.33,134.44,,2024-07-06 00:00:00+00:00
1720238400,134.44,137.38,133.55,136.94,,2024-07-06 04:00:00+00:00
1720252800,136.93,140.62,136.44,138.75,,2024-07-06 08:00:00+00:00
1720267200,138.74,142.15,137.8,141.88,,2024-07-06 12:00:00+00:00
1720281600,141.88,143.54,140.72,142.82,,2024-07-06 16:00:00+00:00
1720296000,142.82,144.35,142.17,143.05,,2024-07-06 20:00:00+00:00
1720310400,143.05,143.33,140.29,142.12,,2024-07-07 00:00:00+00:00
1720324800,142.11,142.11,138.06,139.09,,2024-07-07 04:00:00+00:00
1720339200,139.09,140.68,138.75,139.89,,2024-07-07 08:00:00+00:00
1720353600,139.88,140.8,135.47,137.07,,2024-07-07 12:00:00+00:00
1720368000,137.08,139.6,136.76,137.33,,2024-07-07 16:00:00+00:00
1720382400,137.33,137.85,131.23,131.64,,2024-07-07 20:00:00+00:00
1720396800,131.64,132.97,127.77,130.71,,2024-07-08 00:00:00+00:00
1720411200,130.7,134.01,129.88,132.59,,2024-07-08 04:00:00+00:00
1720425600,132.6,142.0,132.35,140.61,,2024-07-08 08:00:00+00:00
1720440000,140.6,141.99,133.53,137.43,,2024-07-08 12:00:00+00:00
1720454400,137.44,138.61,135.0,138.29,,2024-07-08 16:00:00+00:00
1720468800,138.3,141.0,137.2,139.81,,2024-07-08 20:00:00+00:00
1720483200,139.81,141.2,136.45,140.44,,2024-07-09 00:00:00+00:00
1720497600,140.44,143.45,140.06,142.12,,2024-07-09 04:00:00+00:00
1720512000,142.13,144.33,140.19,141.92,,2024-07-09 08:00:00+00:00
1720526400,141.92,143.08,138.61,140.52,,2024-07-09 12:00:00+00:00
1720540800,140.52,143.13,140.08,142.12,,2024-07-09 16:00:00+00:00
1720555200,142.13,143.54,140.85,141.42,,2024-07-09 20:00:00+00:00
1720569600,141.43,141.81,138.6,141.73,,2024-07-10 00:00:00+00:00
1720584000,141.73,146.2,141.69,144.17,,2024-07-10 04:00:00+00:00
1720598400,144.17,144.5,142.27,142.79,,2024-07-10 08:00:00+00:00
1720612800,142.79,143.17,139.97,141.18,,2024-07-10 12:00:00+00:00
1720627200,141.17,142.68,140.31,141.07,,2024-07-10 16:00:00+00:00
1720641600,141.08,142.47,140.21,141.98,,2024-07-10 20:00:00+00:00
1720656000,141.99,143.23,139.08,140.3,,2024-07-11 00:00:00+00:00
1720670400,140.31,142.53,140.1,142.1,,2024-07-11 04:00:00+00:00
1720684800,142.1,143.98,142.1,143.52,,2024-07-11 08:00:00+00:00
1720699200,143.52,146.1,137.68,138.45,,2024-07-11 12:00:00+00:00
1720713600,138.44,139.01,136.4,136.57,,2024-07-11 16:00:00+00:00
1720728000,136.55,137.64,135.64,135.73,,2024-07-11 20:00:00+00:00
1720742400,135.73,138.19,134.05,136.53,,2024-07-12 00:00:00+00:00
1720756800,136.52,137.07,134.11,135.41,,2024-07-12 04:00:00+00:00
1720771200,135.41,135.93,133.92,135.65,,2024-07-12 08:00:00+00:00
1720785600,135.65,139.36,135.44,138.85,,2024-07-12 12:00:00+00:00
1720800000,138.85,140.55,137.72,138.49,,2024-07-12 16:00:00+00:00
1720814400,138.49,139.53,136.66,139.46,,2024-07-12 20:00:00+00:00
1720828800,139.47,139.97,138.28,138.75,,2024-07-13 00:00:00+00:00
1720843200,138.76,139.5,137.94,139.38,,2024-07-13 04:00:00+00:00
1720857600,139.38,140.94,138.43,140.12,,2024-07-13 08:00:00+00:00
1720872000,140.13,140.62,139.25,140.37,,2024-07-13 12:00:00+00:00
1720886400,140.37,140.83,139.2,139.82,,2024-07-13 16:00:00+00:00
1720900800,139.82,143.6,139.1,141.9,,2024-07-13 20:00:00+00:00
1720915200,141.89,145.18,141.87,143.96,,2024-07-14 00:00:00+00:00
1720929600,143.96,145.98,143.88,144.77,,2024-07-14 04:00:00+00:00
1720944000,144.78,147.0,144.66,144.88,,2024-07-14 08:00:00+00:00
1720958400,144.88,146.04,143.43,145.9,,2024-07-14 12:00:00+00:00
1720972800,145.9,145.98,144.59,145.22,,2024-07-14 16:00:00+00:00
1720987200,145.23,148.56,145.09,147.66,,2024-07-14 20:00:00+00:00
1721001600,147.66,152.18,147.0,151.39,,2024-07-15 00:00:00+00:00
1721016000,151.4,154.5,150.72,153.23,,2024-07-15 04:00:00+00:00
1721030400,153.23,154.45,150.93,151.64,,2024-07-15 08:00:00+00:00
1721044800,151.65,154.3,151.63,152.94,,2024-07-15 12:00:00+00:00
1721059200,152.94,157.0,152.53,155.33,,2024-07-15 16:00:00+00:00
1721073600,155.34,159.95,155.22,159.38,,2024-07-15 20:00:00+00:00
1721088000,159.37,160.22,156.08,157.88,,2024-07-16 00:00:00+00:00
1721102400,157.89,158.81,153.68,154.49,,2024-07-16 04:00:00+00:00
1721116800,154.48,157.63,152.57,157.32,,2024-07-16 08:00:00+00:00
1721131200,157.32,161.6,154.47,160.98,,2024-07-16 12:00:00+00:00
1721145600,160.98,162.49,158.88,161.94,,2024-07-16 16:00:00+00:00
1721160000,161.93,162.01,159.06,160.62,,2024-07-16 20:00:00+00:00
1721174400,160.62,163.8,160.02,160.92,,2024-07-17 00:00:00+00:00
1721188800,160.93,162.56,160.07,160.6,,2024-07-17 04:00:00+00:00
1721203200,160.59,163.61,159.53,160.84,,2024-07-17 08:00:00+00:00
1721217600,160.84,162.16,157.82,158.08,,2024-07-17 12:00:00+00:00
1721232000,158.09,158.31,154.68,156.83,,2024-07-17 16:00:00+00:00
1721246400,156.83,157.28,154.87,155.5,,2024-07-17 20:00:00+00:00
1721260800,155.5,159.94,155.5,158.93,,2024-07-18 00:00:00+00:00
1721275200,158.93,160.0,157.06,158.66,,2024-07-18 04:00:00+00:00
1721289600,158.66,159.87,158.0,159.45,,2024-07-18 08:00:00+00:00
1721304000,159.44,161.6,156.01,156.37,,2024-07-18 12:00:00+00:00
1721318400,156.37,157.7,155.07,156.98,,2024-07-18 16:00:00+00:00
1721332800,156.98,160.62,156.36,159.22,,2024-07-18 20:00:00+00:00
1721347200,159.22,162.1,156.07,161.83,,2024-07-19 00:00:00+00:00
1721361600,161.84,165.62,160.66,161.42,,2024-07-19 04:00:00+00:00
1721376000,161.42,164.0,159.14,162.65,,2024-07-19 08:00:00+00:00
1721390400,162.66,169.09,162.27,168.8,,2024-07-19 12:00:00+00:00
1721404800,168.8,172.42,168.25,170.46,,2024-07-19 16:00:00+00:00
1721419200,170.46,170.54,167.79,169.13,,2024-07-19 20:00:00+00:00
1721433600,169.12,171.8,168.26,169.57,,2024-07-20 00:00:00+00:00
1721448000,169.57,170.39,168.5,168.57,,2024-07-20 04:00:00+00:00
1721462400,168.56,169.84,167.65,168.03,,2024-07-20 08:00:00+00:00
1721476800,168.04,169.73,167.27,169.28,,2024-07-20 12:00:00+00:00
1721491200,169.28,174.56,168.87,172.42,,2024-07-20 16:00:00+00:00
1721505600,172.42,175.1,172.42,173.6,,2024-07-20 20:00:00+00:00
1721520000,173.6,175.5,172.74,173.14,,2024-07-21 00:00:00+00:00
1721534400,173.13,173.8,170.97,171.33,,2024-07-21 04:00:00+00:00
1721548800,171.33,173.03,171.24,172.88,,2024-07-21 08:00:00+00:00
1721563200,172.87,176.66,171.31,175.4,,2024-07-21 12:00:00+00:00
1721577600,175.4,178.18,170.27,177.98,,2024-07-21 16:00:00+00:00
1721592000,177.98,185.17,177.42,184.49,,2024-07-21 20:00:00+00:00
1721606400,184.49,185.0,180.33,180.94,,2024-07-22 00:00:00+00:00
1721620800,180.94,181.81,177.65,178.39,,2024-07-22 04:00:00+00:00
1721635200,178.39,180.98,176.71,180.59,,2024-07-22 08:00:00+00:00
1721649600,180.59,181.86,177.0,179.88,,2024-07-22 12:00:00+00:00
1721664000,179.87,183.0,178.61,182.86,,2024-07-22 16:00:00+00:00
1721678400,182.85,183.38,177.11,178.9,,2024-07-22 20:00:00+00:00
1721692800,178.9,180.54,177.14,179.1,,2024-07-23 00:00:00+00:00
1721707200,179.09,179.1,173.73,176.06,,2024-07-23 04:00:00+00:00
1721721600,176.06,178.73,174.1,175.62,,2024-07-23 08:00:00+00:00
1721736000,175.62,178.39,172.18,176.49,,2024-07-23 12:00:00+00:00
1721750400,176.48,176.99,169.72,171.98,,2024-07-23 16:00:00+00:00
1721764800,171.99,174.73,171.16,173.03,,2024-07-23 20:00:00+00:00
1721779200,173.03,174.49,170.9,173.65,,2024-07-24 00:00:00+00:00
1721793600,173.64,174.6,172.21,174.25,,2024-07-24 04:00:00+00:00
1721808000,174.25,178.52,173.66,177.76,,2024-07-24 08:00:00+00:00
1721822400,177.77,182.08,176.21,177.76,,2024-07-24 12:00:00+00:00
1721836800,177.77,182.5,176.44,178.2,,2024-07-24 16:00:00+00:00
1721851200,178.2,180.33,175.53,178.06,,2024-07-24 20:00:00+00:00
1721865600,178.07,179.59,167.95,170.53,,2024-07-25 00:00:00+00:00
1721880000,170.53,172.99,169.29,169.4,,2024-07-25 04:00:00+00:00
1721894400,169.4,171.28,167.04,168.81,,2024-07-25 08:00:00+00:00
1721908800,168.81,172.06,165.71,170.43,,2024-07-25 12:00:00+00:00
1721923200,170.44,172.5,166.66,168.13,,2024-07-25 16:00:00+00:00
1721937600,168.13,172.9,165.42,171.85,,2024-07-25 20:00:00+00:00
1721952000,171.86,176.94,171.69,175.75,,2024-07-26 00:00:00+00:00
1721966400,175.74,177.77,175.6,176.75,,2024-07-26 04:00:00+00:00
1721980800,176.75,180.06,176.75,178.81,,2024-07-26 08:00:00+00:00
1721995200,178.8,185.01,177.49,181.53,,2024-07-26 12:00:00+00:00
1722009600,181.53,182.97,180.71,182.21,,2024-07-26 16:00:00+00:00
1722024000,182.22,183.7,181.11,183.06,,2024-07-26 20:00:00+00:00
1722038400,183.07,184.29,181.29,182.66,,2024-07-27 00:00:00+00:00
1722052800,182.66,186.22,182.53,185.84,,2024-07-27 04:00:00+00:00
1722067200,185.83,187.37,184.21,185.4,,2024-07-27 08:00:00+00:00
1722081600,185.4,188.33,181.54,182.52,,2024-07-27 12:00:00+00:00
1722096000,182.53,183.33,179.42,181.48,,2024-07-27 16:00:00+00:00
1722110400,181.47,186.81,178.11,183.92,,2024-07-27 20:00:00+00:00
1722124800,183.92,186.77,182.39,184.31,,2024-07-28 00:00:00+00:00
1722139200,184.31,184.86,181.16,183.84,,2024-07-28 04:00:00+00:00
1722153600,183.85,186.0,183.01,185.26,,2024-07-28 08:00:00+00:00
1722168000,185.26,186.63,183.69,184.11,,2024-07-28 12:00:00+00:00
1722182400,184.12,185.59,183.13,184.78,,2024-07-28 16:00:00+00:00
1722196800,184.78,185.4,182.61,184.9,,2024-07-28 20:00:00+00:00
1722211200,184.91,193.35,184.4,192.25,,2024-07-29 00:00:00+00:00
1722225600,192.25,193.98,189.87,192.35,,2024-07-29 04:00:00+00:00
1722240000,192.35,192.41,190.26,190.84,,2024-07-29 08:00:00+00:00
1722254400,190.84,193.2,184.89,186.95,,2024-07-29 12:00:00+00:00
1722268800,186.95,187.49,184.1,186.84,,2024-07-29 16:00:00+00:00
1722283200,186.85,186.89,181.57,182.57,,2024-07-29 20:00:00+00:00
1722297600,182.57,183.95,179.3,182.58,,2024-07-30 00:00:00+00:00
1722312000,182.58,184.95,181.25,182.39,,2024-07-30 04:00:00+00:00
1722326400,182.38,182.89,180.07,181.02,,2024-07-30 08:00:00+00:00
1722340800,181.01,182.66,178.7,181.01,,2024-07-30 12:00:00+00:00
1722355200,181.0,181.59,176.28,177.97,,2024-07-30 16:00:00+00:00
1722369600,177.96,179.94,175.39,179.16,,2024-07-30 20:00:00+00:00
1722384000,179.16,181.72,178.08,180.91,,2024-07-31 00:00:00+00:00
1722398400,180.91,185.1,178.09,183.13,,2024-07-31 04:00:00+00:00
1722412800,183.13,184.57,181.34,181.72,,2024-07-31 08:00:00+00:00
1722427200,181.71,184.28,179.73,180.08,,2024-07-31 12:00:00+00:00
1722441600,180.08,182.68,174.99,176.59,,2024-07-31 16:00:00+00:00
1722456000,176.58,177.0,171.61,171.71,,2024-07-31 20:00:00+00:00
1722470400,171.7,172.91,168.52,168.62,,2024-08-01 00:00:00+00:00
1722484800,168.63,169.74,166.0,168.23,,2024-08-01 04:00:00+00:00
1722499200,168.23,169.94,168.01,169.69,,2024-08-01 08:00:00+00:00
1722513600,169.69,171.46,161.25,162.67,,2024-08-01 12:00:00+00:00
1722528000,162.68,162.91,157.91,162.4,,2024-08-01 16:00:00+00:00
1722542400,162.39,168.48,161.2,167.37,,2024-08-01 20:00:00+00:00
1722556800,167.37,169.43,161.52,164.32,,2024-08-02 00:00:00+00:00
1722571200,164.31,165.32,159.06,161.44,,2024-08-02 04:00:00+00:00
1722585600,161.43,165.42,160.41,164.37,,2024-08-02 08:00:00+00:00
1722600000,164.36,167.65,152.8,156.76,,2024-08-02 12:00:00+00:00
1722614400,156.76,157.46,150.01,151.3,,2024-08-02 16:00:00+00:00
1722628800,151.29,155.06,150.0,152.77,,2024-08-02 20:00:00+00:00
1722643200,152.78,154.05,148.62,153.56,,2024-08-03 00:00:00+00:00
1722657600,153.56,153.56,151.18,151.64,,2024-08-03 04:00:00+00:00
1722672000,151.64,152.58,148.35,152.38,,2024-08-03 08:00:00+00:00
1722686400,152.38,153.59,146.02,146.2,,2024-08-03 12:00:00+00:00
1722700800,146.19,147.61,140.0,140.42,,2024-08-03 16:00:00+00:00
1722715200,140.42,143.97,140.07,142.52,,2024-08-03 20:00:00+00:00
1722729600,142.53,146.08,141.81,144.32,,2024-08-04 00:00:00+00:00
1722744000,144.31,144.48,140.57,140.82,,2024-08-04 04:00:00+00:00
1722758400,140.83,144.52,139.4,143.51,,2024-08-04 08:00:00+00:00
1722772800,143.5,145.12,135.0,135.19,,2024-08-04 12:00:00+00:00
1722787200,135.19,143.0,131.22,142.0,,2024-08-04 16:00:00+00:00
1722801600,141.99,143.93,137.35,138.33,,2024-08-04 20:00:00+00:00
1722816000,138.32,139.37,121.93,126.14,,2024-08-05 00:00:00+00:00
1722830400,126.13,130.13,110.0,122.9,,2024-08-05 04:00:00+00:00
1722844800,122.91,123.9,110.56,115.96,,2024-08-05 08:00:00+00:00
1722859200,115.97,132.65,110.03,130.44,,2024-08-05 12:00:00+00:00
1722873600,130.45,135.53,126.7,128.76,,2024-08-05 16:00:00+00:00
1722888000,128.76,135.1,128.33,129.78,,2024-08-05 20:00:00+00:00
1722902400,129.79,141.1,129.4,138.62,,2024-08-06 00:00:00+00:00
1722916800,138.63,144.0,137.5,141.98,,2024-08-06 04:00:00+00:00
1722931200,141.98,142.11,136.34,139.47,,2024-08-06 08:00:00+00:00
1722945600,139.46,146.37,136.11,145.9,,2024-08-06 12:00:00+00:00
1722960000,145.9,148.45,144.97,146.33,,2024-08-06 16:00:00+00:00
1722974400,146.33,149.59,143.25,144.4,,2024-08-06 20:00:00+00:00
1722988800,144.4,151.78,142.33,151.62,,2024-08-07 00:00:00+00:00
1723003200,151.63,155.0,150.0,152.46,,2024-08-07 04:00:00+00:00
1723017600,152.46,154.92,150.65,151.61,,2024-08-07 08:00:00+00:00
1723032000,151.61,154.52,146.24,148.46,,2024-08-07 12:00:00+00:00
1723046400,148.45,149.45,142.35,143.16,,2024-08-07 16:00:00+00:00
1723060800,143.16,147.54,142.21,144.77,,2024-08-07 20:00:00+00:00
1723075200,144.78,156.38,141.4,153.09,,2024-08-08 00:00:00+00:00
1723089600,153.09,155.53,151.44,153.65,,2024-08-08 04:00:00+00:00
1723104000,153.66,155.72,152.97,154.12,,2024-08-08 08:00:00+00:00
1723118400,154.13,160.76,152.5,160.6,,2024-08-08 12:00:00+00:00
1723132800,160.6,162.82,155.18,155.81,,2024-08-08 16:00:00+00:00
1723147200,155.8,163.7,155.36,163.13,,2024-08-08 20:00:00+00:00
1723161600,163.12,163.54,158.23,158.94,,2024-08-09 00:00:00+00:00
1723176000,158.94,159.12,155.68,157.92,,2024-08-09 04:00:00+00:00
1723190400,157.91,159.69,155.32,156.62,,2024-08-09 08:00:00+00:00
1723204800,156.63,157.37,151.11,151.13,,2024-08-09 12:00:00+00:00
1723219200,151.12,154.25,150.72,153.6,,2024-08-09 16:00:00+00:00
1723233600,153.61,157.36,151.5,156.28,,2024-08-09 20:00:00+00:00
1723248000,156.29,158.75,153.27,154.17,,2024-08-10 00:00:00+00:00
1723262400,154.17,155.44,152.54,155.43,,2024-08-10 04:00:00+00:00
1723276800,155.42,155.9,153.6,154.85,,2024-08-10 08:00:00+00:00
1723291200,154.86,155.23,152.8,153.96,,2024-08-10 12:00:00+00:00
1723305600,153.97,155.36,153.0,154.51,,2024-08-10 16:00:00+00:00
1723320000,154.51,155.15,153.65,154.01,,2024-08-10 20:00:00+00:00
1723334400,154.01,157.05,153.65,155.69,,2024-08-11 00:00:00+00:00
1723348800,155.7,156.85,154.8,156.69,,2024-08-11 04:00:00+00:00
1723363200,156.69,158.0,153.03,153.66,,2024-08-11 08:00:00+00:00
1723377600,153.65,153.8,148.03,148.73,,2024-08-11 12:00:00+00:00
1723392000,148.73,149.75,145.63,145.78,,2024-08-11 16:00:00+00:00
1723406400,145.78,145.86,141.2,141.57,,2024-08-11 20:00:00+00:00
1723420800,141.56,144.84,141.2,143.92,,2024-08-12 00:00:00+00:00
1723435200,143.91,146.77,142.21,145.94,,2024-08-12 04:00:00+00:00
1723449600,145.94,150.79,143.58,150.25,,2024-08-12 08:00:00+00:00
1723464000,150.26,150.51,143.01,147.58,,2024-08-12 12:00:00+00:00
1723478400,147.58,148.26,142.94,143.75,,2024-08-12 16:00:00+00:00
1723492800,143.75,147.53,141.84,146.29,,2024-08-12 20:00:00+00:00
1723507200,146.29,147.36,142.92,143.66,,2024-08-13 00:00:00+00:00
1723521600,143.66,147.04,142.96,145.99,,2024-08-13 04:00:00+00:00
1723536000,145.99,146.38,143.24,145.88,,2024-08-13 08:00:00+00:00
1723550400,145.87,147.67,144.66,146.08,,2024-08-13 12:00:00+00:00
1723564800,146.08,149.82,144.88,146.55,,2024-08-13 16:00:00+00:00
1723579200,146.54,147.89,145.72,146.65,,2024-08-13 20:00:00+00:00
1723593600,146.65,147.27,143.58,145.14,,2024-08-14 00:00:00+00:00
1723608000,145.15,145.73,144.09,145.73,,2024-08-14 04:00:00+00:00
1723622400,145.73,149.04,144.83,148.01,,2024-08-14 08:00:00+00:00
1723636800,148.02,152.18,144.5,146.7,,2024-08-14 12:00:00+00:00
1723651200,146.71,147.24,143.76,144.24,,2024-08-14 16:00:00+00:00
1723665600,144.24,144.7,142.36,143.71,,2024-08-14 20:00:00+00:00
1723680000,143.7,145.4,143.17,144.7,,2024-08-15 00:00:00+00:00
1723694400,144.71,144.88,141.04,142.51,,2024-08-15 04:00:00+00:00
1723708800,142.51,143.52,141.29,143.13,,2024-08-15 08:00:00+00:00
1723723200,143.13,146.6,142.05,145.95,,2024-08-15 12:00:00+00:00
1723737600,145.95,147.64,137.78,139.99,,2024-08-15 16:00:00+00:00
1723752000,139.99,144.92,138.7,142.58,,2024-08-15 20:00:00+00:00
1723766400,142.58,144.43,140.74,141.99,,2024-08-16 00:00:00+00:00
1723780800,141.99,144.82,141.6,144.53,,2024-08-16 04:00:00+00:00
1723795200,144.53,144.88,141.71,141.97,,2024-08-16 08:00:00+00:00
1723809600,141.98,142.63,136.3,137.91,,2024-08-16 12:00:00+00:00
1723824000,137.91,141.45,136.1,140.94,,2024-08-16 16:00:00+00:00
1723838400,140.95,141.93,139.0,139.04,,2024-08-16 20:00:00+00:00
1723852800,139.04,140.3,137.61,138.89,,2024-08-17 00:00:00+00:00
1723867200,138.89,139.73,138.62,139.45,,2024-08-17 04:00:00+00:00
1723881600,139.45,140.17,138.12,139.12,,2024-08-17 08:00:00+00:00
1723896000,139.11,141.85,138.94,140.18,,2024-08-17 12:00:00+00:00
1723910400,140.18,141.65,140.1,141.11,,2024-08-17 16:00:00+00:00
1723924800,141.11,141.99,140.68,141.93,,2024-08-17 20:00:00+00:00
1723939200,141.92,143.31,141.0,141.17,,2024-08-18 00:00:00+00:00
1723953600,141.16,142.0,140.56,141.55,,2024-08-18 04:00:00+00:00
1723968000,141.55,147.31,141.3,144.62,,2024-08-18 08:00:00+00:00
1723982400,144.62,146.69,144.0,145.8,,2024-08-18 12:00:00+00:00
1723996800,145.79,146.61,144.09,146.44,,2024-08-18 16:00:00+00:00
1724011200,146.44,147.07,142.28,142.42,,2024-08-18 20:00:00+00:00
1724025600,142.42,143.47,141.59,143.23,,2024-08-19 00:00:00+00:00
1724040000,143.23,143.51,141.91,142.3,,2024-08-19 04:00:00+00:00
1724054400,142.31,143.35,140.33,142.33,,2024-08-19 08:00:00+00:00
1724068800,142.33,144.66,141.67,143.86,,2024-08-19 12:00:00+00:00
1724083200,143.87,146.19,142.6,142.95,,2024-08-19 16:00:00+00:00
1724097600,142.95,144.54,142.63,144.29,,2024-08-19 20:00:00+00:00
1724112000,144.28,147.9,143.36,145.58,,2024-08-20 00:00:00+00:00
1724126400,145.58,148.83,145.4,147.47,,2024-08-20 04:00:00+00:00
1724140800,147.48,147.71,145.17,145.4,,2024-08-20 08:00:00+00:00
1724155200,145.4,146.43,141.0,142.16,,2024-08-20 12:00:00+00:00
1724169600,142.16,144.3,141.63,144.02,,2024-08-20 16:00:00+00:00
1724184000,144.02,144.55,142.22,142.27,,2024-08-20 20:00:00+00:00
1724198400,142.27,143.1,141.55,142.53,,2024-08-21 00:00:00+00:00
1724212800,142.54,143.83,142.23,143.18,,2024-08-21 04:00:00+00:00
1724227200,143.18,143.54,140.93,141.31,,2024-08-21 08:00:00+00:00
1724241600,141.3,142.52,138.7,140.36,,2024-08-21 12:00:00+00:00
1724256000,140.36,143.66,139.67,143.43,,2024-08-21 16:00:00+00:00
1724270400,143.43,144.42,142.09,142.79,,2024-08-21 20:00:00+00:00
1724284800,142.78,143.25,140.63,141.73,,2024-08-22 00:00:00+00:00
1724299200,141.73,143.69,141.43,143.33,,2024-08-22 04:00:00+00:00
1724313600,143.34,144.83,142.62,144.53,,2024-08-22 08:00:00+00:00
1724328000,144.53,144.88,142.0,142.63,,2024-08-22 12:00:00+00:00
1724342400,142.64,143.6,142.4,142.74,,2024-08-22 16:00:00+00:00
1724356800,142.74,143.74,142.68,143.22,,2024-08-22 20:00:00+00:00
1724371200,143.23,145.73,143.19,144.48,,2024-08-23 00:00:00+00:00
1724385600,144.47,145.93,144.38,145.15,,2024-08-23 04:00:00+00:00
1724400000,145.15,145.49,143.4,143.49,,2024-08-23 08:00:00+00:00
1724414400,143.5,147.1,142.68,144.4,,2024-08-23 12:00:00+00:00
1724428800,144.4,150.2,144.07,149.7,,2024-08-23 16:00:00+00:00
1724443200,149.7,154.08,149.68,153.26,,2024-08-23 20:00:00+00:00
1724457600,153.27,154.67,151.97,153.25,,2024-08-24 00:00:00+00:00
1724472000,153.25,155.39,153.15,154.61,,2024-08-24 04:00:00+00:00
1724486400,154.62,158.74,154.34,157.34,,2024-08-24 08:00:00+00:00
1724500800,157.33,159.78,156.97,159.46,,2024-08-24 12:00:00+00:00
1724515200,159.45,162.3,159.26,160.57,,2024-08-24 16:00:00+00:00
1724529600,160.57,161.16,157.28,160.67,,2024-08-24 20:00:00+00:00
1724544000,160.67,160.76,157.36,158.3,,2024-08-25 00:00:00+00:00
1724558400,158.3,159.05,155.25,156.12,,2024-08-25 04:00:00+00:00
1724572800,156.12,158.7,155.8,157.28,,2024-08-25 08:00:00+00:00
1724587200,157.27,159.92,156.93,159.35,,2024-08-25 12:00:00+00:00
1724601600,159.36,160.32,158.48,159.1,,2024-08-25 16:00:00+00:00
1724616000,159.11,162.0,158.41,158.92,,2024-08-25 20:00:00+00:00
1724630400,158.92,160.16,157.38,160.11,,2024-08-26 00:00:00+00:00
1724644800,160.12,161.12,158.34,159.11,,2024-08-26 04:00:00+00:00
1724659200,159.12,162.0,158.46,160.38,,2024-08-26 08:00:00+00:00
1724673600,160.37,161.71,155.95,157.64,,2024-08-26 12:00:00+00:00
1724688000,157.63,159.4,155.53,158.0,,2024-08-26 16:00:00+00:00
1724702400,158.0,159.28,156.4,157.12,,2024-08-26 20:00:00+00:00
1724716800,157.12,159.0,157.04,158.53,,2024-08-27 00:00:00+00:00
1724731200,158.54,159.69,157.25,157.72,,2024-08-27 04:00:00+00:00
1724745600,157.73,158.03,153.33,154.26,,2024-08-27 08:00:00+00:00
1724760000,154.26,155.82,152.67,153.75,,2024-08-27 12:00:00+00:00
1724774400,153.75,155.55,153.25,154.98,,2024-08-27 16:00:00+00:00
1724788800,154.98,155.06,145.03,146.79,,2024-08-27 20:00:00+00:00
1724803200,146.78,148.32,145.37,148.17,,2024-08-28 00:00:00+00:00
1724817600,148.17,149.3,143.73,143.97,,2024-08-28 04:00:00+00:00
1724832000,143.97,148.1,142.72,147.16,,2024-08-28 08:00:00+00:00
1724846400,147.15,148.54,143.11,144.11,,2024-08-28 12:00:00+00:00
1724860800,144.11,145.63,140.53,144.26,,2024-08-28 16:00:00+00:00
1724875200,144.26,146.37,141.6,143.95,,2024-08-28 20:00:00+00:00
1724889600,143.96,145.02,142.94,143.32,,2024-08-29 00:00:00+00:00
1724904000,143.33,145.38,143.16,144.66,,2024-08-29 04:00:00+00:00
1724918400,144.66,146.85,144.38,145.63,,2024-08-29 08:00:00+00:00
1724932800,145.64,147.36,144.73,146.06,,2024-08-29 12:00:00+00:00
1724947200,146.06,146.8,138.57,140.28,,2024-08-29 16:00:00+00:00
1724961600,140.27,141.4,138.05,140.0,,2024-08-29 20:00:00+00:00
1724976000,140.01,141.11,138.42,138.75,,2024-08-30 00:00:00+00:00
1724990400,138.75,139.92,137.15,139.02,,2024-08-30 04:00:00+00:00
1725004800,139.03,140.06,138.35,138.66,,2024-08-30 08:00:00+00:00
1725019200,138.65,140.73,132.49,133.32,,2024-08-30 12:00:00+00:00
1725033600,133.33,137.91,132.04,135.98,,2024-08-30 16:00:00+00:00
1725048000,135.98,138.48,135.65,137.99,,2024-08-30 20:00:00+00:00
1725062400,137.99,139.23,137.5,138.29,,2024-08-31 00:00:00+00:00
1725076800,138.29,138.77,137.38,137.59,,2024-08-31 04:00:00+00:00
1725091200,137.59,137.85,135.79,137.01,,2024-08-31 08:00:00+00:00
1725105600,137.02,137.29,135.57,136.63,,2024-08-31 12:00:00+00:00
1725120000,136.63,136.7,134.49,134.97,,2024-08-31 16:00:00+00:00
1725134400,134.97,136.3,134.51,135.35,,2024-08-31 20:00:00+00:00
1725148800,135.35,135.62,132.88,134.07,,2024-09-01 00:00:00+00:00
1725163200,134.07,134.09,131.09,132.81,,2024-09-01 04:00:00+00:00
1725177600,132.81,132.84,130.18,131.91,,2024-09-01 08:00:00+00:00
1725192000,131.91,134.87,130.0,134.29,,2024-09-01 12:00:00+00:00
1725206400,134.29,135.92,131.87,135.23,,2024-09-01 16:00:00+00:00
1725220800,135.24,136.15,127.66,128.5,,2024-09-01 20:00:00+00:00
1725235200,128.5,130.7,128.27,130.21,,2024-09-02 00:00:00+00:00
1725249600,130.21,130.37,126.8,127.66,,2024-09-02 04:00:00+00:00
1725264000,127.65,132.93,127.22,131.83,,2024-09-02 08:00:00+00:00
1725278400,131.83,133.45,130.0,132.54,,2024-09-02 12:00:00+00:00
1725292800,132.54,133.87,131.71,133.05,,2024-09-02 16:00:00+00:00
1725307200,133.04,135.39,132.81,134.94,,2024-09-02 20:00:00+00:00
1725321600,134.95,138.13,134.21,135.51,,2024-09-03 00:00:00+00:00
1725336000,135.5,135.89,133.54,134.6,,2024-09-03 04:00:00+00:00
1725350400,134.6,134.64,132.77,134.36,,2024-09-03 08:00:00+00:00
1725364800,134.36,135.5,129.31,129.8,,2024-09-03 12:00:00+00:00
1725379200,129.81,132.21,129.31,130.95,,2024-09-03 16:00:00+00:00
1725393600,130.96,131.61,127.15,127.54,,2024-09-03 20:00:00+00:00
1725408000,127.54,128.89,122.6,127.7,,2024-09-04 00:00:00+00:00
1725422400,127.7,131.44,126.55,130.3,,2024-09-04 04:00:00+00:00
1725436800,130.29,130.71,128.11,128.43,,2024-09-04 08:00:00+00:00
1725451200,128.43,134.13,127.88,133.83,,2024-09-04 12:00:00+00:00
1725465600,133.82,134.98,132.58,133.19,,2024-09-04 16:00:00+00:00
1725480000,133.19,134.66,132.89,133.64,,2024-09-04 20:00:00+00:00
1725494400,133.64,134.38,131.28,131.6,,2024-09-05 00:00:00+00:00
1725508800,131.6,134.26,130.84,133.1,,2024-09-05 04:00:00+00:00
1725523200,133.1,133.87,131.69,132.83,,2024-09-05 08:00:00+00:00
1725537600,132.83,135.58,130.16,130.61,,2024-09-05 12:00:00+00:00
1725552000,130.61,131.14,127.85,128.44,,2024-09-05 16:00:00+00:00
1725566400,128.44,129.91,128.13,129.41,,2024-09-05 20:00:00+00:00
1725580800,129.4,131.56,128.66,130.7,,2024-09-06 00:00:00+00:00
1725595200,130.71,131.18,127.41,128.09,,2024-09-06 04:00:00+00:00
1725609600,128.08,131.07,128.02,130.24,,2024-09-06 08:00:00+00:00
1725624000,130.25,134.29,126.86,128.09,,2024-09-06 12:00:00+00:00
1725638400,128.08,128.33,123.81,125.14,,2024-09-06 16:00:00+00:00
1725652800,125.14,126.0,120.0,125.05,,2024-09-06 20:00:00+00:00
1725667200,125.05,125.74,124.13,125.17,,2024-09-07 00:00:00+00:00
1725681600,125.16,128.5,125.09,127.62,,2024-09-07 04:00:00+00:00
1725696000,127.62,127.8,126.68,126.99,,2024-09-07 08:00:00+00:00
1725710400,127.0,129.5,126.88,128.84,,2024-09-07 12:00:00+00:00
1725724800,128.84,129.18,126.26,128.31,,2024-09-07 16:00:00+00:00
1725739200,128.33,128.43,126.44,127.71,,2024-09-07 20:00:00+00:00
1725753600,127.72,128.51,126.9,128.28,,2024-09-08 00:00:00+00:00
1725768000,128.28,130.13,127.85,129.59,,2024-09-08 04:00:00+00:00
1725782400,129.6,130.97,129.2,130.08,,2024-09-08 08:00:00+00:00
1725796800,130.08,130.27,126.61,126.74,,2024-09-08 12:00:00+00:00
1725811200,126.75,129.36,126.63,128.71,,2024-09-08 16:00:00+00:00
1725825600,128.71,131.7,128.34,130.15,,2024-09-08 20:00:00+00:00
1725840000,130.15,131.02,127.93,128.59,,2024-09-09 00:00:00+00:00
1725854400,128.59,129.4,127.51,129.31,,2024-09-09 04:00:00+00:00
1725868800,129.3,131.0,129.19,129.44,,2024-09-09 08:00:00+00:00
1725883200,129.44,130.21,126.96,128.41,,2024-09-09 12:00:00+00:00
1725897600,128.4,135.0,128.26,134.98,,2024-09-09 16:00:00+00:00
1725912000,134.98,137.09,133.72,135.08,,2024-09-09 20:00:00+00:00
1725926400,135.07,135.2,132.79,132.91,,2024-09-10 00:00:00+00:00
1725940800,132.91,135.29,132.5,134.96,,2024-09-10 04:00:00+00:00
1725955200,134.96,135.48,134.02,135.23,,2024-09-10 08:00:00+00:00
1725969600,135.23,136.4,133.37,134.14,,2024-09-10 12:00:00+00:00
1725984000,134.14,138.0,133.77,136.65,,2024-09-10 16:00:00+00:00
1725998400,136.65,136.79,135.14,135.63,,2024-09-10 20:00:00+00:00
1726012800,135.64,135.91,133.28,133.65,,2024-09-11 00:00:00+00:00
1726027200,133.64,133.64,131.07,132.45,,2024-09-11 04:00:00+00:00
1726041600,132.44,132.45,130.36,132.0,,2024-09-11 08:00:00+00:00
1726056000,131.99,133.33,128.2,131.17,,2024-09-11 12:00:00+00:00
1726070400,131.17,133.57,131.05,132.7,,2024-09-11 16:00:00+00:00
1726084800,132.7,133.11,131.99,132.42,,2024-09-11 20:00:00+00:00
1726099200,132.43,136.0,132.38,135.62,,2024-09-12 00:00:00+00:00
1726113600,135.61,136.25,134.31,134.9,,2024-09-12 04:00:00+00:00
1726128000,134.9,135.39,134.21,134.79,,2024-09-12 08:00:00+00:00
1726142400,134.8,136.78,133.42,133.56,,2024-09-12 12:00:00+00:00
1726156800,133.55,135.76,133.48,135.74,,2024-09-12 16:00:00+00:00
1726171200,135.74,136.72,135.07,136.05,,2024-09-12 20:00:00+00:00
1726185600,136.06,136.21,134.35,134.44,,2024-09-13 00:00:00+00:00
1726200000,134.45,134.85,133.73,134.58,,2024-09-13 04:00:00+00:00
1726214400,134.59,134.67,132.5,132.58,,2024-09-13 08:00:00+00:00
1726228800,132.59,136.69,131.7,136.59,,2024-09-13 12:00:00+00:00
1726243200,136.58,138.21,135.96,138.04,,2024-09-13 16:00:00+00:00
1726257600,138.05,139.8,137.92,139.02,,2024-09-13 20:00:00+00:00
1726272000,139.02,139.8,138.49,139.43,,2024-09-14 00:00:00+00:00
1726286400,139.43,139.55,137.39,137.51,,2024-09-14 04:00:00+00:00
1726300800,137.51,137.57,136.51,136.79,,2024-09-14 08:00:00+00:00
1726315200,136.8,138.16,136.57,137.39,,2024-09-14 12:00:00+00:00
1726329600,137.39,137.87,135.6,136.58,,2024-09-14 16:00:00+00:00
1726344000,136.58,137.35,136.58,137.14,,2024-09-14 20:00:00+00:00
1726358400,137.15,137.95,137.06,137.45,,2024-09-15 00:00:00+00:00
1726372800,137.45,137.58,136.82,137.16,,2024-09-15 04:00:00+00:00
1726387200,137.16,137.19,135.12,135.61,,2024-09-15 08:00:00+00:00
1726401600,135.6,136.4,134.63,135.76,,2024-09-15 12:00:00+00:00
1726416000,135.77,135.82,132.93,133.46,,2024-09-15 16:00:00+00:00
1726430400,133.45,133.5,130.43,131.37,,2024-09-15 20:00:00+00:00
1726444800,131.38,131.85,129.25,130.62,,2024-09-16 00:00:00+00:00
1726459200,130.63,131.42,130.4,131.25,,2024-09-16 04:00:00+00:00
1726473600,131.26,132.4,130.69,131.89,,2024-09-16 08:00:00+00:00
1726488000,131.88,132.38,129.96,131.46,,2024-09-16 12:00:00+00:00
1726502400,131.47,131.79,128.91,131.13,,2024-09-16 16:00:00+00:00
1726516800,131.13,131.92,129.95,131.47,,2024-09-16 20:00:00+00:00
1726531200,131.47,131.96,130.12,131.12,,2024-09-17 00:00:00+00:00
1726545600,131.12,132.85,130.73,132.25,,2024-09-17 04:00:00+00:00
1726560000,132.25,133.35,131.75,131.95,,2024-09-17 08:00:00+00:00
1726574400,131.96,135.55,130.91,134.67,,2024-09-17 12:00:00+00:00
1726588800,134.66,134.94,131.0,132.23,,2024-09-17 16:00:00+00:00
1726603200,132.22,132.72,131.2,131.54,,2024-09-17 20:00:00+00:00
1726617600,131.54,132.15,130.22,131.68,,2024-09-18 00:00:00+00:00
1726632000,131.69,131.84,130.6,131.35,,2024-09-18 04:00:00+00:00
1726646400,131.34,131.35,128.08,129.42,,2024-09-18 08:00:00+00:00
1726660800,129.41,130.35,127.07,127.67,,2024-09-18 12:00:00+00:00
1726675200,127.66,133.08,127.24,129.49,,2024-09-18 16:00:00+00:00
1726689600,129.48,134.45,128.47,134.34,,2024-09-18 20:00:00+00:00
1726704000,134.34,138.67,134.27,138.01,,2024-09-19 00:00:00+00:00
1726718400,138.01,139.11,137.6,138.56,,2024-09-19 04:00:00+00:00
1726732800,138.56,139.63,138.27,139.48,,2024-09-19 08:00:00+00:00
1726747200,139.47,143.0,139.43,142.96,,2024-09-19 12:00:00+00:00
1726761600,142.96,144.04,142.46,143.04,,2024-09-19 16:00:00+00:00
1726776000,143.04,143.82,140.9,142.89,,2024-09-19 20:00:00+00:00
1726790400,142.88,144.7,141.18,144.66,,2024-09-20 00:00:00+00:00
1726804800,144.65,152.5,144.45,151.04,,2024-09-20 04:00:00+00:00
1726819200,151.05,151.8,150.0,150.58,,2024-09-20 08:00:00+00:00
1726833600,150.57,151.15,145.92,147.88,,2024-09-20 12:00:00+00:00
1726848000,147.88,148.42,144.81,146.67,,2024-09-20 16:00:00+00:00
1726862400,146.67,147.98,146.14,146.66,,2024-09-20 20:00:00+00:00
1726876800,146.67,148.0,144.95,145.97,,2024-09-21 00:00:00+00:00
1726891200,145.96,147.75,144.61,147.45,,2024-09-21 04:00:00+00:00
1726905600,147.44,147.93,146.44,147.21,,2024-09-21 08:00:00+00:00
1726920000,147.2,150.25,146.71,147.64,,2024-09-21 12:00:00+00:00
1726934400,147.63,148.79,147.17,147.38,,2024-09-21 16:00:00+00:00
1726948800,147.38,149.89,147.21,149.41,,2024-09-21 20:00:00+00:00
1726963200,149.42,149.92,147.12,148.09,,2024-09-22 00:00:00+00:00
1726977600,148.08,148.98,146.37,147.17,,2024-09-22 04:00:00+00:00
1726992000,147.16,147.57,144.12,144.87,,2024-09-22 08:00:00+00:00
1727006400,144.86,145.18,142.63,143.13,,2024-09-22 12:00:00+00:00
1727020800,143.12,145.45,142.41,144.68,,2024-09-22 16:00:00+00:00
1727035200,144.66,145.78,141.12,144.63,,2024-09-22 20:00:00+00:00
1727049600,144.64,149.07,142.13,147.73,,2024-09-23 00:00:00+00:00
1727064000,147.73,148.22,145.17,145.52,,2024-09-23 04:00:00+00:00
1727078400,145.52,145.65,143.07,143.57,,2024-09-23 08:00:00+00:00
1727092800,143.56,145.5,142.59,144.21,,2024-09-23 12:00:00+00:00
1727107200,144.2,145.03,142.76,143.31,,2024-09-23 16:00:00+00:00
1727121600,143.31,145.2,142.42,144.79,,2024-09-23 20:00:00+00:00
1727136000,144.79,146.9,143.09,146.63,,2024-09-24 00:00:00+00:00
1727150400,146.64,147.35,145.35,147.19,,2024-09-24 04:00:00+00:00
1727164800,147.19,148.76,145.95,146.46,,2024-09-24 08:00:00+00:00
1727179200,146.46,148.53,144.16,145.52,,2024-09-24 12:00:00+00:00
1727193600,145.53,148.47,145.34,148.24,,2024-09-24 16:00:00+00:00
1727208000,148.23,154.0,147.99,152.73,,2024-09-24 20:00:00+00:00
1727222400,152.74,153.93,151.03,152.0,,2024-09-25 00:00:00+00:00
1727236800,152.0,152.25,148.97,149.77,,2024-09-25 04:00:00+00:00
1727251200,149.77,151.01,149.43,150.98,,2024-09-25 08:00:00+00:00
1727265600,150.98,153.0,149.71,150.42,,2024-09-25 12:00:00+00:00
1727280000,150.42,151.97,148.84,149.99,,2024-09-25 16:00:00+00:00
1727294400,149.98,150.88,147.28,147.98,,2024-09-25 20:00:00+00:00
1727308800,147.97,149.73,146.57,149.22,,2024-09-26 00:00:00+00:00
1727323200,149.23,151.86,148.7,151.81,,2024-09-26 04:00:00+00:00
1727337600,151.82,153.18,150.46,152.91,,2024-09-26 08:00:00+00:00
1727352000,152.92,158.05,151.09,157.11,,2024-09-26 12:00:00+00:00
1727366400,157.12,158.04,155.35,155.51,,2024-09-26 16:00:00+00:00
1727380800,155.51,156.41,153.85,155.55,,2024-09-26 20:00:00+00:00
1727395200,155.54,156.42,153.89,155.72,,2024-09-27 00:00:00+00:00
1727409600,155.72,158.89,155.63,157.47,,2024-09-27 04:00:00+00:00
1727424000,157.48,159.23,155.73,156.08,,2024-09-27 08:00:00+00:00
1727438400,156.07,161.43,155.21,159.03,,2024-09-27 12:00:00+00:00
1727452800,159.03,159.66,157.02,157.59,,2024-09-27 16:00:00+00:00
1727467200,157.59,158.59,157.31,157.64,,2024-09-27 20:00:00+00:00
1727481600,157.63,159.43,157.59,158.65,,2024-09-28 00:00:00+00:00
1727496000,158.65,158.88,156.15,156.39,,2024-09-28 04:00:00+00:00
1727510400,156.39,157.58,155.0,157.17,,2024-09-28 08:00:00+00:00
1727524800,157.18,158.01,156.2,156.87,,2024-09-28 12:00:00+00:00
1727539200,156.87,157.45,156.41,156.88,,2024-09-28 16:00:00+00:00
1727553600,156.87,157.07,155.63,156.75,,2024-09-28 20:00:00+00:00
1727568000,156.75,158.53,156.23,157.83,,2024-09-29 00:00:00+00:00
1727582400,157.83,158.2,155.12,155.48,,2024-09-29 04:00:00+00:00
1727596800,155.48,156.87,155.09,156.75,,2024-09-29 08:00:00+00:00
1727611200,156.76,158.0,155.54,157.28,,2024-09-29 12:00:00+00:00
1727625600,157.27,159.66,156.67,159.42,,2024-09-29 16:00:00+00:00
1727640000,159.43,161.78,157.89,158.46,,2024-09-29 20:00:00+00:00
1727654400,158.47,159.77,155.24,156.19,,2024-09-30 00:00:00+00:00
1727668800,156.19,157.75,155.2,156.86,,2024-09-30 04:00:00+00:00
1727683200,156.86,156.95,153.74,155.6,,2024-09-30 08:00:00+00:00
1727697600,155.6,157.38,154.01,154.16,,2024-09-30 12:00:00+00:00
1727712000,154.16,155.73,153.96,155.06,,2024-09-30 16:00:00+00:00
1727726400,155.07,156.94,151.73,152.49,,2024-09-30 20:00:00+00:00
1727740800,152.51,155.27,151.48,155.09,,2024-10-01 00:00:00+00:00
1727755200,155.1,157.15,154.81,156.79,,2024-10-01 04:00:00+00:00
1727769600,156.79,157.34,155.93,156.46,,2024-10-01 08:00:00+00:00
1727784000,156.47,156.69,146.12,149.61,,2024-10-01 12:00:00+00:00
1727798400,149.6,149.99,142.55,145.42,,2024-10-01 16:00:00+00:00
1727812800,145.42,146.4,142.29,145.13,,2024-10-01 20:00:00+00:00
1727827200,145.12,148.03,143.42,147.21,,2024-10-02 00:00:00+00:00
1727841600,147.2,148.96,146.22,147.75,,2024-10-02 04:00:00+00:00
1727856000,147.75,148.48,145.18,146.14,,2024-10-02 08:00:00+00:00
1727870400,146.13,147.68,142.74,147.46,,2024-10-02 12:00:00+00:00
1727884800,147.46,148.4,138.61,139.98,,2024-10-02 16:00:00+00:00
1727899200,139.98,141.71,138.61,140.18,,2024-10-02 20:00:00+00:00
1727913600,140.18,142.96,138.68,142.88,,2024-10-03 00:00:00+00:00
1727928000,142.88,142.88,139.82,139.9,,2024-10-03 04:00:00+00:00
1727942400,139.91,140.08,135.25,136.85,,2024-10-03 08:00:00+00:00
1727956800,136.86,138.57,133.11,135.58,,2024-10-03 12:00:00+00:00
1727971200,135.58,137.44,133.64,137.31,,2024-10-03 16:00:00+00:00
1727985600,137.31,137.88,135.24,136.82,,2024-10-03 20:00:00+00:00
1728000000,136.81,138.68,135.95,137.33,,2024-10-04 00:00:00+00:00
1728014400,137.34,139.77,137.28,139.56,,2024-10-04 04:00:00+00:00
1728028800,139.55,141.03,139.17,140.1,,2024-10-04 08:00:00+00:00
1728043200,140.11,142.67,138.05,142.43,,2024-10-04 12:00:00+00:00
1728057600,142.44,144.54,141.86,143.89,,2024-10-04 16:00:00+00:00
1728072000,143.89,144.55,142.6,143.24,,2024-10-04 20:00:00+00:00
1728086400,143.24,144.0,141.71,141.83,,2024-10-05 00:00:00+00:00
1728100800,141.83,144.58,141.56,143.8,,2024-10-05 04:00:00+00:00
1728115200,143.8,144.93,143.3,143.45,,2024-10-05 08:00:00+00:00
1728129600,143.45,144.16,142.5,142.9,,2024-10-05 12:00:00+00:00
1728144000,142.89,143.02,142.01,142.16,,2024-10-05 16:00:00+00:00
1728158400,142.17,142.98,141.06,142.59,,2024-10-05 20:00:00+00:00
1728172800,142.59,143.68,142.0,142.69,,2024-10-06 00:00:00+00:00
1728187200,142.69,143.42,142.09,142.97,,2024-10-06 04:00:00+00:00
1728201600,142.96,144.33,142.63,144.02,,2024-10-06 08:00:00+00:00
1728216000,144.02,146.7,143.95,146.0,,2024-10-06 12:00:00+00:00
1728230400,145.99,146.52,144.89,145.42,,2024-10-06 16:00:00+00:00
1728244800,145.42,146.75,144.31,146.48,,2024-10-06 20:00:00+00:00
1728259200,146.47,151.0,145.88,149.94,,2024-10-07 00:00:00+00:00
1728273600,149.95,150.54,146.63,148.02,,2024-10-07 04:00:00+00:00
1728288000,148.02,149.21,145.65,147.43,,2024-10-07 08:00:00+00:00
1728302400,147.44,152.4,146.38,148.71,,2024-10-07 12:00:00+00:00
1728316800,148.7,149.43,145.49,147.09,,2024-10-07 16:00:00+00:00
1728331200,147.1,147.26,143.5,143.96,,2024-10-07 20:00:00+00:00
1728345600,143.97,145.6,143.5,144.71,,2024-10-08 00:00:00+00:00
1728360000,144.71,145.05,142.17,143.08,,2024-10-08 04:00:00+00:00
1728374400,143.08,144.62,142.64,144.49,,2024-10-08 08:00:00+00:00
1728388800,144.48,145.52,141.17,142.8,,2024-10-08 12:00:00+00:00
1728403200,142.8,144.06,141.75,143.74,,2024-10-08 16:00:00+00:00
1728417600,143.74,144.7,142.67,143.49,,2024-10-08 20:00:00+00:00
1728432000,143.5,145.34,143.09,143.94,,2024-10-09 00:00:00+00:00
1728446400,143.93,144.31,142.68,143.17,,2024-10-09 04:00:00+00:00
1728460800,143.16,143.5,142.47,143.2,,2024-10-09 08:00:00+00:00
1728475200,143.19,143.34,140.19,142.83,,2024-10-09 12:00:00+00:00
1728489600,142.83,142.9,139.75,141.12,,2024-10-09 16:00:00+00:00
1728504000,141.11,141.11,138.66,139.33,,2024-10-09 20:00:00+00:00
1728518400,139.33,140.41,137.66,139.89,,2024-10-10 00:00:00+00:00
1728532800,139.89,140.92,139.48,139.69,,2024-10-10 04:00:00+00:00
1728547200,139.7,140.5,137.43,140.44,,2024-10-10 08:00:00+00:00
1728561600,140.44,140.83,136.2,138.67,,2024-10-10 12:00:00+00:00
1728576000,138.66,139.09,135.52,138.11,,2024-10-10 16:00:00+00:00
1728590400,138.11,139.07,137.14,139.03,,2024-10-10 20:00:00+00:00
1728604800,139.04,141.56,138.68,140.83,,2024-10-11 00:00:00+00:00
1728619200,140.83,142.12,140.64,141.17,,2024-10-11 04:00:00+00:00
1728633600,141.17,142.7,140.98,141.97,,2024-10-11 08:00:00+00:00
1728648000,141.98,145.52,141.88,144.41,,2024-10-11 12:00:00+00:00
1728662400,144.41,146.62,143.92,145.45,,2024-10-11 16:00:00+00:00
1728676800,145.44,146.41,145.15,145.53,,2024-10-11 20:00:00+00:00
1728691200,145.52,146.6,144.71,145.14,,2024-10-12 00:00:00+00:00
1728705600,145.15,145.98,145.15,145.58,,2024-10-12 04:00:00+00:00
1728720000,145.58,147.28,145.47,146.26,,2024-10-12 08:00:00+00:00
1728734400,146.26,147.27,145.71,146.09,,2024-10-12 12:00:00+00:00
1728748800,146.08,147.19,146.08,146.79,,2024-10-12 16:00:00+00:00
1728763200,146.79,147.32,146.34,146.4,,2024-10-12 20:00:00+00:00
1728777600,146.39,147.06,145.13,145.3,,2024-10-13 00:00:00+00:00
1728792000,145.31,146.99,145.27,146.42,,2024-10-13 04:00:00+00:00
1728806400,146.42,148.39,146.4,146.47,,2024-10-13 08:00:00+00:00
1728820800,146.47,148.11,144.45,145.34,,2024-10-13 12:00:00+00:00
1728835200,145.34,146.53,144.7,146.03,,2024-10-13 16:00:00+00:00
1728849600,146.02,148.86,145.65,147.74,,2024-10-13 20:00:00+00:00
1728864000,147.74,152.58,146.8,152.51,,2024-10-14 00:00:00+00:00
1728878400,152.51,153.5,150.9,153.04,,2024-10-14 04:00:00+00:00
1728892800,153.04,154.02,152.04,153.16,,2024-10-14 08:00:00+00:00
1728907200,153.15,158.1,152.57,156.71,,2024-10-14 12:00:00+00:00
1728921600,156.7,156.9,154.56,155.66,,2024-10-14 16:00:00+00:00
1728936000,155.65,158.08,155.41,157.59,,2024-10-14 20:00:00+00:00
1728950400,157.59,158.44,155.0,155.46,,2024-10-15 00:00:00+00:00
1728964800,155.47,156.34,153.71,155.13,,2024-10-15 04:00:00+00:00
1728979200,155.13,155.5,151.8,152.41,,2024-10-15 08:00:00+00:00
1728993600,152.42,159.73,150.3,153.29,,2024-10-15 12:00:00+00:00
1729008000,153.3,156.4,153.07,155.16,,2024-10-15 16:00:00+00:00
1729022400,155.17,155.28,152.0,154.76,,2024-10-15 20:00:00+00:00
1729036800,154.76,156.1,153.0,154.23,,2024-10-16 00:00:00+00:00
1729051200,154.22,154.96,153.01,153.67,,2024-10-16 04:00:00+00:00
1729065600,153.67,158.41,153.4,155.88,,2024-10-16 08:00:00+00:00
1729080000,155.88,156.89,153.69,155.71,,2024-10-16 12:00:00+00:00
1729094400,155.71,155.97,154.1,154.35,,2024-10-16 16:00:00+00:00
1729108800,154.34,155.14,153.64,154.28,,2024-10-16 20:00:00+00:00
1729123200,154.28,155.73,153.56,154.62,,2024-10-17 00:00:00+00:00
1729137600,154.62,154.78,151.6,152.61,,2024-10-17 04:00:00+00:00
1729152000,152.61,153.47,151.11,151.31,,2024-10-17 08:00:00+00:00
1729166400,151.31,153.25,150.77,152.89,,2024-10-17 12:00:00+00:00
1729180800,152.89,152.92,147.66,149.38,,2024-10-17 16:00:00+00:00
1729195200,149.39,150.98,149.27,150.5,,2024-10-17 20:00:00+00:00
1729209600,150.5,153.25,149.56,151.88,,2024-10-18 00:00:00+00:00
1729224000,151.88,154.23,151.88,153.89,,2024-10-18 04:00:00+00:00
1729238400,153.9,154.3,152.85,153.0,,2024-10-18 08:00:00+00:00
1729252800,152.99,155.24,152.14,154.72,,2024-10-18 12:00:00+00:00
1729267200,154.71,156.65,153.62,154.84,,2024-10-18 16:00:00+00:00
1729281600,154.84,155.18,153.77,154.94,,2024-10-18 20:00:00+00:00
1729296000,154.93,156.05,154.2,154.56,,2024-10-19 00:00:00+00:00
1729310400,154.56,155.14,154.12,154.56,,2024-10-19 04:00:00+00:00
1729324800,154.56,155.04,153.45,153.83,,2024-10-19 08:00:00+00:00
1729339200,153.83,157.5,153.8,156.51,,2024-10-19 12:00:00+00:00
1729353600,156.51,156.97,155.32,156.37,,2024-10-19 16:00:00+00:00
1729368000,156.38,159.85,156.13,159.79,,2024-10-19 20:00:00+00:00
1729382400,159.79,160.62,158.14,159.03,,2024-10-20 00:00:00+00:00
1729396800,159.03,160.64,158.58,158.78,,2024-10-20 04:00:00+00:00
1729411200,158.78,159.42,158.38,159.2,,2024-10-20 08:00:00+00:00
1729425600,159.19,161.5,157.58,160.01,,2024-10-20 12:00:00+00:00
1729440000,160.02,161.22,159.3,160.38,,2024-10-20 16:00:00+00:00
1729454400,160.38,167.94,160.14,167.4,,2024-10-20 20:00:00+00:00
1729468800,167.4,170.14,167.2,169.51,,2024-10-21 00:00:00+00:00
1729483200,169.5,171.76,168.58,168.64,,2024-10-21 04:00:00+00:00
1729497600,168.65,169.62,165.72,166.42,,2024-10-21 08:00:00+00:00
1729512000,166.42,167.07,160.99,165.27,,2024-10-21 12:00:00+00:00
1729526400,165.27,168.08,163.02,167.81,,2024-10-21 16:00:00+00:00
1729540800,167.81,168.16,166.06,166.17,,2024-10-21 20:00:00+00:00
1729555200,166.16,167.9,162.99,166.45,,2024-10-22 00:00:00+00:00
1729569600,166.45,168.96,166.18,167.11,,2024-10-22 04:00:00+00:00
1729584000,167.1,169.21,163.53,167.88,,2024-10-22 08:00:00+00:00
1729598400,167.88,170.99,164.79,167.78,,2024-10-22 12:00:00+00:00
1729612800,167.79,169.16,166.0,168.48,,2024-10-22 16:00:00+00:00
1729627200,168.47,169.26,166.77,167.59,,2024-10-22 20:00:00+00:00
1729641600,167.6,167.96,164.49,165.51,,2024-10-23 00:00:00+00:00
1729656000,165.51,166.51,164.34,165.74,,2024-10-23 04:00:00+00:00
1729670400,165.73,166.94,164.13,166.41,,2024-10-23 08:00:00+00:00
1729684800,166.41,169.48,164.97,168.13,,2024-10-23 12:00:00+00:00
1729699200,168.14,173.76,164.7,173.02,,2024-10-23 16:00:00+00:00
1729713600,173.02,174.3,170.0,170.85,,2024-10-23 20:00:00+00:00
1729728000,170.86,175.03,170.5,174.14,,2024-10-24 00:00:00+00:00
1729742400,174.14,175.26,172.78,173.56,,2024-10-24 04:00:00+00:00
1729756800,173.55,174.38,171.0,173.85,,2024-10-24 08:00:00+00:00
1729771200,173.85,177.22,173.72,175.43,,2024-10-24 12:00:00+00:00
1729785600,175.43,177.9,174.65,177.4,,2024-10-24 16:00:00+00:00
1729800000,177.41,179.3,176.49,177.19,,2024-10-24 20:00:00+00:00
1729814400,177.19,177.47,174.38,174.68,,2024-10-25 00:00:00+00:00
1729828800,174.69,175.06,171.46,171.9,,2024-10-25 04:00:00+00:00
1729843200,171.9,174.14,170.66,173.65,,2024-10-25 08:00:00+00:00
1729857600,173.65,177.6,171.15,172.45,,2024-10-25 12:00:00+00:00
1729872000,172.45,173.04,165.11,167.95,,2024-10-25 16:00:00+00:00
1729886400,167.95,168.84,159.12,164.9,,2024-10-25 20:00:00+00:00
1729900800,164.91,165.94,162.43,165.64,,2024-10-26 00:00:00+00:00
1729915200,165.64,169.18,165.3,167.35,,2024-10-26 04:00:00+00:00
1729929600,167.35,170.3,167.33,168.65,,2024-10-26 08:00:00+00:00
1729944000,168.66,169.5,167.23,168.63,,2024-10-26 12:00:00+00:00
1729958400,168.63,172.31,168.36,171.52,,2024-10-26 16:00:00+00:00
1729972800,171.52,173.25,170.65,170.88,,2024-10-26 20:00:00+00:00
1729987200,170.87,173.26,170.26,172.14,,2024-10-27 00:00:00+00:00
1730001600,172.14,173.52,171.66,173.27,,2024-10-27 04:00:00+00:00
1730016000,173.26,175.53,173.17,174.02,,2024-10-27 08:00:00+00:00
1730030400,174.03,177.05,174.02,175.77,,2024-10-27 12:00:00+00:00
1730044800,175.78,177.8,174.74,177.21,,2024-10-27 16:00:00+00:00
1730059200,177.21,178.27,176.58,176.63,,2024-10-27 20:00:00+00:00
1730073600,176.63,177.19,174.68,175.74,,2024-10-28 00:00:00+00:00
1730088000,175.74,176.75,173.14,175.69,,2024-10-28 04:00:00+00:00
1730102400,175.69,178.59,175.62,176.95,,2024-10-28 08:00:00+00:00
1730116800,176.95,177.95,173.25,173.39,,2024-10-28 12:00:00+00:00
1730131200,173.39,178.05,172.45,176.42,,2024-10-28 16:00:00+00:00
1730145600,176.4,179.8,175.75,178.29,,2024-10-28 20:00:00+00:00
1730160000,178.28,182.3,177.14,181.81,,2024-10-29 00:00:00+00:00
1730174400,181.81,182.78,179.5,180.16,,2024-10-29 04:00:00+00:00
1730188800,180.16,181.84,180.0,180.8,,2024-10-29 08:00:00+00:00
1730203200,180.79,180.97,178.37,180.61,,2024-10-29 12:00:00+00:00
1730217600,180.6,183.38,178.1,178.17,,2024-10-29 16:00:00+00:00
1730232000,178.17,180.31,176.41,179.42,,2024-10-29 20:00:00+00:00
1730246400,179.43,180.84,176.94,180.09,,2024-10-30 00:00:00+00:00
1730260800,180.08,181.36,178.16,178.69,,2024-10-30 04:00:00+00:00
1730275200,178.69,179.33,175.2,175.71,,2024-10-30 08:00:00+00:00
1730289600,175.7,177.29,173.15,173.93,,2024-10-30 12:00:00+00:00
1730304000,173.94,175.79,173.01,174.29,,2024-10-30 16:00:00+00:00
1730318400,174.3,177.06,173.03,174.87,,2024-10-30 20:00:00+00:00
1730332800,174.87,176.56,174.1,174.35,,2024-10-31 00:00:00+00:00
1730347200,174.35,176.0,173.11,174.5,,2024-10-31 04:00:00+00:00
1730361600,174.5,176.36,173.31,175.0,,2024-10-31 08:00:00+00:00
1730376000,175.0,175.45,169.3,170.65,,2024-10-31 12:00:00+00:00
1730390400,170.65,170.73,168.53,168.7,,2024-10-31 16:00:00+00:00
1730404800,168.69,170.29,167.56,168.69,,2024-10-31 20:00:00+00:00
1730419200,168.69,169.42,165.38,167.15,,2024-11-01 00:00:00+00:00
1730433600,167.14,167.63,165.05,165.96,,2024-11-01 04:00:00+00:00
1730448000,165.96,168.77,165.55,167.88,,2024-11-01 08:00:00+00:00
1730462400,167.88,174.0,163.43,164.09,,2024-11-01 12:00:00+00:00
1730476800,164.1,167.81,163.69,166.6,,2024-11-01 16:00:00+00:00
1730491200,166.6,167.12,163.93,166.1,,2024-11-01 20:00:00+00:00
1730505600,166.11,168.61,166.05,167.0,,2024-11-02 00:00:00+00:00
1730520000,166.99,167.7,165.66,167.64,,2024-11-02 04:00:00+00:00
1730534400,167.63,167.86,165.85,166.04,,2024-11-02 08:00:00+00:00
1730548800,166.03,166.44,162.11,163.82,,2024-11-02 12:00:00+00:00
1730563200,163.82,165.41,163.0,165.15,,2024-11-02 16:00:00+00:00
1730577600,165.15,166.93,164.94,166.17,,2024-11-02 20:00:00+00:00
1730592000,166.16,166.61,160.84,161.94,,2024-11-03 00:00:00+00:00
1730606400,161.95,164.08,161.79,163.53,,2024-11-03 04:00:00+00:00
1730620800,163.53,164.85,162.65,163.62,,2024-11-03 08:00:00+00:00
1730635200,163.62,164.61,157.82,159.99,,2024-11-03 12:00:00+00:00
1730649600,159.99,161.83,158.06,161.06,,2024-11-03 16:00:00+00:00
1730664000,161.06,163.83,160.5,162.53,,2024-11-03 20:00:00+00:00
1730678400,162.52,165.04,160.48,162.82,,2024-11-04 00:00:00+00:00
1730692800,162.83,163.85,161.35,161.41,,2024-11-04 04:00:00+00:00
1730707200,161.41,164.93,160.07,164.08,,2024-11-04 08:00:00+00:00
1730721600,164.08,165.0,161.62,163.03,,2024-11-04 12:00:00+00:00
1730736000,163.04,163.47,159.14,159.59,,2024-11-04 16:00:00+00:00
1730750400,159.59,160.0,155.11,157.95,,2024-11-04 20:00:00+00:00
1730764800,157.95,159.71,156.86,159.66,,2024-11-05 00:00:00+00:00
1730779200,159.65,162.47,159.35,162.04,,2024-11-05 04:00:00+00:00
1730793600,162.04,163.08,161.03,162.39,,2024-11-05 08:00:00+00:00
1730808000,162.38,167.94,161.84,165.94,,2024-11-05 12:00:00+00:00
1730822400,165.95,169.3,163.36,164.09,,2024-11-05 16:00:00+00:00
1730836800,164.09,167.71,163.11,166.62,,2024-11-05 20:00:00+00:00
1730851200,166.63,185.0,166.4,184.94,,2024-11-06 00:00:00+00:00
1730865600,184.94,188.36,182.69,183.83,,2024-11-06 04:00:00+00:00
1730880000,183.82,186.85,180.11,186.72,,2024-11-06 08:00:00+00:00
1730894400,186.72,188.7,184.26,185.51,,2024-11-06 12:00:00+00:00
1730908800,185.51,188.37,184.74,188.36,,2024-11-06 16:00:00+00:00
1730923200,188.36,190.01,186.42,186.59,,2024-11-06 20:00:00+00:00
1730937600,186.59,191.95,185.84,189.08,,2024-11-07 00:00:00+00:00
1730952000,189.08,190.04,186.0,188.01,,2024-11-07 04:00:00+00:00
1730966400,188.01,189.35,185.96,186.04,,2024-11-07 08:00:00+00:00
1730980800,186.05,192.78,185.96,192.66,,2024-11-07 12:00:00+00:00
1730995200,192.65,197.84,190.94,197.0,,2024-11-07 16:00:00+00:00
1731009600,196.99,197.78,194.13,196.35,,2024-11-07 20:00:00+00:00
1731024000,196.36,201.0,195.64,198.15,,2024-11-08 00:00:00+00:00
1731038400,198.16,200.8,197.39,200.38,,2024-11-08 04:00:00+00:00
1731052800,200.38,205.0,198.09,203.06,,2024-11-08 08:00:00+00:00
1731067200,203.05,205.0,198.41,200.99,,2024-11-08 12:00:00+00:00
1731081600,200.98,202.1,196.21,199.55,,2024-11-08 16:00:00+00:00
1731096000,199.54,200.19,197.1,199.85,,2024-11-08 20:00:00+00:00
1731110400,199.86,200.26,197.21,198.97,,2024-11-09 00:00:00+00:00
1731124800,198.96,202.41,198.96,200.26,,2024-11-09 04:00:00+00:00
1731139200,200.27,203.45,199.91,202.18,,2024-11-09 08:00:00+00:00
1731153600,202.17,202.56,197.35,198.4,,2024-11-09 12:00:00+00:00
1731168000,198.39,199.59,194.86,197.75,,2024-11-09 16:00:00+00:00
1731182400,197.75,201.99,197.4,199.89,,2024-11-09 20:00:00+00:00
1731196800,199.89,204.91,198.68,201.42,,2024-11-10 00:00:00+00:00
1731211200,201.41,209.0,200.92,205.06,,2024-11-10 04:00:00+00:00
1731225600,205.06,207.39,204.02,206.59,,2024-11-10 08:00:00+00:00
1731240000,206.59,213.3,203.47,212.23,,2024-11-10 12:00:00+00:00
1731254400,212.23,215.27,206.25,208.47,,2024-11-10 16:00:00+00:00
1731268800,208.48,213.97,199.73,210.07,,2024-11-10 20:00:00+00:00
1731283200,210.07,212.38,208.13,210.0,,2024-11-11 00:00:00+00:00
1731297600,210.0,210.26,204.16,208.01,,2024-11-11 04:00:00+00:00
1731312000,208.0,217.67,206.6,217.62,,2024-11-11 08:00:00+00:00
1731326400,217.62,221.0,214.47,219.0,,2024-11-11 12:00:00+00:00
1731340800,219.0,222.0,216.03,217.82,,2024-11-11 16:00:00+00:00
1731355200,217.81,224.0,216.67,222.13,,2024-11-11 20:00:00+00:00
1731369600,222.12,222.57,215.0,220.64,,2024-11-12 00:00:00+00:00
1731384000,220.63,221.92,216.02,221.84,,2024-11-12 04:00:00+00:00
1731398400,221.84,225.21,208.49,211.13,,2024-11-12 08:00:00+00:00
1731412800,211.12,213.98,204.71,210.53,,2024-11-12 12:00:00+00:00
1731427200,210.54,215.35,206.61,213.17,,2024-11-12 16:00:00+00:00
1731441600,213.17,215.46,210.08,211.64,,2024-11-12 20:00:00+00:00
1731456000,211.63,213.2,203.02,203.18,,2024-11-13 00:00:00+00:00
1731470400,203.19,207.27,200.67,205.22,,2024-11-13 04:00:00+00:00
1731484800,205.22,209.45,203.85,207.71,,2024-11-13 08:00:00+00:00
1731499200,207.71,217.3,205.95,216.4,,2024-11-13 12:00:00+00:00
1731513600,216.39,220.44,210.31,210.87,,2024-11-13 16:00:00+00:00
1731528000,210.87,215.5,205.93,215.13,,2024-11-13 20:00:00+00:00
1731542400,215.14,219.5,212.05,219.44,,2024-11-14 00:00:00+00:00
1731556800,219.44,220.73,215.16,218.12,,2024-11-14 04:00:00+00:00
1731571200,218.12,222.8,213.51,216.04,,2024-11-14 08:00:00+00:00
1731585600,216.03,217.96,209.03,210.84,,2024-11-14 12:00:00+00:00
1731600000,210.84,217.12,209.85,215.62,,2024-11-14 16:00:00+00:00
1731614400,215.61,215.61,206.78,209.57,,2024-11-14 20:00:00+00:00
1731628800,209.57,212.88,208.03,209.02,,2024-11-15 00:00:00+00:00
1731643200,209.01,210.66,204.48,209.18,,2024-11-15 04:00:00+00:00
1731657600,209.19,213.93,207.82,213.58,,2024-11-15 08:00:00+00:00
1731672000,213.57,215.33,206.71,208.32,,2024-11-15 12:00:00+00:00
1731686400,208.32,213.52,208.04,212.38,,2024-11-15 16:00:00+00:00
1731700800,212.38,220.5,212.25,218.45,,2024-11-15 20:00:00+00:00
1731715200,218.44,221.61,215.88,221.35,,2024-11-16 00:00:00+00:00
1731729600,221.34,221.99,218.45,218.91,,2024-11-16 04:00:00+00:00
1731744000,218.91,219.76,216.61,218.9,,2024-11-16 08:00:00+00:00
1731758400,218.9,221.8,213.72,215.03,,2024-11-16 12:00:00+00:00
1731772800,215.03,217.0,213.35,216.27,,2024-11-16 16:00:00+00:00
1731787200,216.27,217.36,214.01,215.71,,2024-11-16 20:00:00+00:00
1731801600,215.72,221.5,212.1,221.37,,2024-11-17 00:00:00+00:00
1731816000,221.37,239.9,221.37,237.23,,2024-11-17 04:00:00+00:00
1731830400,237.22,242.33,234.29,234.81,,2024-11-17 08:00:00+00:00
1731844800,234.81,236.01,229.4,233.96,,2024-11-17 12:00:00+00:00
1731859200,233.96,235.59,231.21,235.4,,2024-11-17 16:00:00+00:00
1731873600,235.4,238.4,231.59,237.47,,2024-11-17 20:00:00+00:00
1731888000,237.47,244.47,234.01,244.18,,2024-11-18 00:00:00+00:00
1731902400,244.18,245.27,239.39,242.05,,2024-11-18 04:00:00+00:00
1731916800,242.06,248.44,239.74,242.5,,2024-11-18 08:00:00+00:00
1731931200,242.51,245.0,238.04,243.33,,2024-11-18 12:00:00+00:00
1731945600,243.33,243.94,234.26,236.28,,2024-11-18 16:00:00+00:00
1731960000,236.29,240.9,235.7,239.79,,2024-11-18 20:00:00+00:00
1731974400,239.79,243.39,237.54,240.61,,2024-11-19 00:00:00+00:00
1731988800,240.6,244.62,238.7,243.32,,2024-11-19 04:00:00+00:00
1732003200,243.32,247.0,241.93,246.07,,2024-11-19 08:00:00+00:00
1732017600,246.07,247.5,238.36,240.58,,2024-11-19 12:00:00+00:00
1732032000,240.59,244.54,240.09,243.54,,2024-11-19 16:00:00+00:00
1732046400,243.54,244.23,233.4,237.63,,2024-11-19 20:00:00+00:00
1732060800,237.64,237.91,230.37,233.81,,2024-11-20 00:00:00+00:00
1732075200,233.81,236.36,231.47,235.94,,2024-11-20 04:00:00+00:00
1732089600,235.94,238.78,234.77,237.55,,2024-11-20 08:00:00+00:00
1732104000,237.55,242.54,235.5,238.37,,2024-11-20 12:00:00+00:00
1732118400,238.37,239.14,230.95,233.0,,2024-11-20 16:00:00+00:00
1732132800,233.0,238.06,231.73,235.48,,2024-11-20 20:00:00+00:00
1732147200,235.48,238.7,229.6,235.82,,2024-11-21 00:00:00+00:00
1732161600,235.82,242.78,235.66,241.47,,2024-11-21 04:00:00+00:00
1732176000,241.48,243.49,239.79,239.97,,2024-11-21 08:00:00+00:00
1732190400,239.98,253.0,239.95,248.86,,2024-11-21 12:00:00+00:00
1732204800,248.87,259.8,248.3,253.93,,2024-11-21 16:00:00+00:00
1732219200,253.93,257.5,252.89,256.37,,2024-11-21 20:00:00+00:00
1732233600,256.38,264.39,252.37,262.48,,2024-11-22 00:00:00+00:00
1732248000,262.48,262.8,257.84,259.22,,2024-11-22 04:00:00+00:00
1732262400,259.23,260.96,256.23,259.26,,2024-11-22 08:00:00+00:00
1732276800,259.26,260.35,252.48,256.38,,2024-11-22 12:00:00+00:00
1732291200,256.38,256.38,251.47,254.04,,2024-11-22 16:00:00+00:00
1732305600,254.04,257.91,253.28,256.9,,2024-11-22 20:00:00+00:00
1732320000,256.9,257.74,253.34,257.2,,2024-11-23 00:00:00+00:00
1732334400,257.2,264.0,256.9,258.26,,2024-11-23 04:00:00+00:00
1732348800,258.27,259.46,255.8,256.14,,2024-11-23 08:00:00+00:00
1732363200,256.13,263.6,255.91,259.71,,2024-11-23 12:00:00+00:00
1732377600,259.71,260.3,254.15,254.39,,2024-11-23 16:00:00+00:00
1732392000,254.38,256.06,252.69,254.89,,2024-11-23 20:00:00+00:00
1732406400,254.9,259.78,254.49,258.57,,2024-11-24 00:00:00+00:00
1732420800,258.58,259.2,254.06,256.63,,2024-11-24 04:00:00+00:00
1732435200,256.63,256.75,248.0,248.39,,2024-11-24 08:00:00+00:00
1732449600,248.39,250.21,240.93,244.17,,2024-11-24 12:00:00+00:00
1732464000,244.18,250.44,243.66,248.58,,2024-11-24 16:00:00+00:00
1732478400,248.57,254.76,248.14,252.73,,2024-11-24 20:00:00+00:00
1732492800,252.74,253.18,245.7,252.46,,2024-11-25 00:00:00+00:00
1732507200,252.45,254.06,251.65,253.28,,2024-11-25 04:00:00+00:00
1732521600,253.28,256.7,251.26,252.17,,2024-11-25 08:00:00+00:00
1732536000,252.17,252.55,235.04,244.97,,2024-11-25 12:00:00+00:00
1732550400,244.97,246.13,237.26,239.65,,2024-11-25 16:00:00+00:00
1732564800,239.65,241.15,231.21,234.18,,2024-11-25 20:00:00+00:00
1732579200,234.18,239.62,233.57,237.45,,2024-11-26 00:00:00+00:00
1732593600,237.44,239.66,234.97,235.73,,2024-11-26 04:00:00+00:00
1732608000,235.72,236.6,221.8,227.73,,2024-11-26 08:00:00+00:00
1732622400,227.73,232.64,225.81,227.36,,2024-11-26 12:00:00+00:00
1732636800,227.36,232.49,223.4,229.03,,2024-11-26 16:00:00+00:00
1732651200,229.03,232.2,227.4,230.69,,2024-11-26 20:00:00+00:00
1732665600,230.69,233.81,228.14,231.51,,2024-11-27 00:00:00+00:00
1732680000,231.51,234.99,227.51,234.34,,2024-11-27 04:00:00+00:00
1732694400,234.35,237.08,232.04,235.0,,2024-11-27 08:00:00+00:00
1732708800,234.99,240.91,232.61,240.59,,2024-11-27 12:00:00+00:00
1732723200,240.59,241.14,237.71,239.07,,2024-11-27 16:00:00+00:00
1732737600,239.06,243.33,238.78,241.96,,2024-11-27 20:00:00+00:00
1732752000,241.96,245.28,238.1,240.01,,2024-11-28 00:00:00+00:00
1732766400,240.01,241.15,236.61,238.02,,2024-11-28 04:00:00+00:00
1732780800,238.03,239.14,234.37,236.9,,2024-11-28 08:00:00+00:00
1732795200,236.89,237.73,232.8,233.06,,2024-11-28 12:00:00+00:00
1732809600,233.06,237.04,233.06,235.47,,2024-11-28 16:00:00+00:00
1732824000,235.47,238.35,234.9,237.59,,2024-11-28 20:00:00+00:00
1732838400,237.58,243.11,236.55,241.98,,2024-11-29 00:00:00+00:00
1732852800,241.97,242.2,237.54,237.65,,2024-11-29 04:00:00+00:00
1732867200,237.66,245.49,237.66,245.22,,2024-11-29 08:00:00+00:00
1732881600,245.22,246.77,242.09,243.5,,2024-11-29 12:00:00+00:00
1732896000,243.51,244.55,239.97,241.14,,2024-11-29 16:00:00+00:00
1732910400,241.14,245.3,240.95,243.33,,2024-11-29 20:00:00+00:00
1732924800,243.33,243.35,239.01,242.88,,2024-11-30 00:00:00+00:00
1732939200,242.89,245.13,241.57,244.23,,2024-11-30 04:00:00+00:00
1732953600,244.22,245.4,240.06,241.46,,2024-11-30 08:00:00+00:00
1732968000,241.47,243.08,238.65,239.87,,2024-11-30 12:00:00+00:00
1732982400,239.87,240.55,238.82,239.92,,2024-11-30 16:00:00+00:00
1732996800,239.91,241.17,237.5,237.6,,2024-11-30 20:00:00+00:00
1733011200,237.6,239.89,234.1,235.67,,2024-12-01 00:00:00+00:00
1733025600,235.66,236.89,235.02,235.46,,2024-12-01 04:00:00+00:00
1733040000,235.46,238.74,235.35,237.09,,2024-12-01 08:00:00+00:00
1733054400,237.09,239.32,236.15,238.5,,2024-12-01 12:00:00+00:00
1733068800,238.51,239.41,235.05,236.29,,2024-12-01 16:00:00+00:00
1733083200,236.28,239.08,234.2,236.8,,2024-12-01 20:00:00+00:00
1733097600,236.79,238.2,228.0,228.47,,2024-12-02 00:00:00+00:00
1733112000,228.46,230.3,225.93,228.62,,2024-12-02 04:00:00+00:00
1733126400,228.62,228.8,222.84,224.77,,2024-12-02 08:00:00+00:00
1733140800,224.78,229.6,221.61,229.21,,2024-12-02 12:00:00+00:00
1733155200,229.21,229.94,220.0,223.98,,2024-12-02 16:00:00+00:00
1733169600,223.97,225.86,221.21,225.72,,2024-12-02 20:00:00+00:00
1733184000,225.73,229.32,223.15,227.95,,2024-12-03 00:00:00+00:00
1733198400,227.95,230.98,225.14,226.92,,2024-12-03 04:00:00+00:00
1733212800,226.92,228.5,222.9,225.59,,2024-12-03 08:00:00+00:00
1733227200,225.58,226.34,215.0,223.22,,2024-12-03 12:00:00+00:00
1733241600,223.21,228.43,220.27,228.16,,2024-12-03 16:00:00+00:00
1733256000,228.16,239.6,227.73,233.92,,2024-12-03 20:00:00+00:00
1733270400,233.92,240.6,233.92,237.7,,2024-12-04 00:00:00+00:00
1733284800,237.7,241.0,235.79,236.58,,2024-12-04 04:00:00+00:00
1733299200,236.57,237.87,235.02,235.98,,2024-12-04 08:00:00+00:00
1733313600,235.98,236.15,229.92,233.72,,2024-12-04 12:00:00+00:00
1733328000,233.73,234.04,224.67,232.67,,2024-12-04 16:00:00+00:00
1733342400,232.68,236.23,225.78,229.15,,2024-12-04 20:00:00+00:00
1733356800,229.15,238.59,222.95,232.93,,2024-12-05 00:00:00+00:00
1733371200,232.92,238.23,231.39,233.89,,2024-12-05 04:00:00+00:00
1733385600,233.9,242.37,233.51,241.79,,2024-12-05 08:00:00+00:00
1733400000,241.79,244.77,236.21,239.06,,2024-12-05 12:00:00+00:00
1733414400,239.07,242.93,232.35,233.07,,2024-12-05 16:00:00+00:00
1733428800,233.08,240.65,225.0,235.84,,2024-12-05 20:00:00+00:00
1733443200,235.84,247.0,234.31,241.98,,2024-12-06 00:00:00+00:00
1733457600,241.98,242.93,237.67,239.3,,2024-12-06 04:00:00+00:00
1733472000,239.31,240.51,233.61,234.13,,2024-12-06 08:00:00+00:00
1733486400,234.12,240.0,230.92,238.02,,2024-12-06 12:00:00+00:00
1733500800,238.01,240.43,237.04,239.7,,2024-12-06 16:00:00+00:00
1733515200,239.7,240.73,235.34,236.87,,2024-12-06 20:00:00+00:00
1733529600,236.87,237.44,234.12,234.86,,2024-12-07 00:00:00+00:00
1733544000,234.86,236.59,234.32,236.21,,2024-12-07 04:00:00+00:00
1733558400,236.21,239.36,235.01,238.15,,2024-12-07 08:00:00+00:00
1733572800,238.15,243.2,237.17,240.84,,2024-12-07 12:00:00+00:00
1733587200,240.85,242.54,238.88,241.67,,2024-12-07 16:00:00+00:00
1733601600,241.67,243.61,237.83,238.14,,2024-12-07 20:00:00+00:00
1733616000,238.14,241.51,237.6,240.66,,2024-12-08 00:00:00+00:00
1733630400,240.67,241.07,236.6,237.6,,2024-12-08 04:00:00+00:00
1733644800,237.6,237.78,233.22,235.96,,2024-12-08 08:00:00+00:00
1733659200,235.95,237.64,234.47,237.35,,2024-12-08 12:00:00+00:00
1733673600,237.34,237.68,234.09,236.51,,2024-12-08 16:00:00+00:00
1733688000,236.51,237.75,234.6,237.02,,2024-12-08 20:00:00+00:00
1733702400,237.02,237.28,230.17,231.83,,2024-12-09 00:00:00+00:00
1733716800,231.82,232.8,228.11,231.59,,2024-12-09 04:00:00+00:00
1733731200,231.59,231.82,225.29,225.99,,2024-12-09 08:00:00+00:00
1733745600,225.99,231.76,222.89,224.29,,2024-12-09 12:00:00+00:00
1733760000,224.3,226.15,221.7,221.95,,2024-12-09 16:00:00+00:00
1733774400,221.95,225.75,203.0,216.63,,2024-12-09 20:00:00+00:00
1733788800,216.62,221.06,206.96,215.8,,2024-12-10 00:00:00+00:00
1733803200,215.79,218.74,212.14,217.34,,2024-12-10 04:00:00+00:00
1733817600,217.33,218.59,215.08,216.21,,2024-12-10 08:00:00+00:00
1733832000,216.21,218.6,206.27,206.55,,2024-12-10 12:00:00+00:00
1733846400,206.58,212.77,203.21,212.1,,2024-12-10 16:00:00+00:00
1733860800,212.09,216.29,211.34,213.6,,2024-12-10 20:00:00+00:00
1733875200,213.6,219.4,211.51,219.39,,2024-12-11 00:00:00+00:00
1733889600,219.39,220.32,216.9,218.44,,2024-12-11 04:00:00+00:00
1733904000,218.45,225.41,218.31,224.79,,2024-12-11 08:00:00+00:00
1733918400,224.78,230.29,224.06,228.38,,2024-12-11 12:00:00+00:00
1733932800,228.38,230.51,227.29,229.77,,2024-12-11 16:00:00+00:00
1733947200,229.78,230.65,226.77,227.29,,2024-12-11 20:00:00+00:00
1733961600,227.29,231.97,225.67,230.36,,2024-12-12 00:00:00+00:00
1733976000,230.37,232.98,228.98,230.01,,2024-12-12 04:00:00+00:00
1733990400,230.0,233.53,228.3,229.59,,2024-12-12 08:00:00+00:00
1734004800,229.59,233.28,228.61,231.3,,2024-12-12 12:00:00+00:00
1734019200,231.3,234.69,226.59,227.24,,2024-12-12 16:00:00+00:00
1734033600,227.25,229.73,225.71,226.96,,2024-12-12 20:00:00+00:00
1734048000,226.95,228.44,224.27,227.17,,2024-12-13 00:00:00+00:00
1734062400,227.18,227.51,223.09,224.81,,2024-12-13 04:00:00+00:00
1734076800,224.82,227.27,223.89,225.61,,2024-12-13 08:00:00+00:00
1734091200,225.6,226.71,220.7,221.13,,2024-12-13 12:00:00+00:00
1734105600,221.12,223.89,220.6,223.28,,2024-12-13 16:00:00+00:00
1734120000,223.28,224.92,223.07,224.79,,2024-12-13 20:00:00+00:00
1734134400,224.79,227.0,223.62,226.23,,2024-12-14 00:00:00+00:00
1734148800,226.23,227.51,225.14,225.97,,2024-12-14 04:00:00+00:00
1734163200,225.98,226.75,224.06,224.36,,2024-12-14 08:00:00+00:00
1734177600,224.36,224.64,220.42,222.56,,2024-12-14 12:00:00+00:00
1734192000,222.55,222.55,216.73,218.03,,2024-12-14 16:00:00+00:00
1734206400,218.04,220.91,215.13,219.93,,2024-12-14 20:00:00+00:00
1734220800,219.94,221.79,218.87,219.44,,2024-12-15 00:00:00+00:00
1734235200,219.44,221.86,215.68,217.27,,2024-12-15 04:00:00+00:00
1734249600,217.26,220.14,216.47,218.41,,2024-12-15 08:00:00+00:00
1734264000,218.41,221.5,217.38,220.88,,2024-12-15 12:00:00+00:00
1734278400,220.89,222.49,220.49,221.24,,2024-12-15 16:00:00+00:00
1734292800,221.24,225.5,216.22,224.27,,2024-12-15 20:00:00+00:00
1734307200,224.26,227.56,220.45,221.25,,2024-12-16 00:00:00+00:00
1734321600,221.25,223.89,220.6,223.13,,2024-12-16 04:00:00+00:00
1734336000,223.12,223.33,213.61,214.1,,2024-12-16 08:00:00+00:00
1734350400,214.11,218.09,213.26,216.98,,2024-12-16 12:00:00+00:00
1734364800,216.97,221.74,216.81,218.33,,2024-12-16 16:00:00+00:00
1734379200,218.34,218.97,215.86,216.19,,2024-12-16 20:00:00+00:00
1734393600,216.19,216.69,211.36,215.45,,2024-12-17 00:00:00+00:00
1734408000,215.45,216.54,213.0,215.57,,2024-12-17 04:00:00+00:00
1734422400,215.57,223.84,215.5,221.59,,2024-12-17 08:00:00+00:00
1734436800,221.6,227.55,217.0,220.53,,2024-12-17 12:00:00+00:00
1734451200,220.53,228.95,219.86,227.45,,2024-12-17 16:00:00+00:00
1734465600,227.46,228.6,221.65,223.15,,2024-12-17 20:00:00+00:00
1734480000,223.16,226.04,217.13,217.5,,2024-12-18 00:00:00+00:00
1734494400,217.5,218.3,213.55,215.91,,2024-12-18 04:00:00+00:00
1734508800,215.92,218.94,215.31,217.85,,2024-12-18 08:00:00+00:00
1734523200,217.85,218.78,214.64,217.73,,2024-12-18 12:00:00+00:00
1734537600,217.73,218.34,211.68,211.69,,2024-12-18 16:00:00+00:00
1734552000,211.68,212.8,204.8,206.53,,2024-12-18 20:00:00+00:00
1734566400,206.53,209.27,199.39,208.84,,2024-12-19 00:00:00+00:00
1734580800,208.85,212.14,207.23,211.81,,2024-12-19 04:00:00+00:00
1734595200,211.82,211.82,207.82,210.48,,2024-12-19 08:00:00+00:00
1734609600,210.47,211.09,202.4,205.44,,2024-12-19 12:00:00+00:00
1734624000,205.44,206.92,187.0,191.88,,2024-12-19 16:00:00+00:00
1734638400,191.88,198.14,187.64,193.81,,2024-12-19 20:00:00+00:00
1734652800,193.82,199.81,191.7,196.36,,2024-12-20 00:00:00+00:00
1734667200,196.37,197.4,188.11,191.37,,2024-12-20 04:00:00+00:00
1734681600,191.36,191.59,175.26,176.01,,2024-12-20 08:00:00+00:00
1734696000,176.02,191.27,175.83,189.89,,2024-12-20 12:00:00+00:00
1734710400,189.89,193.16,188.29,191.63,,2024-12-20 16:00:00+00:00
1734724800,191.63,194.78,187.91,194.48,,2024-12-20 20:00:00+00:00
1734739200,194.48,196.69,193.05,194.28,,2024-12-21 00:00:00+00:00
1734753600,194.29,201.98,194.2,198.81,,2024-12-21 04:00:00+00:00
1734768000,198.8,198.97,192.2,192.94,,2024-12-21 08:00:00+00:00
1734782400,192.93,193.1,183.21,186.65,,2024-12-21 12:00:00+00:00
1734796800,186.65,187.5,178.3,181.52,,2024-12-21 16:00:00+00:00
1734811200,181.51,183.39,178.72,181.45,,2024-12-21 20:00:00+00:00
1734825600,181.46,183.95,179.96,182.56,,2024-12-22 00:00:00+00:00
1734840000,182.55,184.81,177.88,184.32,,2024-12-22 04:00:00+00:00
1734854400,184.31,186.98,183.71,186.69,,2024-12-22 08:00:00+00:00
1734868800,186.69,187.87,179.03,181.87,,2024-12-22 12:00:00+00:00
1734883200,181.88,184.05,177.85,178.49,,2024-12-22 16:00:00+00:00
1734897600,178.5,182.41,176.88,180.52,,2024-12-22 20:00:00+00:00
1734912000,180.53,187.38,176.48,186.24,,2024-12-23 00:00:00+00:00
1734926400,186.24,187.73,179.91,182.25,,2024-12-23 04:00:00+00:00
1734940800,182.24,186.67,181.74,183.59,,2024-12-23 08:00:00+00:00
1734955200,183.59,185.76,180.73,180.87,,2024-12-23 12:00:00+00:00
1734969600,180.87,189.66,180.74,187.43,,2024-12-23 16:00:00+00:00
1734984000,187.43,193.48,186.73,190.11,,2024-12-23 20:00:00+00:00
1734998400,190.12,190.41,186.13,189.97,,2024-12-24 00:00:00+00:00
1735012800,189.97,191.96,189.29,191.51,,2024-12-24 04:00:00+00:00
1735027200,191.51,193.98,190.56,192.95,,2024-12-24 08:00:00+00:00
1735041600,192.95,199.0,191.28,197.79,,2024-12-24 12:00:00+00:00
1735056000,197.79,198.64,194.99,195.25,,2024-12-24 16:00:00+00:00
1735070400,195.25,198.0,193.35,197.09,,2024-12-24 20:00:00+00:00
1735084800,197.09,201.85,196.4,199.87,,2024-12-25 00:00:00+00:00
1735099200,199.86,200.59,197.69,198.13,,2024-12-25 04:00:00+00:00
1735113600,198.14,200.54,195.0,195.79,,2024-12-25 08:00:00+00:00
1735128000,195.8,199.45,195.05,198.27,,2024-12-25 12:00:00+00:00
1735142400,198.26,199.45,196.0,199.25,,2024-12-25 16:00:00+00:00
1735156800,199.25,200.13,195.61,197.44,,2024-12-25 20:00:00+00:00
1735171200,197.45,199.71,195.71,196.62,,2024-12-26 00:00:00+00:00
1735185600,196.61,196.61,193.35,193.43,,2024-12-26 04:00:00+00:00
1735200000,193.43,193.84,188.23,189.8,,2024-12-26 08:00:00+00:00
1735214400,189.81,190.16,187.57,188.7,,2024-12-26 12:00:00+00:00
1735228800,188.7,190.97,187.4,189.17,,2024-12-26 16:00:00+00:00
1735243200,189.16,190.05,186.54,188.46,,2024-12-26 20:00:00+00:00
1735257600,188.46,190.5,187.28,189.44,,2024-12-27 00:00:00+00:00
1735272000,189.45,191.17,185.58,186.67,,2024-12-27 04:00:00+00:00
1735286400,186.67,194.39,186.65,191.32,,2024-12-27 08:00:00+00:00
1735300800,191.31,191.42,183.3,184.13,,2024-12-27 12:00:00+00:00
1735315200,184.12,187.33,182.74,186.9,,2024-12-27 16:00:00+00:00
1735329600,186.9,187.0,183.13,184.22,,2024-12-27 20:00:00+00:00
1735344000,184.22,186.01,183.82,185.03,,2024-12-28 00:00:00+00:00
1735358400,185.03,186.32,184.26,185.13,,2024-12-28 04:00:00+00:00
1735372800,185.13,187.36,185.0,187.19,,2024-12-28 08:00:00+00:00
1735387200,187.19,191.3,186.5,190.18,,2024-12-28 12:00:00+00:00
1735401600,190.19,195.35,189.64,193.76,,2024-12-28 16:00:00+00:00
1735416000,193.76,196.1,192.71,195.5,,2024-12-28 20:00:00+00:00
1735430400,195.5,195.7,192.42,194.78,,2024-12-29 00:00:00+00:00
1735444800,194.79,197.37,194.07,196.04,,2024-12-29 04:00:00+00:00
1735459200,196.03,197.34,194.88,196.09,,2024-12-29 08:00:00+00:00
1735473600,196.1,197.71,192.91,195.14,,2024-12-29 12:00:00+00:00
1735488000,195.15,195.48,192.16,192.71,,2024-12-29 16:00:00+00:00
1735502400,192.71,192.81,188.57,189.94,,2024-12-29 20:00:00+00:00
1735516800,189.94,194.4,189.08,191.38,,2024-12-30 00:00:00+00:00
1735531200,191.37,193.73,189.58,192.36,,2024-12-30 04:00:00+00:00
1735545600,192.37,194.14,191.52,193.51,,2024-12-30 08:00:00+00:00
1735560000,193.52,194.82,185.99,187.32,,2024-12-30 12:00:00+00:00
1735574400,187.32,196.3,185.89,196.21,,2024-12-30 16:00:00+00:00
1735588800,196.2,196.47,189.1,191.38,,2024-12-30 20:00:00+00:00
1735603200,191.37,192.05,188.33,189.96,,2024-12-31 00:00:00+00:00
1735617600,189.95,190.77,188.04,190.07,,2024-12-31 04:00:00+00:00
1735632000,190.07,194.96,190.0,193.79,,2024-12-31 08:00:00+00:00
1735646400,193.8,198.76,193.01,198.44,,2024-12-31 12:00:00+00:00
1735660800,198.44,199.27,193.22,193.81,,2024-12-31 16:00:00+00:00
1735675200,193.81,194.82,189.2,189.31,,2024-12-31 20:00:00+00:00
1735689600,189.31,192.66,189.08,190.43,,2025-01-01 00:00:00+00:00
1735704000,190.42,190.62,189.32,190.06,,2025-01-01 04:00:00+00:00
1735718400,190.06,191.86,188.0,191.36,,2025-01-01 08:00:00+00:00
1735732800,191.35,192.15,189.14,191.91,,2025-01-01 12:00:00+00:00
1735747200,191.91,193.91,189.25,193.1,,2025-01-01 16:00:00+00:00
1735761600,193.1,195.33,193.1,194.28,,2025-01-01 20:00:00+00:00
1735776000,194.28,199.7,193.43,198.54,,2025-01-02 00:00:00+00:00
1735790400,198.55,206.89,198.54,205.91,,2025-01-02 04:00:00+00:00
1735804800,205.91,208.88,205.66,208.51,,2025-01-02 08:00:00+00:00
1735819200,208.52,210.48,205.45,206.77,,2025-01-02 12:00:00+00:00
1735833600,206.77,209.07,204.67,206.69,,2025-01-02 16:00:00+00:00
1735848000,206.69,208.44,205.2,208.31,,2025-01-02 20:00:00+00:00
1735862400,208.3,208.45,205.63,208.05,,2025-01-03 00:00:00+00:00
1735876800,208.05,210.0,207.09,207.95,,2025-01-03 04:00:00+00:00
1735891200,207.95,215.18,207.6,214.51,,2025-01-03 08:00:00+00:00
1735905600,214.52,218.7,212.09,217.36,,2025-01-03 12:00:00+00:00
1735920000,217.37,219.83,216.46,217.1,,2025-01-03 16:00:00+00:00
1735934400,217.1,218.04,215.81,217.99,,2025-01-03 20:00:00+00:00
1735948800,218.0,218.18,215.67,216.97,,2025-01-04 00:00:00+00:00
1735963200,216.97,217.96,215.58,216.71,,2025-01-04 04:00:00+00:00
1735977600,216.7,216.73,214.4,216.45,,2025-01-04 08:00:00+00:00
1735992000,216.46,217.66,213.54,214.32,,2025-01-04 12:00:00+00:00
1736006400,214.31,215.96,213.73,215.58,,2025-01-04 16:00:00+00:00
1736020800,215.58,217.27,215.41,216.67,,2025-01-04 20:00:00+00:00
1736035200,216.67,218.99,215.27,217.96,,2025-01-05 00:00:00+00:00
1736049600,217.96,219.05,215.97,216.47,,2025-01-05 04:00:00+00:00
1736064000,216.47,216.57,212.91,213.93,,2025-01-05 08:00:00+00:00
1736078400,213.94,214.61,211.61,213.59,,2025-01-05 12:00:00+00:00
1736092800,213.58,214.29,211.46,212.79,,2025-01-05 16:00:00+00:00
1736107200,212.79,214.54,212.54,213.41,,2025-01-05 20:00:00+00:00
1736121600,213.41,216.99,211.56,215.61,,2025-01-06 00:00:00+00:00
1736136000,215.61,216.9,213.9,215.22,,2025-01-06 04:00:00+00:00
1736150400,215.22,216.27,213.23,216.26,,2025-01-06 08:00:00+00:00
1736164800,216.26,222.14,215.77,221.62,,2025-01-06 12:00:00+00:00
1736179200,221.62,223.18,217.34,220.0,,2025-01-06 16:00:00+00:00
1736193600,220.0,220.44,217.55,218.22,,2025-01-06 20:00:00+00:00
1736208000,218.22,219.11,216.23,217.34,,2025-01-07 00:00:00+00:00
1736222400,217.35,217.45,215.49,216.04,,2025-01-07 04:00:00+00:00
1736236800,216.04,216.77,212.88,214.06,,2025-01-07 08:00:00+00:00
1736251200,214.07,214.36,205.36,207.76,,2025-01-07 12:00:00+00:00
1736265600,207.76,209.09,203.52,204.56,,2025-01-07 16:00:00+00:00
1736280000,204.56,204.99,201.8,202.17,,2025-01-07 20:00:00+00:00
1736294400,202.17,203.28,196.71,198.67,,2025-01-08 00:00:00+00:00
1736308800,198.68,199.57,193.14,195.71,,2025-01-08 04:00:00+00:00
1736323200,195.71,198.0,194.45,195.5,,2025-01-08 08:00:00+00:00
1736337600,195.51,199.57,194.86,197.8,,2025-01-08 12:00:00+00:00
1736352000,197.8,197.97,188.34,194.32,,2025-01-08 16:00:00+00:00
1736366400,194.31,198.3,193.67,197.48,,2025-01-08 20:00:00+00:00
1736380800,197.48,199.06,194.15,194.35,,2025-01-09 00:00:00+00:00
1736395200,194.35,195.55,189.76,190.11,,2025-01-09 04:00:00+00:00
1736409600,190.11,192.83,189.12,191.18,,2025-01-09 08:00:00+00:00
1736424000,191.17,193.07,185.07,192.22,,2025-01-09 12:00:00+00:00
1736438400,192.22,192.81,185.72,185.89,,2025-01-09 16:00:00+00:00
1736452800,185.9,187.59,182.0,184.95,,2025-01-09 20:00:00+00:00
1736467200,184.96,189.56,184.95,189.14,,2025-01-10 00:00:00+00:00
1736481600,189.14,193.02,188.38,191.78,,2025-01-10 04:00:00+00:00
1736496000,191.77,192.87,191.13,191.97,,2025-01-10 08:00:00+00:00
1736510400,191.98,192.18,183.51,187.28,,2025-01-10 12:00:00+00:00
1736524800,187.28,192.07,183.85,190.22,,2025-01-10 16:00:00+00:00
1736539200,190.22,190.5,186.71,187.68,,2025-01-10 20:00:00+00:00
1736553600,187.69,188.79,185.61,186.37,,2025-01-11 00:00:00+00:00
1736568000,186.37,187.2,185.04,186.24,,2025-01-11 04:00:00+00:00
1736582400,186.24,186.88,184.01,186.69,,2025-01-11 08:00:00+00:00
1736596800,186.69,188.25,185.87,186.95,,2025-01-11 12:00:00+00:00
1736611200,186.96,187.99,185.66,187.75,,2025-01-11 16:00:00+00:00
1736625600,187.74,191.91,187.49,188.09,,2025-01-11 20:00:00+00:00
1736640000,188.09,188.6,186.54,187.31,,2025-01-12 00:00:00+00:00
1736654400,187.31,187.5,185.6,186.57,,2025-01-12 04:00:00+00:00
1736668800,186.57,186.99,185.17,186.68,,2025-01-12 08:00:00+00:00
1736683200,186.68,191.0,186.17,190.45,,2025-01-12 12:00:00+00:00
1736697600,190.45,190.76,188.63,188.9,,2025-01-12 16:00:00+00:00
1736712000,188.9,189.98,186.59,188.51,,2025-01-12 20:00:00+00:00
1736726400,188.5,191.99,184.21,185.03,,2025-01-13 00:00:00+00:00
1736740800,185.02,186.98,181.5,182.46,,2025-01-13 04:00:00+00:00
1736755200,182.46,182.53,175.23,175.41,,2025-01-13 08:00:00+00:00
1736769600,175.41,180.34,168.88,178.8,,2025-01-13 12:00:00+00:00
1736784000,178.81,179.81,174.45,177.6,,2025-01-13 16:00:00+00:00
1736798400,177.6,183.81,176.61,182.87,,2025-01-13 20:00:00+00:00
1736812800,182.86,184.63,181.88,184.19,,2025-01-14 00:00:00+00:00
1736827200,184.2,186.91,184.2,185.61,,2025-01-14 04:00:00+00:00
1736841600,185.61,190.09,185.6,187.06,,2025-01-14 08:00:00+00:00
1736856000,187.05,190.11,184.69,186.85,,2025-01-14 12:00:00+00:00
1736870400,186.85,187.91,185.72,187.08,,2025-01-14 16:00:00+00:00
1736884800,187.08,188.81,185.82,187.57,,2025-01-14 20:00:00+00:00
1736899200,187.57,189.74,187.03,189.73,,2025-01-15 00:00:00+00:00
1736913600,189.73,190.77,188.35,190.0,,2025-01-15 04:00:00+00:00
1736928000,189.99,190.7,185.84,186.98,,2025-01-15 08:00:00+00:00
1736942400,186.98,198.03,185.99,196.52,,2025-01-15 12:00:00+00:00
1736956800,196.52,202.35,196.43,201.9,,2025-01-15 16:00:00+00:00
1736971200,201.9,206.04,201.89,205.86,,2025-01-15 20:00:00+00:00
1736985600,205.86,206.29,201.36,201.99,,2025-01-16 00:00:00+00:00
1737000000,201.98,203.5,201.46,203.14,,2025-01-16 04:00:00+00:00
1737014400,203.15,212.98,198.47,212.78,,2025-01-16 08:00:00+00:00
1737028800,212.77,217.14,205.36,209.07,,2025-01-16 12:00:00+00:00
1737043200,209.07,215.44,208.83,214.19,,2025-01-16 16:00:00+00:00
1737057600,214.2,214.54,208.53,211.14,,2025-01-16 20:00:00+00:00
1737072000,211.15,215.35,209.84,211.1,,2025-01-17 00:00:00+00:00
1737086400,211.1,213.83,210.94,213.27,,2025-01-17 04:00:00+00:00
1737100800,213.27,219.7,213.22,218.77,,2025-01-17 08:00:00+00:00
1737115200,218.77,222.11,216.39,218.6,,2025-01-17 12:00:00+00:00
1737129600,218.6,221.93,215.66,217.16,,2025-01-17 16:00:00+00:00
1737144000,217.17,221.22,216.46,219.51,,2025-01-17 20:00:00+00:00
1737158400,219.52,228.8,217.29,220.47,,2025-01-18 00:00:00+00:00
1737172800,220.47,238.15,219.85,232.89,,2025-01-18 04:00:00+00:00
1737187200,232.89,245.0,230.75,238.95,,2025-01-18 08:00:00+00:00
1737201600,238.95,260.0,238.91,257.75,,2025-01-18 12:00:00+00:00
1737216000,257.75,270.67,242.51,255.35,,2025-01-18 16:00:00+00:00
1737230400,255.35,264.68,247.22,261.97,,2025-01-18 20:00:00+00:00
1737244800,261.97,265.0,252.08,255.6,,2025-01-19 00:00:00+00:00
1737259200,255.6,277.99,254.17,271.53,,2025-01-19 04:00:00+00:00
1737273600,271.52,295.83,266.28,286.24,,2025-01-19 08:00:00+00:00
1737288000,286.23,289.72,262.95,270.58,,2025-01-19 12:00:00+00:00
1737302400,270.58,275.41,264.04,269.5,,2025-01-19 16:00:00+00:00
1737316800,269.5,278.43,236.68,252.42,,2025-01-19 20:00:00+00:00
1737331200,252.4,252.76,229.44,241.38,,2025-01-20 00:00:00+00:00
1737345600,241.38,264.3,239.0,261.9,,2025-01-20 04:00:00+00:00
1737360000,261.91,273.29,256.64,260.6,,2025-01-20 08:00:00+00:00
1737374400,260.6,261.74,249.91,254.06,,2025-01-20 12:00:00+00:00
1737388800,254.07,256.77,232.07,246.26,,2025-01-20 16:00:00+00:00
1737403200,246.27,250.99,241.51,242.19,,2025-01-20 20:00:00+00:00
1737417600,242.18,245.21,232.1,237.86,,2025-01-21 00:00:00+00:00
1737432000,237.87,239.15,230.0,236.84,,2025-01-21 04:00:00+00:00
1737446400,236.83,242.15,235.59,239.44,,2025-01-21 08:00:00+00:00
1737460800,239.44,244.84,235.77,240.92,,2025-01-21 12:00:00+00:00
1737475200,240.92,260.06,239.79,253.41,,2025-01-21 16:00:00+00:00
1737489600,253.41,255.99,246.69,250.33,,2025-01-21 20:00:00+00:00
1737504000,250.33,256.97,248.43,254.11,,2025-01-22 00:00:00+00:00
1737518400,254.11,259.78,252.4,258.51,,2025-01-22 04:00:00+00:00
1737532800,258.51,258.94,252.22,257.76,,2025-01-22 08:00:00+00:00
1737547200,257.75,264.98,254.48,257.3,,2025-01-22 12:00:00+00:00
1737561600,257.31,266.31,253.22,265.29,,2025-01-22 16:00:00+00:00
1737576000,265.29,272.03,255.64,257.36,,2025-01-22 20:00:00+00:00
1737590400,257.37,258.48,246.38,248.85,,2025-01-23 00:00:00+00:00
1737604800,248.84,250.71,245.02,249.53,,2025-01-23 04:00:00+00:00
1737619200,249.52,249.92,242.33,244.19,,2025-01-23 08:00:00+00:00
1737633600,244.19,254.76,242.19,249.39,,2025-01-23 12:00:00+00:00
1737648000,249.4,256.32,245.27,246.84,,2025-01-23 16:00:00+00:00
1737662400,246.84,258.38,243.62,253.11,,2025-01-23 20:00:00+00:00
1737676800,253.12,256.46,247.18,252.23,,2025-01-24 00:00:00+00:00
1737691200,252.23,264.44,250.6,259.7,,2025-01-24 04:00:00+00:00
1737705600,259.7,267.34,259.68,266.82,,2025-01-24 08:00:00+00:00
1737720000,266.83,270.18,260.84,262.28,,2025-01-24 12:00:00+00:00
1737734400,262.28,265.49,260.45,262.06,,2025-01-24 16:00:00+00:00
1737748800,262.06,262.39,252.74,253.37,,2025-01-24 20:00:00+00:00
1737763200,253.36,253.71,248.08,252.74,,2025-01-25 00:00:00+00:00
1737777600,252.73,252.74,246.49,247.28,,2025-01-25 04:00:00+00:00
1737792000,247.27,250.78,246.33,249.97,,2025-01-25 08:00:00+00:00
1737806400,249.97,254.7,248.25,253.68,,2025-01-25 12:00:00+00:00
1737820800,253.68,260.78,253.08,258.5,,2025-01-25 16:00:00+00:00
1737835200,258.49,259.75,255.59,256.41,,2025-01-25 20:00:00+00:00
1737849600,256.4,259.96,253.58,258.42,,2025-01-26 00:00:00+00:00
1737864000,258.43,260.16,257.36,258.95,,2025-01-26 04:00:00+00:00
1737878400,258.95,258.95,252.79,255.59,,2025-01-26 08:00:00+00:00
1737892800,255.58,257.55,253.32,254.58,,2025-01-26 12:00:00+00:00
1737907200,254.59,258.0,253.83,256.28,,2025-01-26 16:00:00+00:00
1737921600,256.29,256.63,240.32,240.5,,2025-01-26 20:00:00+00:00
1737936000,240.49,242.68,232.88,235.8,,2025-01-27 00:00:00+00:00
1737950400,235.81,235.81,221.71,227.53,,2025-01-27 04:00:00+00:00
1737964800,227.52,227.99,220.89,225.85,,2025-01-27 08:00:00+00:00
1737979200,225.84,237.67,223.71,233.66,,2025-01-27 12:00:00+00:00
1737993600,233.67,235.9,223.92,226.53,,2025-01-27 16:00:00+00:00
1738008000,226.54,237.9,226.48,234.89,,2025-01-27 20:00:00+00:00
1738022400,234.9,237.8,233.06,236.69,,2025-01-28 00:00:00+00:00
1738036800,236.68,244.0,236.66,238.74,,2025-01-28 04:00:00+00:00
1738051200,238.74,239.72,235.32,238.25,,2025-01-28 08:00:00+00:00
1738065600,238.25,240.23,233.75,237.49,,2025-01-28 12:00:00+00:00
1738080000,237.49,237.78,230.3,232.19,,2025-01-28 16:00:00+00:00
1738094400,232.2,232.6,225.01,227.06,,2025-01-28 20:00:00+00:00
1738108800,227.06,232.0,226.79,231.2,,2025-01-29 00:00:00+00:00
1738123200,231.2,234.78,229.83,234.41,,2025-01-29 04:00:00+00:00
1738137600,234.42,235.9,230.14,231.99,,2025-01-29 08:00:00+00:00
1738152000,231.98,232.03,226.0,228.4,,2025-01-29 12:00:00+00:00
1738166400,228.41,236.12,222.63,231.68,,2025-01-29 16:00:00+00:00
1738180800,231.68,238.49,227.61,228.16,,2025-01-29 20:00:00+00:00
1738195200,228.16,241.01,226.84,240.24,,2025-01-30 00:00:00+00:00
1738209600,240.25,242.13,237.2,238.9,,2025-01-30 04:00:00+00:00
1738224000,238.9,241.94,238.01,241.77,,2025-01-30 08:00:00+00:00
1738238400,241.77,244.7,239.11,241.09,,2025-01-30 12:00:00+00:00
1738252800,241.08,243.42,238.72,241.13,,2025-01-30 16:00:00+00:00
1738267200,241.14,242.2,238.3,238.31,,2025-01-30 20:00:00+00:00
1738281600,238.3,239.19,235.13,235.95,,2025-01-31 00:00:00+00:00
1738296000,235.95,238.41,234.92,235.73,,2025-01-31 04:00:00+00:00
1738310400,235.73,239.05,234.19,238.76,,2025-01-31 08:00:00+00:00
1738324800,238.77,241.82,236.05,240.09,,2025-01-31 12:00:00+00:00
1738339200,240.1,240.18,230.17,230.52,,2025-01-31 16:00:00+00:00
1738353600,230.51,231.86,228.24,231.77,,2025-01-31 20:00:00+00:00
1738368000,231.77,236.46,230.61,231.46,,2025-02-01 00:00:00+00:00
1738382400,231.47,233.08,230.0,230.68,,2025-02-01 04:00:00+00:00
1738396800,230.67,230.93,226.29,228.11,,2025-02-01 08:00:00+00:00
1738411200,228.1,229.53,224.83,226.38,,2025-02-01 12:00:00+00:00
1738425600,226.38,227.66,220.86,221.75,,2025-02-01 16:00:00+00:00
1738440000,221.76,221.76,212.74,213.03,,2025-02-01 20:00:00+00:00
1738454400,213.03,218.9,206.83,207.11,,2025-02-02 00:00:00+00:00
1738468800,207.11,214.08,206.74,211.78,,2025-02-02 04:00:00+00:00
1738483200,211.77,215.79,207.71,208.68,,2025-02-02 08:00:00+00:00
1738497600,208.67,214.19,208.24,212.07,,2025-02-02 12:00:00+00:00
1738512000,212.06,212.13,195.0,203.54,,2025-02-02 16:00:00+00:00
1738526400,203.53,206.78,192.31,203.51,,2025-02-02 20:00:00+00:00
1738540800,203.52,203.89,175.89,197.92,,2025-02-03 00:00:00+00:00
1738555200,197.92,199.97,189.27,199.09,,2025-02-03 04:00:00+00:00
1738569600,199.09,202.15,193.38,198.74,,2025-02-03 08:00:00+00:00
1738584000,198.74,210.0,189.9,207.02,,2025-02-03 12:00:00+00:00
1738598400,207.01,215.27,203.61,215.2,,2025-02-03 16:00:00+00:00
1738612800,215.19,218.7,209.89,216.28,,2025-02-03 20:00:00+00:00
1738627200,216.27,219.97,213.89,215.48,,2025-02-04 00:00:00+00:00
1738641600,215.48,216.08,201.87,204.23,,2025-02-04 04:00:00+00:00
1738656000,204.22,210.8,202.43,207.67,,2025-02-04 08:00:00+00:00
1738670400,207.67,216.74,207.67,215.65,,2025-02-04 12:00:00+00:00
1738684800,215.65,218.35,208.27,208.29,,2025-02-04 16:00:00+00:00
1738699200,208.29,210.49,202.52,206.64,,2025-02-04 20:00:00+00:00
1738713600,206.64,209.39,205.11,207.38,,2025-02-05 00:00:00+00:00
1738728000,207.38,208.32,203.54,205.07,,2025-02-05 04:00:00+00:00
1738742400,205.06,206.94,202.92,206.33,,2025-02-05 08:00:00+00:00
1738756800,206.32,207.62,201.42,201.77,,2025-02-05 12:00:00+00:00
1738771200,201.76,202.12,196.42,199.56,,2025-02-05 16:00:00+00:00
1738785600,199.56,200.67,195.14,196.12,,2025-02-05 20:00:00+00:00
1738800000,196.12,201.27,195.93,200.71,,2025-02-06 00:00:00+00:00
1738814400,200.71,203.98,200.27,202.0,,2025-02-06 04:00:00+00:00
1738828800,202.0,202.93,198.66,200.26,,2025-02-06 08:00:00+00:00
1738843200,200.27,200.65,190.52,191.23,,2025-02-06 12:00:00+00:00
1738857600,191.23,192.95,188.36,189.9,,2025-02-06 16:00:00+00:00
1738872000,189.91,194.66,187.39,189.54,,2025-02-06 20:00:00+00:00
1738886400,189.53,195.87,189.18,193.31,,2025-02-07 00:00:00+00:00
1738900800,193.3,195.36,189.02,192.54,,2025-02-07 04:00:00+00:00
1738915200,192.54,198.66,191.69,198.47,,2025-02-07 08:00:00+00:00
1738929600,198.47,203.42,195.84,198.07,,2025-02-07 12:00:00+00:00
1738944000,198.08,199.15,194.62,195.44,,2025-02-07 16:00:00+00:00
1738958400,195.44,195.64,188.12,191.99,,2025-02-07 20:00:00+00:00
1738972800,192.0,194.34,191.38,192.98,,2025-02-08 00:00:00+00:00
1738987200,192.98,193.34,189.81,192.79,,2025-02-08 04:00:00+00:00
1739001600,192.79,194.99,191.65,194.39,,2025-02-08 08:00:00+00:00
1739016000,194.39,196.45,192.74,193.41,,2025-02-08 12:00:00+00:00
1739030400,193.42,198.4,193.2,196.9,,2025-02-08 16:00:00+00:00
1739044800,196.89,200.88,196.74,199.32,,2025-02-08 20:00:00+00:00
1739059200,199.32,207.0,198.52,206.95,,2025-02-09 00:00:00+00:00
1739073600,206.95,207.37,203.8,203.96,,2025-02-09 04:00:00+00:00
1739088000,203.96,204.58,201.22,201.44,,2025-02-09 08:00:00+00:00
1739102400,201.44,203.05,196.44,200.7,,2025-02-09 12:00:00+00:00
1739116800,200.7,202.24,197.81,199.08,,2025-02-09 16:00:00+00:00
1739131200,199.07,203.0,193.53,200.47,,2025-02-09 20:00:00+00:00
1739145600,200.47,205.1,195.85,201.97,,2025-02-10 00:00:00+00:00
1739160000,201.97,204.6,199.95,202.77,,2025-02-10 04:00:00+00:00
1739174400,202.77,205.97,202.56,204.5,,2025-02-10 08:00:00+00:00
1739188800,204.5,209.05,201.48,203.07,,2025-02-10 12:00:00+00:00
1739203200,203.07,204.41,201.03,201.37,,2025-02-10 16:00:00+00:00
1739217600,201.36,203.0,199.27,200.47,,2025-02-10 20:00:00+00:00
1739232000,200.47,204.66,199.94,201.11,,2025-02-11 00:00:00+00:00
1739246400,201.11,206.18,201.04,204.39,,2025-02-11 04:00:00+00:00
1739260800,204.39,205.95,201.2,203.4,,2025-02-11 08:00:00+00:00
1739275200,203.39,203.4,197.8,199.47,,2025-02-11 12:00:00+00:00
1739289600,199.47,200.12,195.12,195.65,,2025-02-11 16:00:00+00:00
1739304000,195.65,199.49,195.52,197.96,,2025-02-11 20:00:00+00:00
1739318400,197.95,198.56,193.85,194.33,,2025-02-12 00:00:00+00:00
1739332800,194.33,196.24,193.13,195.19,,2025-02-12 04:00:00+00:00
1739347200,195.2,198.01,195.09,197.37,,2025-02-12 08:00:00+00:00
1739361600,197.36,198.55,188.48,192.0,,2025-02-12 12:00:00+00:00
1739376000,192.01,196.66,189.34,193.7,,2025-02-12 16:00:00+00:00
1739390400,193.71,198.48,193.02,196.78,,2025-02-12 20:00:00+00:00
1739404800,196.78,198.19,194.96,198.19,,2025-02-13 00:00:00+00:00
1739419200,198.19,198.47,192.75,193.07,,2025-02-13 04:00:00+00:00
1739433600,193.07,193.52,191.1,191.91,,2025-02-13 08:00:00+00:00
1739448000,191.91,193.12,188.78,191.94,,2025-02-13 12:00:00+00:00
1739462400,191.93,194.6,190.02,192.68,,2025-02-13 16:00:00+00:00
1739476800,192.68,195.45,192.57,194.25,,2025-02-13 20:00:00+00:00
1739491200,194.24,197.35,194.11,197.0,,2025-02-14 00:00:00+00:00
1739505600,197.0,197.37,194.72,196.59,,2025-02-14 04:00:00+00:00
1739520000,196.59,201.4,196.35,199.59,,2025-02-14 08:00:00+00:00
1739534400,199.59,202.12,196.45,200.86,,2025-02-14 12:00:00+00:00
1739548800,200.85,205.34,198.84,201.56,,2025-02-14 16:00:00+00:00
1739563200,201.56,202.24,198.09,199.39,,2025-02-14 20:00:00+00:00
1739577600,199.4,200.27,196.76,198.36,,2025-02-15 00:00:00+00:00
1739592000,198.36,198.87,195.25,195.9,,2025-02-15 04:00:00+00:00
1739606400,195.9,196.74,193.89,194.85,,2025-02-15 08:00:00+00:00
1739620800,194.85,196.06,193.26,194.66,,2025-02-15 12:00:00+00:00
1739635200,194.66,195.1,193.32,194.17,,2025-02-15 16:00:00+00:00
1739649600,194.18,195.03,192.61,194.48,,2025-02-15 20:00:00+00:00
1739664000,194.47,195.51,193.05,194.73,,2025-02-16 00:00:00+00:00
1739678400,194.72,196.24,192.34,192.89,,2025-02-16 04:00:00+00:00
1739692800,192.9,194.0,192.21,193.73,,2025-02-16 08:00:00+00:00
1739707200,193.72,193.78,189.23,190.32,,2025-02-16 12:00:00+00:00
1739721600,190.32,191.27,187.64,189.23,,2025-02-16 16:00:00+00:00
1739736000,189.22,189.92,186.3,188.27,,2025-02-16 20:00:00+00:00
1739750400,188.26,189.72,185.28,186.34,,2025-02-17 00:00:00+00:00
1739764800,186.33,186.49,180.77,181.35,,2025-02-17 04:00:00+00:00
1739779200,181.36,185.5,180.12,184.25,,2025-02-17 08:00:00+00:00
1739793600,184.25,186.94,179.84,180.36,,2025-02-17 12:00:00+00:00
1739808000,180.37,181.41,174.63,177.09,,2025-02-17 16:00:00+00:00
1739822400,177.1,181.3,177.01,177.53,,2025-02-17 20:00:00+00:00
1739836800,177.53,179.09,175.46,177.98,,2025-02-18 00:00:00+00:00
1739851200,177.98,178.01,163.93,165.72,,2025-02-18 04:00:00+00:00
1739865600,165.73,170.92,163.17,168.72,,2025-02-18 08:00:00+00:00
1739880000,168.71,171.5,164.34,165.95,,2025-02-18 12:00:00+00:00
1739894400,165.95,167.11,160.88,165.31,,2025-02-18 16:00:00+00:00
1739908800,165.31,169.78,163.93,169.32,,2025-02-18 20:00:00+00:00
1739923200,169.32,170.86,166.66,167.48,,2025-02-19 00:00:00+00:00
1739937600,167.48,169.84,163.75,168.95,,2025-02-19 04:00:00+00:00
1739952000,168.96,174.3,168.42,173.92,,2025-02-19 08:00:00+00:00
1739966400,173.92,174.13,168.14,169.74,,2025-02-19 12:00:00+00:00
1739980800,169.74,173.44,168.15,168.7,,2025-02-19 16:00:00+00:00
1739995200,168.7,169.96,166.41,168.93,,2025-02-19 20:00:00+00:00
1740009600,168.94,172.89,167.66,172.44,,2025-02-20 00:00:00+00:00
1740024000,172.43,174.96,170.86,171.77,,2025-02-20 04:00:00+00:00
1740038400,171.77,175.15,170.92,173.99,,2025-02-20 08:00:00+00:00
1740052800,173.99,176.65,171.21,171.61,,2025-02-20 12:00:00+00:00
1740067200,171.62,175.46,171.22,174.98,,2025-02-20 16:00:00+00:00
1740081600,174.97,176.54,173.17,176.0,,2025-02-20 20:00:00+00:00
1740096000,176.0,176.47,173.0,173.28,,2025-02-21 00:00:00+00:00
1740110400,173.27,176.8,173.27,175.86,,2025-02-21 04:00:00+00:00
1740124800,175.86,180.28,175.83,177.21,,2025-02-21 08:00:00+00:00
1740139200,177.2,180.52,170.56,173.17,,2025-02-21 12:00:00+00:00
1740153600,173.16,175.66,168.18,168.42,,2025-02-21 16:00:00+00:00
1740168000,168.42,169.97,167.15,168.94,,2025-02-21 20:00:00+00:00
1740182400,168.94,172.76,168.07,170.35,,2025-02-22 00:00:00+00:00
1740196800,170.35,173.14,170.09,171.74,,2025-02-22 04:00:00+00:00
1740211200,171.74,174.14,171.36,173.56,,2025-02-22 08:00:00+00:00
1740225600,173.56,174.6,172.66,174.23,,2025-02-22 12:00:00+00:00
1740240000,174.23,174.68,172.3,172.64,,2025-02-22 16:00:00+00:00
1740254400,172.63,173.62,171.89,172.07,,2025-02-22 20:00:00+00:00
1740268800,172.07,172.3,170.19,170.61,,2025-02-23 00:00:00+00:00
1740283200,170.61,173.07,169.95,172.85,,2025-02-23 04:00:00+00:00
1740297600,172.85,172.91,169.36,169.59,,2025-02-23 08:00:00+00:00
1740312000,169.6,169.92,166.6,166.76,,2025-02-23 12:00:00+00:00
1740326400,166.76,168.72,166.75,167.71,,2025-02-23 16:00:00+00:00
1740340800,167.71,168.86,166.42,167.94,,2025-02-23 20:00:00+00:00
1740355200,167.94,169.69,160.56,161.01,,2025-02-24 00:00:00+00:00
1740369600,161.02,161.75,156.88,160.99,,2025-02-24 04:00:00+00:00
1740384000,160.99,161.1,155.38,159.28,,2025-02-24 08:00:00+00:00
1740398400,159.27,160.41,150.65,152.66,,2025-02-24 12:00:00+00:00
1740412800,152.67,155.15,147.86,150.12,,2025-02-24 16:00:00+00:00
1740427200,150.13,152.68,138.0,141.81,,2025-02-24 20:00:00+00:00
1740441600,141.81,144.45,138.17,138.95,,2025-02-25 00:00:00+00:00
1740456000,138.95,142.08,133.0,136.25,,2025-02-25 04:00:00+00:00
1740470400,136.26,141.36,131.91,141.28,,2025-02-25 08:00:00+00:00
1740484800,141.27,141.83,134.53,138.89,,2025-02-25 12:00:00+00:00
1740499200,138.89,145.57,137.96,145.43,,2025-02-25 16:00:00+00:00
1740513600,145.42,147.09,143.26,144.33,,2025-02-25 20:00:00+00:00
1740528000,144.33,145.19,141.63,143.32,,2025-02-26 00:00:00+00:00
1740542400,143.33,144.7,139.63,140.19,,2025-02-26 04:00:00+00:00
1740556800,140.19,142.21,138.01,138.14,,2025-02-26 08:00:00+00:00
1740571200,138.13,140.47,134.61,139.27,,2025-02-26 12:00:00+00:00
1740585600,139.27,139.79,130.65,131.93,,2025-02-26 16:00:00+00:00
1740600000,131.94,137.87,130.89,135.32,,2025-02-26 20:00:00+00:00
1740614400,135.33,139.05,134.96,138.57,,2025-02-27 00:00:00+00:00
1740628800,138.57,142.9,137.05,140.99,,2025-02-27 04:00:00+00:00
1740643200,141.0,142.46,139.25,140.48,,2025-02-27 08:00:00+00:00
1740657600,140.48,141.26,136.28,139.63,,2025-02-27 12:00:00+00:00
1740672000,139.62,140.15,135.63,136.29,,2025-02-27 16:00:00+00:00
1740686400,136.28,138.21,134.71,137.68,,2025-02-27 20:00:00+00:00
1740700800,137.68,137.98,127.17,127.62,,2025-02-28 00:00:00+00:00
1740715200,127.62,129.6,125.55,128.55,,2025-02-28 04:00:00+00:00
1740729600,128.54,134.72,127.9,133.52,,2025-02-28 08:00:00+00:00
1740744000,133.52,147.86,133.0,145.68,,2025-02-28 12:00:00+00:00
1740758400,145.67,147.25,143.74,146.36,,2025-02-28 16:00:00+00:00
1740772800,146.35,148.72,144.62,148.18,,2025-02-28 20:00:00+00:00
1740787200,148.18,151.25,145.54,145.67,,2025-03-01 00:00:00+00:00
1740801600,145.68,147.16,142.2,142.49,,2025-03-01 04:00:00+00:00
1740816000,142.49,144.29,139.53,140.35,,2025-03-01 08:00:00+00:00
1740830400,140.35,141.72,138.57,140.39,,2025-03-01 12:00:00+00:00
1740844800,140.39,141.51,138.7,140.53,,2025-03-01 16:00:00+00:00
1740859200,140.53,143.82,139.9,143.66,,2025-03-01 20:00:00+00:00
1740873600,143.66,146.01,142.03,143.85,,2025-03-02 00:00:00+00:00
1740888000,143.86,145.17,142.23,143.79,,2025-03-02 04:00:00+00:00
1740902400,143.78,144.88,142.47,143.49,,2025-03-02 08:00:00+00:00
1740916800,143.5,163.39,140.04,157.46,,2025-03-02 12:00:00+00:00
1740931200,157.47,179.85,157.47,172.18,,2025-03-02 16:00:00+00:00
1740945600,172.17,179.32,171.66,178.71,,2025-03-02 20:00:00+00:00
1740960000,178.72,179.47,168.11,169.88,,2025-03-03 00:00:00+00:00
1740974400,169.89,170.57,159.8,162.26,,2025-03-03 04:00:00+00:00
1740988800,162.27,163.37,156.83,161.09,,2025-03-03 08:00:00+00:00
1741003200,161.08,167.07,154.07,157.78,,2025-03-03 12:00:00+00:00
1741017600,157.78,159.61,140.05,141.87,,2025-03-03 16:00:00+00:00
1741032000,141.87,144.97,139.21,142.16,,2025-03-03 20:00:00+00:00
1741046400,142.16,145.08,132.46,136.38,,2025-03-04 00:00:00+00:00
1741060800,136.39,139.58,135.64,136.02,,2025-03-04 04:00:00+00:00
1741075200,136.02,138.58,134.62,136.98,,2025-03-04 08:00:00+00:00
1741089600,136.97,143.39,132.64,138.59,,2025-03-04 12:00:00+00:00
1741104000,138.59,144.77,130.66,143.16,,2025-03-04 16:00:00+00:00
1741118400,143.15,147.0,141.55,144.79,,2025-03-04 20:00:00+00:00
1741132800,144.8,145.55,141.76,141.82,,2025-03-05 00:00:00+00:00
1741147200,141.82,144.1,140.82,142.88,,2025-03-05 04:00:00+00:00
1741161600,142.89,149.73,142.74,147.13,,2025-03-05 08:00:00+00:00
1741176000,147.13,149.23,140.32,141.66,,2025-03-05 12:00:00+00:00
1741190400,141.66,146.47,140.18,144.77,,2025-03-05 16:00:00+00:00
1741204800,144.78,146.84,143.91,146.28,,2025-03-05 20:00:00+00:00
1741219200,146.27,150.68,144.54,148.73,,2025-03-06 00:00:00+00:00
1741233600,148.73,150.66,147.62,148.62,,2025-03-06 04:00:00+00:00
1741248000,148.63,152.9,148.34,151.71,,2025-03-06 08:00:00+00:00
1741262400,151.71,151.92,145.06,149.03,,2025-03-06 12:00:00+00:00
1741276800,149.04,149.43,142.44,143.58,,2025-03-06 16:00:00+00:00
1741291200,143.59,145.92,143.19,143.31,,2025-03-06 20:00:00+00:00
1741305600,143.3,145.57,135.04,140.79,,2025-03-07 00:00:00+00:00
1741320000,140.79,144.63,140.63,144.34,,2025-03-07 04:00:00+00:00
1741334400,144.34,146.21,141.8,143.58,,2025-03-07 08:00:00+00:00
1741348800,143.57,148.13,141.75,144.89,,2025-03-07 12:00:00+00:00
1741363200,144.89,150.88,141.34,146.36,,2025-03-07 16:00:00+00:00
1741377600,146.35,147.62,137.5,139.39,,2025-03-07 20:00:00+00:00
1741392000,139.39,141.09,137.8,139.68,,2025-03-08 00:00:00+00:00
1741406400,139.67,141.03,138.33,138.78,,2025-03-08 04:00:00+00:00
1741420800,138.77,139.21,136.64,137.58,,2025-03-08 08:00:00+00:00
1741435200,137.57,138.75,136.07,137.21,,2025-03-08 12:00:00+00:00
1741449600,137.21,138.92,135.29,138.45,,2025-03-08 16:00:00+00:00
1741464000,138.45,138.59,136.32,137.01,,2025-03-08 20:00:00+00:00
1741478400,137.01,138.51,136.53,137.92,,2025-03-09 00:00:00+00:00
1741492800,137.91,139.88,137.67,139.63,,2025-03-09 04:00:00+00:00
1741507200,139.63,139.78,135.61,136.32,,2025-03-09 08:00:00+00:00
1741521600,136.32,136.43,129.75,130.16,,2025-03-09 12:00:00+00:00
1741536000,130.16,131.54,125.81,129.19,,2025-03-09 16:00:00+00:00
1741550400,129.19,130.59,125.41,126.51,,2025-03-09 20:00:00+00:00
1741564800,126.52,129.11,124.03,126.59,,2025-03-10 00:00:00+00:00
1741579200,126.59,129.25,126.46,128.11,,2025-03-10 04:00:00+00:00
1741593600,128.11,131.57,125.91,129.94,,2025-03-10 08:00:00+00:00
1741608000,129.94,130.89,120.18,121.96,,2025-03-10 12:00:00+00:00
1741622400,121.95,122.36,115.47,119.71,,2025-03-10 16:00:00+00:00
1741636800,119.72,120.24,117.56,118.32,,2025-03-10 20:00:00+00:00
1741651200,118.32,121.9,112.0,119.96,,2025-03-11 00:00:00+00:00
1741665600,119.95,124.02,119.75,123.07,,2025-03-11 04:00:00+00:00
1741680000,123.07,125.81,122.93,124.71,,2025-03-11 08:00:00+00:00
1741694400,124.71,126.27,118.59,125.02,,2025-03-11 12:00:00+00:00
1741708800,125.01,128.43,122.84,128.15,,2025-03-11 16:00:00+00:00
1741723200,128.14,128.25,125.07,125.35,,2025-03-11 20:00:00+00:00
1741737600,125.35,127.03,122.47,122.53,,2025-03-12 00:00:00+00:00
1741752000,122.52,123.53,121.22,123.19,,2025-03-12 04:00:00+00:00
1741766400,123.19,126.84,122.88,126.76,,2025-03-12 08:00:00+00:00
1741780800,126.77,131.33,123.04,124.57,,2025-03-12 12:00:00+00:00
1741795200,124.56,126.31,123.31,125.05,,2025-03-12 16:00:00+00:00
1741809600,125.05,127.08,123.97,126.62,,2025-03-12 20:00:00+00:00
1741824000,126.61,127.46,124.73,124.97,,2025-03-13 00:00:00+00:00
1741838400,124.97,125.36,123.03,124.24,,2025-03-13 04:00:00+00:00
1741852800,124.25,128.03,123.64,126.88,,2025-03-13 08:00:00+00:00
1741867200,126.88,128.76,123.6,124.34,,2025-03-13 12:00:00+00:00
1741881600,124.34,124.41,121.08,121.46,,2025-03-13 16:00:00+00:00
1741896000,121.47,124.36,120.76,123.37,,2025-03-13 20:00:00+00:00
1741910400,123.36,125.47,122.98,124.48,,2025-03-14 00:00:00+00:00
1741924800,124.48,125.63,124.41,124.68,,2025-03-14 04:00:00+00:00
1741939200,124.68,126.6,124.62,126.17,,2025-03-14 08:00:00+00:00
1741953600,126.16,134.01,125.46,132.12,,2025-03-14 12:00:00+00:00
1741968000,132.13,134.71,130.87,134.28,,2025-03-14 16:00:00+00:00
1741982400,134.29,136.03,131.96,133.54,,2025-03-14 20:00:00+00:00
1741996800,133.53,135.3,132.91,135.02,,2025-03-15 00:00:00+00:00
1742011200,135.03,135.52,132.71,132.91,,2025-03-15 04:00:00+00:00
1742025600,132.91,133.69,132.44,133.37,,2025-03-15 08:00:00+00:00
1742040000,133.37,135.8,133.09,135.12,,2025-03-15 12:00:00+00:00
1742054400,135.12,136.53,133.58,134.49,,2025-03-15 16:00:00+00:00
1742068800,134.5,136.5,134.37,135.86,,2025-03-15 20:00:00+00:00
1742083200,135.86,136.71,134.13,135.5,,2025-03-16 00:00:00+00:00
1742097600,135.5,136.23,133.86,134.64,,2025-03-16 04:00:00+00:00
1742112000,134.64,134.97,129.68,129.91,,2025-03-16 08:00:00+00:00
1742126400,129.92,130.87,127.49,128.78,,2025-03-16 12:00:00+00:00
1742140800,128.77,131.28,126.04,126.94,,2025-03-16 16:00:00+00:00
1742155200,126.94,127.77,125.21,126.13,,2025-03-16 20:00:00+00:00
1742169600,126.13,129.23,125.85,128.96,,2025-03-17 00:00:00+00:00
1742184000,128.96,129.5,126.5,129.26,,2025-03-17 04:00:00+00:00
1742198400,129.26,129.65,128.42,129.18,,2025-03-17 08:00:00+00:00
1742212800,129.17,130.11,125.55,127.51,,2025-03-17 12:00:00+00:00
1742227200,127.5,130.64,126.66,129.84,,2025-03-17 16:00:00+00:00
1742241600,129.83,129.95,127.77,128.01,,2025-03-17 20:00:00+00:00
1742256000,128.01,128.19,123.49,124.15,,2025-03-18 00:00:00+00:00
1742270400,124.14,125.24,123.0,125.2,,2025-03-18 04:00:00+00:00
1742284800,125.2,125.96,123.2,123.54,,2025-03-18 08:00:00+00:00
1742299200,123.53,123.78,121.76,122.57,,2025-03-18 12:00:00+00:00
1742313600,122.57,124.5,122.44,124.22,,2025-03-18 16:00:00+00:00
1742328000,124.22,125.71,123.53,125.33,,2025-03-18 20:00:00+00:00
1742342400,125.33,126.72,124.2,126.47,,2025-03-19 00:00:00+00:00
1742356800,126.48,126.88,125.39,125.73,,2025-03-19 04:00:00+00:00
1742371200,125.73,129.53,125.7,128.69,,2025-03-19 08:00:00+00:00
1742385600,128.69,132.73,126.97,132.32,,2025-03-19 12:00:00+00:00
1742400000,132.33,134.33,128.18,133.03,,2025-03-19 16:00:00+00:00
1742414400,133.03,136.08,133.0,135.33,,2025-03-19 20:00:00+00:00
1742428800,135.33,136.12,132.82,133.91,,2025-03-20 00:00:00+00:00
1742443200,133.92,134.96,132.76,134.01,,2025-03-20 04:00:00+00:00
1742457600,134.01,134.55,130.31,130.65,,2025-03-20 08:00:00+00:00
1742472000,130.65,132.3,128.51,128.91,,2025-03-20 12:00:00+00:00
1742486400,128.9,129.38,126.65,127.94,,2025-03-20 16:00:00+00:00
1742500800,127.93,128.49,127.17,127.6,,2025-03-20 20:00:00+00:00
1742515200,127.6,129.07,127.33,127.94,,2025-03-21 00:00:00+00:00
1742529600,127.95,128.76,127.4,128.07,,2025-03-21 04:00:00+00:00
1742544000,128.08,129.1,125.74,126.39,,2025-03-21 08:00:00+00:00
1742558400,126.4,127.77,125.39,125.98,,2025-03-21 12:00:00+00:00
1742572800,125.98,129.73,124.81,128.24,,2025-03-21 16:00:00+00:00
1742587200,128.25,130.18,127.57,128.48,,2025-03-21 20:00:00+00:00
1742601600,128.47,129.38,127.8,128.88,,2025-03-22 00:00:00+00:00
1742616000,128.88,129.75,128.54,128.82,,2025-03-22 04:00:00+00:00
1742630400,128.81,131.84,128.77,130.34,,2025-03-22 08:00:00+00:00
1742644800,130.35,130.55,128.64,129.25,,2025-03-22 12:00:00+00:00
1742659200,129.24,130.27,128.9,129.97,,2025-03-22 16:00:00+00:00
1742673600,129.97,130.06,128.12,128.51,,2025-03-22 20:00:00+00:00
1742688000,128.5,130.85,128.21,130.85,,2025-03-23 00:00:00+00:00
1742702400,130.85,131.49,129.73,131.15,,2025-03-23 04:00:00+00:00
1742716800,131.15,134.06,130.95,133.1,,2025-03-23 08:00:00+00:00
1742731200,133.11,133.83,132.14,132.51,,2025-03-23 12:00:00+00:00
1742745600,132.52,132.74,130.35,130.55,,2025-03-23 16:00:00+00:00
1742760000,130.54,132.85,130.2,132.84,,2025-03-23 20:00:00+00:00
1742774400,132.85,138.46,132.04,138.16,,2025-03-24 00:00:00+00:00
1742788800,138.16,139.36,137.77,138.88,,2025-03-24 04:00:00+00:00
1742803200,138.89,144.13,138.6,143.41,,2025-03-24 08:00:00+00:00
1742817600,143.42,144.96,142.3,143.25,,2025-03-24 12:00:00+00:00
1742832000,143.24,143.44,141.29,142.77,,2025-03-24 16:00:00+00:00
1742846400,142.76,143.64,139.64,141.01,,2025-03-24 20:00:00+00:00
1742860800,141.01,142.29,138.2,138.57,,2025-03-25 00:00:00+00:00
1742875200,138.57,140.35,138.17,139.46,,2025-03-25 04:00:00+00:00
1742889600,139.46,143.43,139.43,142.15,,2025-03-25 08:00:00+00:00
1742904000,142.14,147.48,141.06,145.28,,2025-03-25 12:00:00+00:00
1742918400,145.28,146.25,143.61,145.03,,2025-03-25 16:00:00+00:00
1742932800,145.02,146.09,142.48,143.64,,2025-03-25 20:00:00+00:00
1742947200,143.64,144.63,141.5,141.84,,2025-03-26 00:00:00+00:00
1742961600,141.84,144.89,141.64,144.5,,2025-03-26 04:00:00+00:00
1742976000,144.5,145.49,143.77,144.61,,2025-03-26 08:00:00+00:00
1742990400,144.61,145.07,139.0,139.34,,2025-03-26 12:00:00+00:00
1743004800,139.33,140.21,136.23,137.45,,2025-03-26 16:00:00+00:00
1743019200,137.45,138.51,135.89,137.34,,2025-03-26 20:00:00+00:00
1743033600,137.35,140.22,136.82,139.91,,2025-03-27 00:00:00+00:00
1743048000,139.91,140.07,137.91,138.88,,2025-03-27 04:00:00+00:00
1743062400,138.88,139.29,137.1,137.4,,2025-03-27 08:00:00+00:00
1743076800,137.4,139.83,135.63,137.79,,2025-03-27 12:00:00+00:00
1743091200,137.79,139.71,137.36,139.06,,2025-03-27 16:00:00+00:00
1743105600,139.07,139.95,138.12,138.43,,2025-03-27 20:00:00+00:00
1743120000,138.44,139.05,135.9,136.78,,2025-03-28 00:00:00+00:00
1743134400,136.79,137.35,131.38,131.62,,2025-03-28 04:00:00+00:00
1743148800,131.63,132.67,130.36,131.93,,2025-03-28 08:00:00+00:00
1743163200,131.92,132.46,129.14,129.92,,2025-03-28 12:00:00+00:00
1743177600,129.92,130.3,129.03,129.43,,2025-03-28 16:00:00+00:00
1743192000,129.43,130.46,127.69,129.49,,2025-03-28 20:00:00+00:00
1743206400,129.5,130.54,126.58,128.84,,2025-03-29 00:00:00+00:00
1743220800,128.83,129.13,125.45,126.39,,2025-03-29 04:00:00+00:00
1743235200,126.39,127.1,124.31,125.3,,2025-03-29 08:00:00+00:00
1743249600,125.3,126.82,125.0,126.32,,2025-03-29 12:00:00+00:00
1743264000,126.32,126.79,123.71,125.3,,2025-03-29 16:00:00+00:00
1743278400,125.3,125.43,122.68,124.58,,2025-03-29 20:00:00+00:00
1743292800,124.58,126.6,123.49,125.71,,2025-03-30 00:00:00+00:00
1743307200,125.7,126.56,125.16,125.48,,2025-03-30 04:00:00+00:00
1743321600,125.48,126.43,124.66,125.12,,2025-03-30 08:00:00+00:00
1743336000,125.12,125.59,123.15,124.92,,2025-03-30 12:00:00+00:00
1743350400,124.92,127.08,123.0,125.85,,2025-03-30 16:00:00+00:00
1743364800,125.84,126.37,123.19,124.82,,2025-03-30 20:00:00+00:00
1743379200,124.83,127.63,122.75,124.56,,2025-03-31 00:00:00+00:00
1743393600,124.57,127.08,124.33,125.88,,2025-03-31 04:00:00+00:00
1743408000,125.89,126.7,123.05,124.28,,2025-03-31 08:00:00+00:00
1743422400,124.27,127.81,123.22,126.78,,2025-03-31 12:00:00+00:00
1743436800,126.77,127.36,123.83,125.25,,2025-03-31 16:00:00+00:00
1743451200,125.25,126.27,124.47,124.54,,2025-03-31 20:00:00+00:00
1743465600,124.53,126.72,123.74,126.06,,2025-04-01 00:00:00+00:00
1743480000,126.07,126.78,125.59,126.69,,2025-04-01 04:00:00+00:00
1743494400,126.69,129.97,126.68,127.61,,2025-04-01 08:00:00+00:00
1743508800,127.6,130.55,124.68,129.27,,2025-04-01 12:00:00+00:00
1743523200,129.27,129.64,125.52,126.82,,2025-04-01 16:00:00+00:00
1743537600,126.82,127.53,125.3,126.67,,2025-04-01 20:00:00+00:00
1743552000,126.68,126.96,124.1,124.32,,2025-04-02 00:00:00+00:00
1743566400,124.32,125.03,123.5,124.55,,2025-04-02 04:00:00+00:00
1743580800,124.54,126.73,124.28,125.69,,2025-04-02 08:00:00+00:00
1743595200,125.7,131.16,125.12,130.43,,2025-04-02 12:00:00+00:00
1743609600,130.43,131.79,129.17,131.43,,2025-04-02 16:00:00+00:00
1743624000,131.42,136.21,117.0,117.42,,2025-04-02 20:00:00+00:00
1743638400,117.42,120.94,116.25,119.8,,2025-04-03 00:00:00+00:00
1743652800,119.81,120.86,117.9,118.64,,2025-04-03 04:00:00+00:00
1743667200,118.64,119.22,115.11,115.74,,2025-04-03 08:00:00+00:00
1743681600,115.74,116.04,112.24,114.16,,2025-04-03 12:00:00+00:00
1743696000,114.17,116.0,113.26,115.42,,2025-04-03 16:00:00+00:00
1743710400,115.43,117.45,115.08,117.17,,2025-04-03 20:00:00+00:00
1743724800,117.17,117.5,114.63,115.4,,2025-04-04 00:00:00+00:00
1743739200,115.41,118.35,114.73,118.18,,2025-04-04 04:00:00+00:00
1743753600,118.17,119.94,113.25,114.54,,2025-04-04 08:00:00+00:00
1743768000,114.53,120.99,113.96,118.6,,2025-04-04 12:00:00+00:00
1743782400,118.6,123.98,118.23,122.61,,2025-04-04 16:00:00+00:00
1743796800,122.61,124.0,121.78,122.79,,2025-04-04 20:00:00+00:00
1743811200,122.8,122.85,120.66,120.73,,2025-04-05 00:00:00+00:00
1743825600,120.72,121.32,120.18,121.07,,2025-04-05 04:00:00+00:00
1743840000,121.07,121.96,119.86,120.28,,2025-04-05 08:00:00+00:00
1743854400,120.29,120.33,117.15,117.55,,2025-04-05 12:00:00+00:00
1743868800,117.55,119.35,117.52,118.63,,2025-04-05 16:00:00+00:00
1743883200,118.63,120.56,118.41,120.32,,2025-04-05 20:00:00+00:00
1743897600,120.33,121.13,119.43,119.98,,2025-04-06 00:00:00+00:00
1743912000,119.99,120.6,118.82,119.21,,2025-04-06 04:00:00+00:00
1743926400,119.2,120.18,118.18,118.62,,2025-04-06 08:00:00+00:00
1743940800,118.61,118.86,114.3,114.97,,2025-04-06 12:00:00+00:00
1743955200,114.96,115.26,106.28,108.07,,2025-04-06 16:00:00+00:00
1743969600,108.08,108.55,103.81,105.91,,2025-04-06 20:00:00+00:00
1743984000,105.9,107.82,102.22,103.27,,2025-04-07 00:00:00+00:00
1743998400,103.27,103.77,95.26,97.14,,2025-04-07 04:00:00+00:00
1744012800,97.14,102.64,96.93,100.29,,2025-04-07 08:00:00+00:00
1744027200,100.3,113.0,99.74,106.65,,2025-04-07 12:00:00+00:00
1744041600,106.65,107.98,103.56,105.75,,2025-04-07 16:00:00+00:00
1744056000,105.75,109.3,105.74,106.99,,2025-04-07 20:00:00+00:00
1744070400,106.98,112.58,106.65,111.31,,2025-04-08 00:00:00+00:00
1744084800,111.3,112.16,107.97,108.7,,2025-04-08 04:00:00+00:00
1744099200,108.69,111.82,107.15,111.56,,2025-04-08 08:00:00+00:00
1744113600,111.56,112.2,106.68,107.2,,2025-04-08 12:00:00+00:00
1744128000,107.19,107.29,102.96,104.06,,2025-04-08 16:00:00+00:00
1744142400,104.06,106.48,103.67,105.4,,2025-04-08 20:00:00+00:00
1744156800,105.4,106.6,101.26,103.15,,2025-04-09 00:00:00+00:00
1744171200,103.14,107.85,103.04,107.37,,2025-04-09 04:00:00+00:00
1744185600,107.37,108.26,102.75,103.43,,2025-04-09 08:00:00+00:00
1744200000,103.42,107.43,102.31,106.54,,2025-04-09 12:00:00+00:00
1744214400,106.54,121.0,106.22,118.95,,2025-04-09 16:00:00+00:00
1744228800,118.95,120.5,118.07,119.05,,2025-04-09 20:00:00+00:00
1744243200,119.05,119.3,114.5,115.49,,2025-04-10 00:00:00+00:00
1744257600,115.5,116.99,114.05,114.78,,2025-04-10 04:00:00+00:00
1744272000,114.79,115.24,113.39,113.95,,2025-04-10 08:00:00+00:00
1744286400,113.94,115.76,109.39,109.6,,2025-04-10 12:00:00+00:00
1744300800,109.6,111.9,108.21,111.34,,2025-04-10 16:00:00+00:00
1744315200,111.34,113.4,111.27,112.81,,2025-04-10 20:00:00+00:00
1744329600,112.8,115.78,112.16,115.41,,2025-04-11 00:00:00+00:00
1744344000,115.42,117.76,115.0,116.59,,2025-04-11 04:00:00+00:00
1744358400,116.6,119.4,115.87,118.02,,2025-04-11 08:00:00+00:00
1744372800,118.03,121.57,117.58,119.91,,2025-04-11 12:00:00+00:00
1744387200,119.91,122.0,118.66,120.87,,2025-04-11 16:00:00+00:00
1744401600,120.87,122.65,119.99,121.41,,2025-04-11 20:00:00+00:00
1744416000,121.41,122.23,119.41,120.18,,2025-04-12 00:00:00+00:00
1744430400,120.18,124.57,119.82,124.26,,2025-04-12 04:00:00+00:00
1744444800,124.26,125.52,124.01,124.6,,2025-04-12 08:00:00+00:00
1744459200,124.6,131.77,124.39,130.47,,2025-04-12 12:00:00+00:00
1744473600,130.47,131.55,128.2,130.71,,2025-04-12 16:00:00+00:00
1744488000,130.72,134.11,130.6,132.24,,2025-04-12 20:00:00+00:00
1744502400,132.24,133.96,130.87,131.81,,2025-04-13 00:00:00+00:00
1744516800,131.81,132.03,128.17,128.55,,2025-04-13 04:00:00+00:00
1744531200,128.55,131.61,128.2,129.82,,2025-04-13 08:00:00+00:00
1744545600,129.82,130.43,126.78,128.72,,2025-04-13 12:00:00+00:00
1744560000,128.71,132.56,127.05,128.21,,2025-04-13 16:00:00+00:00
1744574400,128.22,130.0,125.32,128.38,,2025-04-13 20:00:00+00:00
1744588800,128.38,136.13,127.98,131.73,,2025-04-14 00:00:00+00:00
1744603200,131.74,134.34,131.1,132.3,,2025-04-14 04:00:00+00:00
1744617600,132.31,134.17,131.5,133.5,,2025-04-14 08:00:00+00:00
1744632000,133.5,134.79,128.12,128.8,,2025-04-14 12:00:00+00:00
1744646400,128.8,131.99,128.08,131.08,,2025-04-14 16:00:00+00:00
1744660800,131.09,131.19,128.65,129.42,,2025-04-14 20:00:00+00:00
1744675200,129.41,130.75,127.71,130.54,,2025-04-15 00:00:00+00:00
1744689600,130.54,132.3,129.68,131.55,,2025-04-15 04:00:00+00:00
1744704000,131.55,133.92,131.34,132.15,,2025-04-15 08:00:00+00:00
1744718400,132.14,134.45,129.07,129.61,,2025-04-15 12:00:00+00:00
1744732800,129.62,130.6,127.31,127.88,,2025-04-15 16:00:00+00:00
1744747200,127.89,128.59,125.82,126.11,,2025-04-15 20:00:00+00:00
1744761600,126.1,127.35,124.8,126.44,,2025-04-16 00:00:00+00:00
1744776000,126.45,126.68,124.37,124.78,,2025-04-16 04:00:00+00:00
1744790400,124.78,126.68,123.49,126.27,,2025-04-16 08:00:00+00:00
1744804800,126.26,129.6,124.46,128.39,,2025-04-16 12:00:00+00:00
1744819200,128.4,133.91,124.86,132.45,,2025-04-16 16:00:00+00:00
1744833600,132.45,133.71,130.78,131.33,,2025-04-16 20:00:00+00:00
1744848000,131.33,132.67,129.5,129.79,,2025-04-17 00:00:00+00:00
1744862400,129.79,135.59,129.62,134.26,,2025-04-17 04:00:00+00:00
1744876800,134.25,135.0,132.43,133.12,,2025-04-17 08:00:00+00:00
1744891200,133.12,134.5,130.55,133.45,,2025-04-17 12:00:00+00:00
1744905600,133.45,136.2,132.0,132.91,,2025-04-17 16:00:00+00:00
1744920000,132.91,135.29,132.91,134.83,,2025-04-17 20:00:00+00:00
1744934400,134.84,136.02,133.78,134.51,,2025-04-18 00:00:00+00:00
1744948800,134.52,135.03,133.26,134.91,,2025-04-18 04:00:00+00:00
1744963200,134.91,135.54,133.56,134.27,,2025-04-18 08:00:00+00:00
1744977600,134.27,135.21,132.47,132.91,,2025-04-18 12:00:00+00:00
1744992000,132.91,134.47,132.69,134.21,,2025-04-18 16:00:00+00:00
1745006400,134.21,134.4,133.23,134.04,,2025-04-18 20:00:00+00:00
1745020800,134.05,139.16,133.58,138.82,,2025-04-19 00:00:00+00:00
1745035200,138.82,139.47,137.78,138.76,,2025-04-19 04:00:00+00:00
1745049600,138.76,139.96,138.47,138.77,,2025-04-19 08:00:00+00:00
1745064000,138.77,140.5,138.51,138.95,,2025-04-19 12:00:00+00:00
1745078400,138.96,139.49,137.67,138.71,,2025-04-19 16:00:00+00:00
1745092800,138.7,139.9,138.34,139.87,,2025-04-19 20:00:00+00:00
1745107200,139.86,141.96,139.4,140.96,,2025-04-20 00:00:00+00:00
1745121600,140.96,141.62,138.6,139.61,,2025-04-20 04:00:00+00:00
1745136000,139.61,139.8,135.82,136.38,,2025-04-20 08:00:00+00:00
1745150400,136.38,138.03,135.64,135.94,,2025-04-20 12:00:00+00:00
1745164800,135.94,137.25,135.72,137.2,,2025-04-20 16:00:00+00:00
1745179200,137.19,138.5,136.37,137.86,,2025-04-20 20:00:00+00:00
1745193600,137.86,143.25,137.66,139.39,,2025-04-21 00:00:00+00:00
1745208000,139.39,141.85,139.22,140.17,,2025-04-21 04:00:00+00:00
1745222400,140.18,141.14,138.31,138.99,,2025-04-21 08:00:00+00:00
1745236800,138.98,140.11,136.76,138.33,,2025-04-21 12:00:00+00:00
1745251200,138.32,138.81,133.82,136.94,,2025-04-21 16:00:00+00:00
1745265600,136.94,137.43,135.35,136.56,,2025-04-21 20:00:00+00:00
1745280000,136.57,139.87,134.68,139.35,,2025-04-22 00:00:00+00:00
1745294400,139.35,140.62,138.43,140.19,,2025-04-22 04:00:00+00:00
1745308800,140.19,140.77,138.96,140.45,,2025-04-22 08:00:00+00:00
1745323200,140.45,145.52,140.05,145.32,,2025-04-22 12:00:00+00:00
1745337600,145.31,147.71,143.52,144.24,,2025-04-22 16:00:00+00:00
1745352000,144.24,150.23,143.46,148.79,,2025-04-22 20:00:00+00:00
1745366400,148.78,149.47,147.13,149.24,,2025-04-23 00:00:00+00:00
1745380800,149.24,152.3,148.58,151.58,,2025-04-23 04:00:00+00:00
1745395200,151.58,153.74,151.0,152.09,,2025-04-23 08:00:00+00:00
1745409600,152.09,154.21,148.71,151.41,,2025-04-23 12:00:00+00:00
1745424000,151.41,152.49,148.94,150.16,,2025-04-23 16:00:00+00:00
1745438400,150.16,151.82,149.83,151.1,,2025-04-23 20:00:00+00:00
1745452800,151.1,151.45,147.66,147.76,,2025-04-24 00:00:00+00:00
1745467200,147.76,149.17,146.95,147.17,,2025-04-24 04:00:00+00:00
1745481600,147.16,147.8,144.87,147.7,,2025-04-24 08:00:00+00:00
1745496000,147.7,151.46,147.07,149.34,,2025-04-24 12:00:00+00:00
1745510400,149.35,152.45,148.84,151.54,,2025-04-24 16:00:00+00:00
1745524800,151.54,152.9,150.0,152.55,,2025-04-24 20:00:00+00:00
1745539200,152.55,154.5,150.53,151.74,,2025-04-25 00:00:00+00:00
1745553600,151.73,155.0,150.73,154.86,,2025-04-25 04:00:00+00:00
1745568000,154.85,155.02,152.94,154.75,,2025-04-25 08:00:00+00:00
1745582400,154.75,157.0,152.2,152.94,,2025-04-25 12:00:00+00:00
1745596800,152.94,153.24,150.43,151.4,,2025-04-25 16:00:00+00:00
1745611200,151.39,152.5,149.87,150.82,,2025-04-25 20:00:00+00:00
1745625600,150.82,153.17,150.82,151.36,,2025-04-26 00:00:00+00:00
1745640000,151.36,152.35,150.0,151.36,,2025-04-26 04:00:00+00:00
1745654400,151.36,152.33,148.0,148.51,,2025-04-26 08:00:00+00:00
1745668800,148.51,149.58,147.75,149.31,,2025-04-26 12:00:00+00:00
1745683200,149.32,149.46,148.33,149.25,,2025-04-26 16:00:00+00:00
1745697600,149.24,149.66,148.34,149.21,,2025-04-26 20:00:00+00:00
1745712000,149.22,150.41,146.07,147.55,,2025-04-27 00:00:00+00:00
1745726400,147.56,147.88,145.51,147.43,,2025-04-27 04:00:00+00:00
1745740800,147.43,148.77,147.35,147.95,,2025-04-27 08:00:00+00:00
1745755200,147.96,149.75,147.0,149.01,,2025-04-27 12:00:00+00:00
1745769600,149.02,150.25,148.2,150.03,,2025-04-27 16:00:00+00:00
1745784000,150.02,150.1,147.83,147.98,,2025-04-27 20:00:00+00:00
1745798400,147.97,149.6,144.63,148.39,,2025-04-28 00:00:00+00:00
1745812800,148.38,151.5,148.38,151.09,,2025-04-28 04:00:00+00:00
1745827200,151.09,153.4,148.97,151.7,,2025-04-28 08:00:00+00:00
1745841600,151.69,151.84,145.54,146.34,,2025-04-28 12:00:00+00:00
1745856000,146.33,148.88,145.38,148.43,,2025-04-28 16:00:00+00:00
1745870400,148.42,148.45,146.54,147.84,,2025-04-28 20:00:00+00:00
1745884800,147.84,149.21,146.92,147.47,,2025-04-29 00:00:00+00:00
1745899200,147.46,148.96,145.55,148.88,,2025-04-29 04:00:00+00:00
1745913600,148.88,149.5,147.61,149.0,,2025-04-29 08:00:00+00:00
1745928000,148.99,149.24,146.86,148.02,,2025-04-29 12:00:00+00:00
1745942400,148.01,150.39,147.7,149.29,,2025-04-29 16:00:00+00:00
1745956800,149.28,149.52,145.0,146.31,,2025-04-29 20:00:00+00:00
1745971200,146.3,148.67,145.06,148.17,,2025-04-30 00:00:00+00:00
1745985600,148.17,148.38,146.11,146.4,,2025-04-30 04:00:00+00:00
1746000000,146.39,148.0,146.04,147.94,,2025-04-30 08:00:00+00:00
1746014400,147.93,147.99,140.32,142.22,,2025-04-30 12:00:00+00:00
1746028800,142.21,146.06,141.37,145.62,,2025-04-30 16:00:00+00:00
1746043200,145.62,148.12,145.36,147.54,,2025-04-30 20:00:00+00:00
1746057600,147.54,149.62,147.54,148.71,,2025-05-01 00:00:00+00:00
1746072000,148.71,150.25,147.99,149.8,,2025-05-01 04:00:00+00:00
1746086400,149.79,152.47,149.56,151.75,,2025-05-01 08:00:00+00:00
1746100800,151.75,153.99,150.62,151.8,,2025-05-01 12:00:00+00:00
1746115200,151.8,152.86,150.04,150.26,,2025-05-01 16:00:00+00:00
1746129600,150.26,150.96,149.87,150.85,,2025-05-01 20:00:00+00:00
1746144000,150.85,151.72,149.99,150.78,,2025-05-02 00:00:00+00:00
1746158400,150.78,151.05,148.37,148.52,,2025-05-02 04:00:00+00:00
1746172800,148.52,150.81,148.4,150.73,,2025-05-02 08:00:00+00:00
1746187200,150.72,151.91,149.28,149.88,,2025-05-02 12:00:00+00:00
1746201600,149.89,151.43,147.7,148.08,,2025-05-02 16:00:00+00:00
1746216000,148.09,148.65,147.3,148.05,,2025-05-02 20:00:00+00:00
1746230400,148.04,149.05,147.52,148.3,,2025-05-03 00:00:00+00:00
1746244800,148.3,148.58,147.38,148.08,,2025-05-03 04:00:00+00:00
1746259200,148.08,148.4,146.68,147.14,,2025-05-03 08:00:00+00:00
1746273600,147.14,149.0,147.13,148.46,,2025-05-03 12:00:00+00:00
1746288000,148.47,148.47,145.82,147.42,,2025-05-03 16:00:00+00:00
1746302400,147.42,147.91,146.63,146.71,,2025-05-03 20:00:00+00:00
1746316800,146.71,147.71,145.5,145.61,,2025-05-04 00:00:00+00:00
1746331200,145.61,146.54,145.17,145.62,,2025-05-04 04:00:00+00:00
1746345600,145.62,146.01,144.68,145.45,,2025-05-04 08:00:00+00:00
1746360000,145.46,147.27,144.94,146.84,,2025-05-04 12:00:00+00:00
1746374400,146.83,147.81,146.0,146.18,,2025-05-04 16:00:00+00:00
1746388800,146.18,147.14,143.5,143.95,,2025-05-04 20:00:00+00:00
1746403200,143.94,145.44,142.5,144.91,,2025-05-05 00:00:00+00:00
1746417600,144.91,147.36,144.89,146.88,,2025-05-05 04:00:00+00:00
1746432000,146.88,147.05,143.56,144.19,,2025-05-05 08:00:00+00:00
1746446400,144.18,145.42,143.16,143.76,,2025-05-05 12:00:00+00:00
1746460800,143.76,147.14,143.68,146.48,,2025-05-05 16:00:00+00:00
1746475200,146.48,147.73,144.95,146.72,,2025-05-05 20:00:00+00:00
1746489600,146.72,146.83,143.8,144.63,,2025-05-06 00:00:00+00:00
1746504000,144.63,145.88,144.32,145.28,,2025-05-06 04:00:00+00:00
1746518400,145.27,145.28,142.0,142.57,,2025-05-06 08:00:00+00:00
1746532800,142.57,143.96,141.41,143.18,,2025-05-06 12:00:00+00:00
1746547200,143.18,145.28,142.42,144.85,,2025-05-06 16:00:00+00:00
1746561600,144.85,147.23,143.52,146.88,,2025-05-06 20:00:00+00:00
1746576000,146.89,149.54,145.43,146.24,,2025-05-07 00:00:00+00:00
1746590400,146.23,147.32,145.43,147.27,,2025-05-07 04:00:00+00:00
1746604800,147.27,148.29,146.93,147.59,,2025-05-07 08:00:00+00:00
1746619200,147.6,147.74,145.43,145.75,,2025-05-07 12:00:00+00:00
1746633600,145.75,147.34,144.68,145.77,,2025-05-07 16:00:00+00:00
1746648000,145.77,148.35,145.48,147.32,,2025-05-07 20:00:00+00:00
1746662400,147.32,151.19,147.08,150.87,,2025-05-08 00:00:00+00:00
1746676800,150.88,151.97,149.97,151.57,,2025-05-08 04:00:00+00:00
1746691200,151.57,155.28,151.53,154.57,,2025-05-08 08:00:00+00:00
1746705600,154.57,163.18,154.18,160.24,,2025-05-08 12:00:00+00:00
1746720000,160.23,161.07,158.52,160.53,,2025-05-08 16:00:00+00:00
1746734400,160.54,164.6,159.75,164.46,,2025-05-08 20:00:00+00:00
1746748800,164.46,164.46,161.34,161.37,,2025-05-09 00:00:00+00:00
1746763200,161.37,166.91,161.07,165.08,,2025-05-09 04:00:00+00:00
1746777600,165.08,176.15,164.3,172.32,,2025-05-09 08:00:00+00:00
1746792000,172.33,173.44,167.36,170.75,,2025-05-09 12:00:00+00:00
1746806400,170.76,172.58,168.59,171.89,,2025-05-09 16:00:00+00:00
1746820800,171.9,173.81,171.15,172.78,,2025-05-09 20:00:00+00:00
1746835200,172.77,175.19,170.66,171.59,,2025-05-10 00:00:00+00:00
1746849600,171.59,172.54,169.76,172.32,,2025-05-10 04:00:00+00:00
1746864000,172.32,173.4,168.72,169.0,,2025-05-10 08:00:00+00:00
1746878400,169.0,172.03,169.0,171.07,,2025-05-10 12:00:00+00:00
1746892800,171.07,173.83,170.86,172.22,,2025-05-10 16:00:00+00:00
1746907200,172.22,178.98,171.41,177.89,,2025-05-10 20:00:00+00:00
1746921600,177.89,180.26,172.92,175.86,,2025-05-11 00:00:00+00:00
1746936000,175.86,177.7,172.29,172.6,,2025-05-11 04:00:00+00:00
1746950400,172.61,175.04,172.58,174.76,,2025-05-11 08:00:00+00:00
1746964800,174.76,175.22,169.35,170.48,,2025-05-11 12:00:00+00:00
1746979200,170.48,173.43,169.4,172.73,,2025-05-11 16:00:00+00:00
1746993600,172.72,173.85,171.26,173.19,,2025-05-11 20:00:00+00:00
1747008000,173.2,176.88,171.74,174.9,,2025-05-12 00:00:00+00:00
1747022400,174.9,179.79,173.63,176.09,,2025-05-12 04:00:00+00:00
1747036800,176.08,177.01,173.64,174.11,,2025-05-12 08:00:00+00:00
1747051200,174.1,181.46,174.0,174.4,,2025-05-12 12:00:00+00:00
1747065600,174.39,176.67,168.31,171.22,,2025-05-12 16:00:00+00:00
1747080000,171.22,174.81,170.41,174.22,,2025-05-12 20:00:00+00:00
1747094400,174.22,174.38,166.94,166.97,,2025-05-13 00:00:00+00:00
1747108800,166.98,172.44,166.18,171.49,,2025-05-13 04:00:00+00:00
1747123200,171.49,175.15,170.93,174.0,,2025-05-13 08:00:00+00:00
1747137600,174.0,176.31,172.11,176.09,,2025-05-13 12:00:00+00:00
1747152000,176.08,184.45,175.72,182.05,,2025-05-13 16:00:00+00:00
1747166400,182.05,184.83,180.35,183.75,,2025-05-13 20:00:00+00:00
1747180800,183.75,184.88,179.11,180.28,,2025-05-14 00:00:00+00:00
1747195200,180.28,183.99,179.86,181.72,,2025-05-14 04:00:00+00:00
1747209600,181.73,182.62,177.57,181.06,,2025-05-14 08:00:00+00:00
1747224000,181.06,181.89,175.6,177.35,,2025-05-14 12:00:00+00:00
1747238400,177.34,177.68,173.23,177.06,,2025-05-14 16:00:00+00:00
1747252800,177.07,177.69,175.22,176.64,,2025-05-14 20:00:00+00:00
1747267200,176.63,178.33,174.06,174.06,,2025-05-15 00:00:00+00:00
1747281600,174.06,175.29,169.76,170.4,,2025-05-15 04:00:00+00:00
1747296000,170.4,173.06,168.67,171.09,,2025-05-15 08:00:00+00:00
1747310400,171.08,172.84,166.98,172.23,,2025-05-15 12:00:00+00:00
1747324800,172.23,174.49,167.72,169.76,,2025-05-15 16:00:00+00:00
1747339200,169.77,170.66,166.7,169.16,,2025-05-15 20:00:00+00:00
1747353600,169.16,173.68,168.69,172.62,,2025-05-16 00:00:00+00:00
1747368000,172.62,173.52,170.98,172.13,,2025-05-16 04:00:00+00:00
1747382400,172.13,174.21,169.35,172.81,,2025-05-16 08:00:00+00:00
1747396800,172.82,174.2,170.85,172.08,,2025-05-16 12:00:00+00:00
1747411200,172.09,172.72,169.73,171.44,,2025-05-16 16:00:00+00:00
1747425600,171.43,171.43,166.36,167.4,,2025-05-16 20:00:00+00:00
1747440000,167.4,168.65,164.01,168.26,,2025-05-17 00:00:00+00:00
1747454400,168.26,169.99,166.97,168.55,,2025-05-17 04:00:00+00:00
1747468800,168.55,169.38,166.71,167.6,,2025-05-17 08:00:00+00:00
1747483200,167.6,168.23,165.82,167.31,,2025-05-17 12:00:00+00:00
1747497600,167.31,167.52,164.4,165.25,,2025-05-17 16:00:00+00:00
1747512000,165.25,167.93,164.36,165.94,,2025-05-17 20:00:00+00:00
1747526400,165.94,167.9,165.85,166.9,,2025-05-18 00:00:00+00:00
1747540800,166.91,170.72,166.88,170.68,,2025-05-18 04:00:00+00:00
1747555200,170.68,172.0,170.56,170.79,,2025-05-18 08:00:00+00:00
1747569600,170.78,176.67,170.2,176.26,,2025-05-18 12:00:00+00:00
1747584000,176.26,176.77,166.51,166.65,,2025-05-18 16:00:00+00:00
1747598400,166.64,174.28,164.54,173.3,,2025-05-18 20:00:00+00:00
1747612800,173.3,173.94,165.0,165.35,,2025-05-19 00:00:00+00:00
1747627200,165.35,166.84,159.44,161.89,,2025-05-19 04:00:00+00:00
1747641600,161.9,162.7,160.44,162.19,,2025-05-19 08:00:00+00:00
1747656000,162.19,164.76,160.16,164.21,,2025-05-19 12:00:00+00:00
1747670400,164.2,167.39,162.78,166.61,,2025-05-19 16:00:00+00:00
1747684800,166.6,167.8,165.14,166.86,,2025-05-19 20:00:00+00:00
1747699200,166.87,173.11,166.78,169.19,,2025-05-20 00:00:00+00:00
1747713600,169.18,170.64,167.08,167.34,,2025-05-20 04:00:00+00:00
1747728000,167.35,168.14,165.23,166.47,,2025-05-20 08:00:00+00:00
1747742400,166.46,167.36,164.51,166.64,,2025-05-20 12:00:00+00:00
1747756800,166.63,169.13,164.56,168.17,,2025-05-20 16:00:00+00:00
1747771200,168.16,169.38,166.26,168.59,,2025-05-20 20:00:00+00:00
1747785600,168.59,170.92,166.78,169.97,,2025-05-21 00:00:00+00:00
1747800000,169.97,171.76,168.32,168.85,,2025-05-21 04:00:00+00:00
1747814400,168.85,169.64,167.35,169.34,,2025-05-21 08:00:00+00:00
1747828800,169.33,173.65,168.37,172.17,,2025-05-21 12:00:00+00:00
1747843200,172.17,174.95,165.51,171.14,,2025-05-21 16:00:00+00:00
1747857600,171.14,175.99,169.12,173.53,,2025-05-21 20:00:00+00:00
1747872000,173.54,177.52,172.59,176.82,,2025-05-22 00:00:00+00:00
1747886400,176.83,178.79,175.26,178.49,,2025-05-22 04:00:00+00:00
1747900800,178.49,180.87,177.16,178.08,,2025-05-22 08:00:00+00:00
1747915200,178.07,179.89,176.94,179.02,,2025-05-22 12:00:00+00:00
1747929600,179.03,180.36,177.5,177.85,,2025-05-22 16:00:00+00:00
1747944000,177.86,180.02,177.31,179.68,,2025-05-22 20:00:00+00:00
1747958400,179.68,185.4,179.28,185.0,,2025-05-23 00:00:00+00:00
1747972800,185.01,185.32,179.99,182.55,,2025-05-23 04:00:00+00:00
1747987200,182.56,187.71,177.1,177.91,,2025-05-23 08:00:00+00:00
1748001600,177.91,183.76,173.29,180.66,,2025-05-23 12:00:00+00:00
1748016000,180.67,182.25,178.41,179.14,,2025-05-23 16:00:00+00:00
1748030400,179.13,179.26,173.23,174.01,,2025-05-23 20:00:00+00:00
1748044800,174.0,176.02,172.5,175.11,,2025-05-24 00:00:00+00:00
1748059200,175.11,176.39,173.46,173.92,,2025-05-24 04:00:00+00:00
1748073600,173.93,178.33,173.24,176.9,,2025-05-24 08:00:00+00:00
1748088000,176.89,177.13,175.05,176.31,,2025-05-24 12:00:00+00:00
1748102400,176.32,177.68,175.31,177.14,,2025-05-24 16:00:00+00:00
1748116800,177.14,177.91,175.35,175.87,,2025-05-24 20:00:00+00:00
1748131200,175.87,176.88,170.36,173.64,,2025-05-25 00:00:00+00:00
1748145600,173.64,174.41,171.88,172.34,,2025-05-25 04:00:00+00:00
1748160000,172.35,172.36,170.13,171.98,,2025-05-25 08:00:00+00:00
1748174400,171.99,172.66,169.14,170.29,,2025-05-25 12:00:00+00:00
1748188800,170.29,172.77,169.18,172.52,,2025-05-25 16:00:00+00:00
1748203200,172.53,175.91,170.96,175.74,,2025-05-25 20:00:00+00:00
1748217600,175.75,177.83,175.04,177.01,,2025-05-26 00:00:00+00:00
1748232000,177.02,179.02,176.6,178.16,,2025-05-26 04:00:00+00:00
1748246400,178.15,178.36,176.42,177.91,,2025-05-26 08:00:00+00:00
1748260800,177.91,178.8,175.89,177.49,,2025-05-26 12:00:00+00:00
1748275200,177.49,178.06,173.48,174.05,,2025-05-26 16:00:00+00:00
1748289600,174.05,176.04,173.64,174.91,,2025-05-26 20:00:00+00:00
1748304000,174.92,175.79,171.24,173.51,,2025-05-27 00:00:00+00:00
1748318400,173.5,175.9,172.5,175.46,,2025-05-27 04:00:00+00:00
1748332800,175.47,177.17,175.01,176.8,,2025-05-27 08:00:00+00:00
1748347200,176.8,179.41,175.02,178.44,,2025-05-27 12:00:00+00:00
1748361600,178.45,179.3,177.43,177.5,,2025-05-27 16:00:00+00:00
1748376000,177.51,178.64,175.42,176.71,,2025-05-27 20:00:00+00:00
1748390400,176.72,177.45,174.22,175.12,,2025-05-28 00:00:00+00:00
1748404800,175.13,175.33,173.7,173.89,,2025-05-28 04:00:00+00:00
1748419200,173.9,174.53,172.86,174.51,,2025-05-28 08:00:00+00:00
1748433600,174.52,175.13,168.92,169.7,,2025-05-28 12:00:00+00:00
1748448000,169.71,172.03,169.13,169.42,,2025-05-28 16:00:00+00:00
1748462400,169.42,172.66,169.23,172.21,,2025-05-28 20:00:00+00:00
1748476800,172.22,175.34,171.35,173.7,,2025-05-29 00:00:00+00:00
1748491200,173.69,173.95,170.12,172.23,,2025-05-29 04:00:00+00:00
1748505600,172.23,173.46,171.64,172.88,,2025-05-29 08:00:00+00:00
1748520000,172.87,172.92,169.03,169.75,,2025-05-29 12:00:00+00:00
1748534400,169.76,170.3,166.03,166.84,,2025-05-29 16:00:00+00:00
1748548800,166.83,168.55,165.96,166.71,,2025-05-29 20:00:00+00:00
1748563200,166.71,167.51,160.13,165.16,,2025-05-30 00:00:00+00:00
1748577600,165.15,165.86,162.57,162.68,,2025-05-30 04:00:00+00:00
1748592000,162.68,164.16,161.48,163.83,,2025-05-30 08:00:00+00:00
1748606400,163.83,163.96,160.1,161.23,,2025-05-30 12:00:00+00:00
1748620800,161.23,161.77,156.01,160.81,,2025-05-30 16:00:00+00:00
1748635200,160.81,161.03,155.22,156.2,,2025-05-30 20:00:00+00:00
1748649600,156.2,157.24,152.14,154.16,,2025-05-31 00:00:00+00:00
1748664000,154.15,155.86,153.03,154.84,,2025-05-31 04:00:00+00:00
1748678400,154.85,155.26,152.62,152.92,,2025-05-31 08:00:00+00:00
1748692800,152.92,156.77,152.57,155.63,,2025-05-31 12:00:00+00:00
1748707200,155.64,157.97,155.19,157.52,,2025-05-31 16:00:00+00:00
1748721600,157.53,158.01,156.31,156.45,,2025-05-31 20:00:00+00:00
1748736000,156.45,156.73,153.4,154.72,,2025-06-01 00:00:00+00:00
1748750400,154.72,155.94,154.14,154.45,,2025-06-01 04:00:00+00:00
1748764800,154.45,154.64,150.59,152.05,,2025-06-01 08:00:00+00:00
1748779200,152.05,154.57,150.66,154.17,,2025-06-01 12:00:00+00:00
1748793600,154.18,156.73,153.47,155.89,,2025-06-01 16:00:00+00:00
1748808000,155.88,157.92,155.18,157.68,,2025-06-01 20:00:00+00:00
1748822400,157.68,158.93,155.36,155.46,,2025-06-02 00:00:00+00:00
1748836800,155.46,156.73,154.66,155.55,,2025-06-02 04:00:00+00:00
1748851200,155.54,156.55,152.95,153.45,,2025-06-02 08:00:00+00:00
1748865600,153.44,154.5,151.67,153.16,,2025-06-02 12:00:00+00:00
1748880000,153.16,155.13,151.77,152.95,,2025-06-02 16:00:00+00:00
1748894400,152.96,157.24,152.92,156.83,,2025-06-02 20:00:00+00:00
1748908800,156.83,162.38,156.39,159.44,,2025-06-03 00:00:00+00:00
1748923200,159.45,160.2,158.22,159.82,,2025-06-03 04:00:00+00:00
1748937600,159.83,161.65,158.28,160.56,,2025-06-03 08:00:00+00:00
1748952000,160.56,163.64,159.44,162.2,,2025-06-03 12:00:00+00:00
1748966400,162.21,162.41,159.98,160.56,,2025-06-03 16:00:00+00:00
1748980800,160.56,160.59,154.14,155.19,,2025-06-03 20:00:00+00:00
1748995200,155.19,157.63,154.18,156.56,,2025-06-04 00:00:00+00:00
1749009600,156.57,157.02,155.72,156.42,,2025-06-04 04:00:00+00:00
1749024000,156.42,157.92,155.72,155.92,,2025-06-04 08:00:00+00:00
1749038400,155.92,157.97,154.58,157.13,,2025-06-04 12:00:00+00:00
1749052800,157.13,157.57,155.28,155.37,,2025-06-04 16:00:00+00:00
1749067200,155.36,155.59,152.94,153.26,,2025-06-04 20:00:00+00:00
1749081600,153.27,154.61,153.0,153.83,,2025-06-05 00:00:00+00:00
1749096000,153.84,154.15,151.9,152.44,,2025-06-05 04:00:00+00:00
1749110400,152.44,153.04,151.28,152.37,,2025-06-05 08:00:00+00:00
1749124800,152.38,154.41,148.54,150.9,,2025-06-05 12:00:00+00:00
1749139200,150.9,151.11,144.15,146.2,,2025-06-05 16:00:00+00:00
1749153600,146.2,146.6,141.53,144.29,,2025-06-05 20:00:00+00:00
1749168000,144.28,146.85,144.11,146.84,,2025-06-06 00:00:00+00:00
1749182400,146.84,148.25,146.65,147.4,,2025-06-06 04:00:00+00:00
1749196800,147.4,149.61,147.24,149.1,,2025-06-06 08:00:00+00:00
1749211200,149.11,152.39,149.11,151.08,,2025-06-06 12:00:00+00:00
1749225600,151.09,151.56,148.46,149.09,,2025-06-06 16:00:00+00:00
1749240000,149.1,149.97,147.68,147.83,,2025-06-06 20:00:00+00:00
1749254400,147.82,149.71,146.84,149.46,,2025-06-07 00:00:00+00:00
1749268800,149.47,152.84,148.99,152.38,,2025-06-07 04:00:00+00:00
1749283200,152.37,152.72,151.23,151.45,,2025-06-07 08:00:00+00:00
1749297600,151.45,152.42,150.71,150.99,,2025-06-07 12:00:00+00:00
1749312000,151.0,151.61,150.15,150.58,,2025-06-07 16:00:00+00:00
1749326400,150.57,151.49,149.76,150.06,,2025-06-07 20:00:00+00:00
1749340800,150.07,150.35,149.15,149.85,,2025-06-08 00:00:00+00:00
1749355200,149.85,150.51,149.13,149.31,,2025-06-08 04:00:00+00:00
1749369600,149.3,149.71,147.88,149.62,,2025-06-08 08:00:00+00:00
1749384000,149.62,151.19,149.02,150.7,,2025-06-08 12:00:00+00:00
1749398400,150.69,154.52,150.64,154.46,,2025-06-08 16:00:00+00:00
1749412800,154.47,155.3,152.13,152.45,,2025-06-08 20:00:00+00:00
1749427200,152.45,153.17,150.79,151.54,,2025-06-09 00:00:00+00:00
1749441600,151.54,151.87,149.58,150.88,,2025-06-09 04:00:00+00:00
1749456000,150.87,156.61,150.4,155.62,,2025-06-09 08:00:00+00:00
1749470400,155.62,155.83,153.07,155.02,,2025-06-09 12:00:00+00:00
1749484800,155.02,157.01,155.0,155.75,,2025-06-09 16:00:00+00:00
1749499200,155.76,161.73,155.72,161.16,,2025-06-09 20:00:00+00:00
1749513600,161.16,161.82,158.69,159.17,,2025-06-10 00:00:00+00:00
1749528000,159.18,159.61,157.4,158.45,,2025-06-10 04:00:00+00:00
1749542400,158.46,161.51,157.15,160.85,,2025-06-10 08:00:00+00:00
1749556800,160.85,161.99,156.32,158.02,,2025-06-10 12:00:00+00:00
1749571200,158.03,165.48,157.1,163.61,,2025-06-10 16:00:00+00:00
1749585600,163.61,165.67,162.86,165.12,,2025-06-10 20:00:00+00:00
1749600000,165.12,167.46,163.43,166.67,,2025-06-11 00:00:00+00:00
1749614400,166.67,167.15,164.35,166.65,,2025-06-11 04:00:00+00:00
1749628800,166.65,167.19,164.0,164.5,,2025-06-11 08:00:00+00:00
1749643200,164.5,168.36,163.73,167.26,,2025-06-11 12:00:00+00:00
1749657600,167.27,167.44,162.39,162.64,,2025-06-11 16:00:00+00:00
1749672000,162.64,163.86,159.21,160.97,,2025-06-11 20:00:00+00:00
1749686400,160.98,161.28,159.28,159.87,,2025-06-12 00:00:00+00:00
1749700800,159.87,160.56,158.28,158.8,,2025-06-12 04:00:00+00:00
1749715200,158.8,159.92,157.42,157.72,,2025-06-12 08:00:00+00:00
1749729600,157.72,160.64,156.44,157.02,,2025-06-12 12:00:00+00:00
1749744000,157.02,160.46,154.5,154.84,,2025-06-12 16:00:00+00:00
1749758400,154.84,155.47,152.02,152.32,,2025-06-12 20:00:00+00:00
1749772800,152.32,152.59,140.21,144.76,,2025-06-13 00:00:00+00:00
1749787200,144.76,145.46,142.58,145.02,,2025-06-13 04:00:00+00:00
1749801600,145.02,146.67,143.66,145.45,,2025-06-13 08:00:00+00:00
1749816000,145.45,147.78,143.92,147.18,,2025-06-13 12:00:00+00:00
1749830400,147.18,148.52,144.3,145.17,,2025-06-13 16:00:00+00:00
1749844800,145.17,148.94,144.75,148.6,,2025-06-13 20:00:00+00:00
1749859200,148.6,148.7,146.42,146.71,,2025-06-14 00:00:00+00:00
1749873600,146.71,147.15,145.54,146.18,,2025-06-14 04:00:00+00:00
1749888000,146.17,146.21,144.93,145.86,,2025-06-14 08:00:00+00:00
1749902400,145.85,145.95,143.8,144.54,,2025-06-14 12:00:00+00:00
1749916800,144.53,145.11,142.92,143.5,,2025-06-14 16:00:00+00:00
1749931200,143.51,145.01,141.97,144.64,,2025-06-14 20:00:00+00:00
1749945600,144.65,146.05,144.6,145.75,,2025-06-15 00:00:00+00:00
1749960000,145.75,148.1,145.68,145.87,,2025-06-15 04:00:00+00:00
1749974400,145.87,146.71,144.22,146.36,,2025-06-15 08:00:00+00:00
1749988800,146.35,152.97,146.16,150.84,,2025-06-15 12:00:00+00:00
1750003200,150.84,153.54,150.18,152.23,,2025-06-15 16:00:00+00:00
1750017600,152.23,153.0,148.15,152.97,,2025-06-15 20:00:00+00:00
1750032000,152.97,157.41,150.99,155.58,,2025-06-16 00:00:00+00:00
1750046400,155.59,157.95,155.51,157.28,,2025-06-16 04:00:00+00:00
1750060800,157.27,157.5,154.81,156.48,,2025-06-16 08:00:00+00:00
1750075200,156.48,157.78,154.68,156.58,,2025-06-16 12:00:00+00:00
1750089600,156.58,158.8,156.35,157.79,,2025-06-16 16:00:00+00:00
1750104000,157.8,157.86,150.3,150.72,,2025-06-16 20:00:00+00:00
1750118400,150.73,153.98,147.47,153.36,,2025-06-17 00:00:00+00:00
1750132800,153.37,154.33,151.91,152.67,,2025-06-17 04:00:00+00:00
1750147200,152.67,152.9,150.18,150.53,,2025-06-17 08:00:00+00:00
1750161600,150.53,151.43,146.52,147.62,,2025-06-17 12:00:00+00:00
1750176000,147.62,150.39,145.61,148.87,,2025-06-17 16:00:00+00:00
1750190400,148.87,149.25,146.26,147.57,,2025-06-17 20:00:00+00:00
1750204800,147.58,149.1,146.54,148.37,,2025-06-18 00:00:00+00:00
1750219200,148.38,149.28,146.89,147.99,,2025-06-18 04:00:00+00:00
1750233600,147.99,148.56,145.34,146.52,,2025-06-18 08:00:00+00:00
1750248000,146.52,146.77,143.76,145.74,,2025-06-18 12:00:00+00:00
1750262400,145.74,146.51,143.65,144.71,,2025-06-18 16:00:00+00:00
1750276800,144.71,147.92,144.09,146.34,,2025-06-18 20:00:00+00:00
1750291200,146.35,147.9,144.96,146.58,,2025-06-19 00:00:00+00:00
1750305600,146.58,147.16,145.0,145.07,,2025-06-19 04:00:00+00:00
1750320000,145.08,146.5,144.85,145.09,,2025-06-19 08:00:00+00:00
1750334400,145.1,145.5,142.92,143.16,,2025-06-19 12:00:00+00:00
1750348800,143.16,146.04,143.11,145.48,,2025-06-19 16:00:00+00:00
1750363200,145.48,147.45,145.03,147.04,,2025-06-19 20:00:00+00:00
1750377600,147.04,147.54,145.41,145.44,,2025-06-20 00:00:00+00:00
1750392000,145.45,147.78,144.3,147.47,,2025-06-20 04:00:00+00:00
1750406400,147.48,148.81,146.91,148.17,,2025-06-20 08:00:00+00:00
1750420800,148.17,148.37,142.35,142.86,,2025-06-20 12:00:00+00:00
1750435200,142.86,143.0,135.69,139.82,,2025-06-20 16:00:00+00:00
1750449600,139.81,141.71,138.67,140.11,,2025-06-20 20:00:00+00:00
1750464000,140.11,141.34,139.54,140.76,,2025-06-21 00:00:00+00:00
1750478400,140.75,140.98,139.85,140.64,,2025-06-21 04:00:00+00:00
1750492800,140.64,142.6,140.29,142.08,,2025-06-21 08:00:00+00:00
1750507200,142.08,142.46,139.15,140.3,,2025-06-21 12:00:00+00:00
1750521600,140.29,141.05,137.22,137.28,,2025-06-21 16:00:00+00:00
1750536000,137.29,138.9,130.9,135.43,,2025-06-21 20:00:00+00:00
1750550400,135.43,137.62,133.24,135.11,,2025-06-22 00:00:00+00:00
1750564800,135.12,136.5,134.6,134.82,,2025-06-22 04:00:00+00:00
1750579200,134.82,135.36,131.95,133.25,,2025-06-22 08:00:00+00:00
1750593600,133.26,133.88,126.51,128.55,,2025-06-22 12:00:00+00:00
1750608000,128.56,131.48,128.29,129.06,,2025-06-22 16:00:00+00:00
1750622400,129.07,132.56,126.0,131.71,,2025-06-22 20:00:00+00:00
1750636800,131.71,133.53,131.53,132.67,,2025-06-23 00:00:00+00:00
1750651200,132.67,135.01,132.35,134.38,,2025-06-23 04:00:00+00:00
1750665600,134.38,134.88,133.25,134.09,,2025-06-23 08:00:00+00:00
1750680000,134.1,137.5,132.91,133.43,,2025-06-23 12:00:00+00:00
1750694400,133.44,140.27,130.68,139.79,,2025-06-23 16:00:00+00:00
1750708800,139.79,146.92,139.21,144.51,,2025-06-23 20:00:00+00:00
1750723200,144.51,144.77,142.31,143.24,,2025-06-24 00:00:00+00:00
1750737600,143.23,146.77,142.84,144.01,,2025-06-24 04:00:00+00:00
1750752000,144.01,145.81,143.02,144.57,,2025-06-24 08:00:00+00:00
1750766400,144.56,145.7,143.44,144.31,,2025-06-24 12:00:00+00:00
1750780800,144.31,146.62,142.84,143.61,,2025-06-24 16:00:00+00:00
1750795200,143.61,145.96,143.19,145.92,,2025-06-24 20:00:00+00:00
1750809600,145.93,146.9,145.02,145.52,,2025-06-25 00:00:00+00:00
1750824000,145.51,147.49,144.88,147.01,,2025-06-25 04:00:00+00:00
1750838400,147.01,147.13,145.03,146.26,,2025-06-25 08:00:00+00:00
1750852800,146.26,147.95,143.12,143.69,,2025-06-25 12:00:00+00:00
1750867200,143.7,144.74,142.82,144.74,,2025-06-25 16:00:00+00:00
1750881600,144.74,145.61,142.25,143.57,,2025-06-25 20:00:00+00:00
1750896000,143.57,148.0,143.43,145.9,,2025-06-26 00:00:00+00:00
1750910400,145.91,146.07,144.02,145.15,,2025-06-26 04:00:00+00:00
1750924800,145.16,145.81,143.2,143.65,,2025-06-26 08:00:00+00:00
1750939200,143.65,143.96,141.41,143.0,,2025-06-26 12:00:00+00:00
1750953600,143.0,143.24,140.89,142.29,,2025-06-26 16:00:00+00:00
1750968000,142.28,143.96,138.62,139.06,,2025-06-26 20:00:00+00:00
1750982400,139.05,141.58,137.14,141.36,,2025-06-27 00:00:00+00:00
1750996800,141.37,142.22,140.18,140.33,,2025-06-27 04:00:00+00:00
1751011200,140.33,142.8,140.32,142.15,,2025-06-27 08:00:00+00:00
1751025600,142.15,143.85,141.15,143.47,,2025-06-27 12:00:00+00:00
1751040000,143.47,144.85,140.12,141.78,,2025-06-27 16:00:00+00:00
1751054400,141.77,143.36,141.63,142.09,,2025-06-27 20:00:00+00:00
1751068800,142.09,143.55,141.13,143.4,,2025-06-28 00:00:00+00:00
1751083200,143.39,146.81,143.08,146.57,,2025-06-28 04:00:00+00:00
1751097600,146.56,147.62,145.61,147.15,,2025-06-28 08:00:00+00:00
1751112000,147.14,148.67,145.87,148.17,,2025-06-28 12:00:00+00:00
1751126400,148.16,152.7,148.1,150.67,,2025-06-28 16:00:00+00:00
1751140800,150.67,151.37,150.04,150.72,,2025-06-28 20:00:00+00:00
1751155200,150.73,151.08,149.42,149.47,,2025-06-29 00:00:00+00:00
1751169600,149.47,150.33,149.36,150.32,,2025-06-29 04:00:00+00:00
1751184000,150.33,152.24,149.93,151.68,,2025-06-29 08:00:00+00:00
1751198400,151.68,152.55,150.72,150.75,,2025-06-29 12:00:00+00:00
1751212800,150.76,152.24,149.72,151.18,,2025-06-29 16:00:00+00:00
1751227200,151.19,154.77,150.35,153.32,,2025-06-29 20:00:00+00:00
1751241600,153.32,154.08,151.26,151.77,,2025-06-30 00:00:00+00:00
1751256000,151.77,152.02,149.7,150.64,,2025-06-30 04:00:00+00:00
1751270400,150.63,151.07,149.45,150.38,,2025-06-30 08:00:00+00:00
1751284800,150.38,159.99,149.67,157.83,,2025-06-30 12:00:00+00:00
1751299200,157.83,158.46,155.32,157.77,,2025-06-30 16:00:00+00:00
1751313600,157.77,157.8,154.5,154.81,,2025-06-30 20:00:00+00:00
1751328000,154.82,155.64,153.17,153.94,,2025-07-01 00:00:00+00:00
1751342400,153.93,153.93,148.82,150.07,,2025-07-01 04:00:00+00:00
1751356800,150.06,150.07,148.14,148.84,,2025-07-01 08:00:00+00:00
1751371200,148.85,149.29,146.24,147.22,,2025-07-01 12:00:00+00:00
1751385600,147.22,148.45,145.33,145.46,,2025-07-01 16:00:00+00:00
1751400000,145.46,147.02,144.85,146.88,,2025-07-01 20:00:00+00:00
1751414400,146.87,149.25,145.85,148.87,,2025-07-02 00:00:00+00:00
1751428800,148.86,149.92,148.32,149.09,,2025-07-02 04:00:00+00:00
1751443200,149.1,149.99,148.39,148.62,,2025-07-02 08:00:00+00:00
1751457600,148.61,151.58,147.12,151.31,,2025-07-02 12:00:00+00:00
1751472000,151.31,153.64,150.33,153.02,,2025-07-02 16:00:00+00:00
1751486400,153.02,154.47,151.97,152.27,,2025-07-02 20:00:00+00:00
1751500800,152.28,154.02,151.77,153.42,,2025-07-03 00:00:00+00:00
1751515200,153.41,155.95,153.22,155.61,,2025-07-03 04:00:00+00:00
1751529600,155.61,156.35,154.13,154.53,,2025-07-03 08:00:00+00:00
1751544000,154.53,155.26,149.86,150.18,,2025-07-03 12:00:00+00:00
1751558400,150.18,152.04,149.91,151.81,,2025-07-03 16:00:00+00:00
1751572800,151.81,153.26,151.81,152.36,,2025-07-03 20:00:00+00:00
1751587200,152.35,153.16,150.9,151.69,,2025-07-04 00:00:00+00:00
1751601600,151.7,153.88,150.27,150.48,,2025-07-04 04:00:00+00:00
1751616000,150.48,150.98,149.02,150.21,,2025-07-04 08:00:00+00:00
1751630400,150.22,151.25,146.29,146.57,,2025-07-04 12:00:00+00:00
1751644800,146.56,147.0,145.22,146.72,,2025-07-04 16:00:00+00:00
1751659200,146.73,148.37,146.37,147.7,,2025-07-04 20:00:00+00:00
1751673600,147.69,148.56,147.2,147.75,,2025-07-05 00:00:00+00:00
1751688000,147.76,148.52,146.72,147.86,,2025-07-05 04:00:00+00:00
1751702400,147.85,148.55,146.81,148.18,,2025-07-05 08:00:00+00:00
1751716800,148.19,148.7,147.05,147.12,,2025-07-05 12:00:00+00:00
1751731200,147.11,147.26,145.9,146.89,,2025-07-05 16:00:00+00:00
1751745600,146.89,148.02,146.47,147.55,,2025-07-05 20:00:00+00:00
1751760000,147.55,147.65,146.85,147.35,,2025-07-06 00:00:00+00:00
1751774400,147.35,148.5,147.08,147.9,,2025-07-06 04:00:00+00:00
1751788800,147.89,148.04,146.78,147.98,,2025-07-06 08:00:00+00:00
1751803200,147.99,152.09,147.86,151.53,,2025-07-06 12:00:00+00:00
1751817600,151.53,153.2,150.68,151.27,,2025-07-06 16:00:00+00:00
1751832000,151.28,153.89,151.23,151.86,,2025-07-06 20:00:00+00:00
1751846400,151.86,152.9,150.24,151.86,,2025-07-07 00:00:00+00:00
1751860800,151.86,152.45,150.89,152.38,,2025-07-07 04:00:00+00:00
1751875200,152.37,153.6,151.65,152.78,,2025-07-07 08:00:00+00:00
1751889600,152.79,153.43,151.02,151.07,,2025-07-07 12:00:00+00:00
1751904000,151.07,151.59,148.63,148.97,,2025-07-07 16:00:00+00:00
1751918400,148.96,148.96,147.7,148.88,,2025-07-07 20:00:00+00:00
1751932800,148.89,150.1,147.85,148.64,,2025-07-08 00:00:00+00:00
1751947200,148.64,149.75,148.2,149.66,,2025-07-08 04:00:00+00:00
1751961600,149.65,151.67,149.54,151.31,,2025-07-08 08:00:00+00:00
1751976000,151.31,152.88,149.77,149.83,,2025-07-08 12:00:00+00:00
1751990400,149.84,152.83,149.03,151.63,,2025-07-08 16:00:00+00:00
1752004800,151.63,151.94,150.0,151.67,,2025-07-08 20:00:00+00:00
1752019200,151.68,152.34,151.06,151.29,,2025-07-09 00:00:00+00:00
1752033600,151.29,153.88,150.53,153.01,,2025-07-09 04:00:00+00:00
1752048000,153.01,154.43,152.33,153.73,,2025-07-09 08:00:00+00:00
1752062400,153.74,155.53,152.87,153.97,,2025-07-09 12:00:00+00:00
1752076800,153.98,157.86,153.23,157.27,,2025-07-09 16:00:00+00:00
1752091200,157.26,157.93,155.46,157.05,,2025-07-09 20:00:00+00:00
1752105600,157.06,159.34,155.93,157.35,,2025-07-10 00:00:00+00:00
1752120000,157.35,158.63,156.67,157.89,,2025-07-10 04:00:00+00:00
1752134400,157.9,159.17,157.16,157.65,,2025-07-10 08:00:00+00:00
1752148800,157.66,158.37,155.64,156.43,,2025-07-10 12:00:00+00:00
1752163200,156.44,161.18,156.16,159.34,,2025-07-10 16:00:00+00:00
1752177600,159.34,165.43,159.23,164.34,,2025-07-10 20:00:00+00:00
1752192000,164.33,165.4,161.94,165.22,,2025-07-11 00:00:00+00:00
1752206400,165.22,166.8,163.14,163.27,,2025-07-11 04:00:00+00:00
1752220800,163.28,165.38,163.28,163.87,,2025-07-11 08:00:00+00:00
1752235200,163.88,168.2,161.78,162.34,,2025-07-11 12:00:00+00:00
1752249600,162.34,165.03,161.27,164.58,,2025-07-11 16:00:00+00:00
1752264000,164.58,164.83,159.54,162.93,,2025-07-11 20:00:00+00:00
1752278400,162.92,163.9,161.78,163.45,,2025-07-12 00:00:00+00:00
1752292800,163.46,163.84,162.03,163.22,,2025-07-12 04:00:00+00:00
1752307200,163.21,163.43,161.41,161.62,,2025-07-12 08:00:00+00:00
1752321600,161.62,161.81,157.74,158.14,,2025-07-12 12:00:00+00:00
1752336000,158.14,160.75,157.93,160.71,,2025-07-12 16:00:00+00:00
1752350400,160.71,160.94,158.94,160.69,,2025-07-12 20:00:00+00:00
1752364800,160.7,161.78,160.2,161.21,,2025-07-13 00:00:00+00:00
1752379200,161.21,162.98,161.04,162.67,,2025-07-13 04:00:00+00:00
1752393600,162.67,162.74,161.57,162.06,,2025-07-13 08:00:00+00:00
1752408000,162.06,164.19,161.79,162.04,,2025-07-13 12:00:00+00:00
1752422400,162.04,163.55,160.53,162.54,,2025-07-13 16:00:00+00:00
1752436800,162.53,163.06,159.63,161.15,,2025-07-13 20:00:00+00:00
1752451200,161.15,168.2,160.61,167.11,,2025-07-14 00:00:00+00:00
1752465600,167.11,168.65,165.37,167.25,,2025-07-14 04:00:00+00:00
1752480000,167.26,168.15,166.04,166.53,,2025-07-14 08:00:00+00:00
1752494400,166.53,168.6,163.04,163.96,,2025-07-14 12:00:00+00:00
1752508800,163.96,165.35,162.42,164.3,,2025-07-14 16:00:00+00:00
1752523200,164.31,164.31,161.67,162.21,,2025-07-14 20:00:00+00:00
1752537600,162.21,162.89,158.17,159.15,,2025-07-15 00:00:00+00:00
1752552000,159.14,160.87,158.26,159.54,,2025-07-15 04:00:00+00:00
1752566400,159.54,160.14,158.39,159.86,,2025-07-15 08:00:00+00:00
1752580800,159.87,162.17,157.23,160.47,,2025-07-15 12:00:00+00:00
1752595200,160.46,163.7,159.98,160.22,,2025-07-15 16:00:00+00:00
1752609600,160.22,164.26,159.71,163.98,,2025-07-15 20:00:00+00:00
1752624000,163.98,165.26,161.51,162.5,,2025-07-16 00:00:00+00:00
1752638400,162.51,164.64,161.79,164.05,,2025-07-16 04:00:00+00:00
1752652800,164.05,167.58,163.81,166.66,,2025-07-16 08:00:00+00:00
1752667200,166.66,168.84,165.4,168.45,,2025-07-16 12:00:00+00:00
1752681600,168.45,174.7,168.4,174.16,,2025-07-16 16:00:00+00:00
1752696000,174.15,176.0,172.37,173.63,,2025-07-16 20:00:00+00:00
1752710400,173.62,174.85,168.71,169.54,,2025-07-17 00:00:00+00:00
1752724800,169.53,174.17,169.24,174.02,,2025-07-17 04:00:00+00:00
1752739200,174.02,178.19,172.67,176.17,,2025-07-17 08:00:00+00:00
1752753600,176.16,177.54,172.78,174.13,,2025-07-17 12:00:00+00:00
1752768000,174.12,175.42,171.21,173.05,,2025-07-17 16:00:00+00:00
1752782400,173.05,177.4,171.34,175.87,,2025-07-17 20:00:00+00:00
1752796800,175.88,181.15,175.29,180.8,,2025-07-18 00:00:00+00:00
1752811200,180.79,184.67,179.86,180.94,,2025-07-18 04:00:00+00:00
1752825600,180.93,181.97,177.1,178.46,,2025-07-18 08:00:00+00:00
1752840000,178.45,182.02,174.86,177.02,,2025-07-18 12:00:00+00:00
1752854400,177.02,179.11,176.15,176.99,,2025-07-18 16:00:00+00:00
1752868800,176.98,177.62,173.24,177.28,,2025-07-18 20:00:00+00:00
1752883200,177.28,177.69,174.0,177.45,,2025-07-19 00:00:00+00:00
1752897600,177.45,177.77,176.1,176.99,,2025-07-19 04:00:00+00:00
1752912000,176.99,177.81,175.41,176.59,,2025-07-19 08:00:00+00:00
1752926400,176.6,177.88,174.8,177.4,,2025-07-19 12:00:00+00:00
1752940800,177.41,178.19,176.12,177.04,,2025-07-19 16:00:00+00:00
1752955200,177.04,178.61,174.91,176.96,,2025-07-19 20:00:00+00:00
1752969600,176.97,179.75,176.33,177.98,,2025-07-20 00:00:00+00:00
1752984000,177.97,178.67,176.94,177.94,,2025-07-20 04:00:00+00:00
1752998400,177.95,181.51,177.95,180.44,,2025-07-20 08:00:00+00:00
1753012800,180.44,183.17,179.96,181.96,,2025-07-20 12:00:00+00:00
1753027200,181.97,183.66,180.25,181.99,,2025-07-20 16:00:00+00:00
1753041600,182.0,182.39,177.8,181.43,,2025-07-20 20:00:00+00:00
1753056000,181.44,187.04,178.25,186.71,,2025-07-21 00:00:00+00:00
1753070400,186.71,191.08,185.06,190.07,,2025-07-21 04:00:00+00:00
1753084800,190.06,192.99,189.69,191.4,,2025-07-21 08:00:00+00:00
1753099200,191.39,199.28,190.22,196.79,,2025-07-21 12:00:00+00:00
1753113600,196.79,197.25,193.01,194.63,,2025-07-21 16:00:00+00:00
1753128000,194.64,197.78,193.64,195.72,,2025-07-21 20:00:00+00:00
1753142400,195.72,204.67,193.75,200.09,,2025-07-22 00:00:00+00:00
1753156800,200.08,201.32,194.1,198.1,,2025-07-22 04:00:00+00:00
1753171200,198.1,200.15,194.05,199.91,,2025-07-22 08:00:00+00:00
1753185600,199.91,204.99,196.95,201.83,,2025-07-22 12:00:00+00:00
1753200000,201.82,204.24,198.39,198.92,,2025-07-22 16:00:00+00:00
1753214400,198.91,206.3,198.39,205.7,,2025-07-22 20:00:00+00:00
1753228800,205.7,205.75,200.99,201.39,,2025-07-23 00:00:00+00:00
1753243200,201.4,202.26,198.88,199.46,,2025-07-23 04:00:00+00:00
1753257600,199.47,200.0,195.86,197.42,,2025-07-23 08:00:00+00:00
1753272000,197.41,197.57,187.61,192.72,,2025-07-23 12:00:00+00:00
1753286400,192.72,192.75,186.01,188.08,,2025-07-23 16:00:00+00:00
1753300800,188.09,190.04,183.97,189.4,,2025-07-23 20:00:00+00:00
1753315200,189.4,191.87,188.48,189.85,,2025-07-24 00:00:00+00:00
1753329600,189.85,190.12,179.21,184.21,,2025-07-24 04:00:00+00:00
1753344000,184.2,186.92,182.92,186.4,,2025-07-24 08:00:00+00:00
1753358400,186.41,191.76,183.36,188.53,,2025-07-24 12:00:00+00:00
1753372800,188.54,190.04,184.85,187.99,,2025-07-24 16:00:00+00:00
1753387200,187.99,189.06,182.01,182.87,,2025-07-24 20:00:00+00:00
1753401600,182.88,183.54,175.63,177.71,,2025-07-25 00:00:00+00:00
1753416000,177.72,179.78,175.91,177.51,,2025-07-25 04:00:00+00:00
1753430400,177.51,182.08,176.86,181.12,,2025-07-25 08:00:00+00:00
1753444800,181.12,181.89,176.24,178.2,,2025-07-25 12:00:00+00:00
1753459200,178.19,182.84,177.47,182.17,,2025-07-25 16:00:00+00:00
1753473600,182.16,186.85,182.08,186.76,,2025-07-25 20:00:00+00:00
1753488000,186.75,186.93,184.48,185.97,,2025-07-26 00:00:00+00:00
1753502400,185.97,187.14,185.63,186.43,,2025-07-26 04:00:00+00:00
1753516800,186.43,189.78,186.42,187.74,,2025-07-26 08:00:00+00:00
1753531200,187.75,188.48,186.05,187.52,,2025-07-26 12:00:00+00:00
1753545600,187.53,187.8,185.06,186.45,,2025-07-26 16:00:00+00:00
1753560000,186.44,186.76,184.29,184.88,,2025-07-26 20:00:00+00:00
1753574400,184.89,187.59,184.53,187.19,,2025-07-27 00:00:00+00:00
1753588800,187.19,188.33,186.62,187.22,,2025-07-27 04:00:00+00:00
1753603200,187.22,188.57,186.18,187.01,,2025-07-27 08:00:00+00:00
1753617600,187.02,187.34,184.9,186.47,,2025-07-27 12:00:00+00:00
1753632000,186.48,189.76,185.95,186.92,,2025-07-27 16:00:00+00:00
1753646400,186.92,190.7,186.44,188.64,,2025-07-27 20:00:00+00:00
1753660800,188.64,193.82,187.66,193.35,,2025-07-28 00:00:00+00:00
1753675200,193.34,195.26,191.64,192.37,,2025-07-28 04:00:00+00:00
1753689600,192.36,193.36,190.63,192.0,,2025-07-28 08:00:00+00:00
1753704000,192.0,193.52,186.55,187.18,,2025-07-28 12:00:00+00:00
1753718400,187.18,187.99,183.45,185.26,,2025-07-28 16:00:00+00:00
1753732800,185.25,185.53,182.16,183.11,,2025-07-28 20:00:00+00:00
1753747200,183.1,184.72,180.67,184.33,,2025-07-29 00:00:00+00:00
1753761600,184.34,186.68,183.21,186.05,,2025-07-29 04:00:00+00:00
1753776000,186.04,186.51,182.24,182.93,,2025-07-29 08:00:00+00:00
1753790400,182.93,184.99,179.23,180.81,,2025-07-29 12:00:00+00:00
1753804800,180.81,182.37,178.3,181.11,,2025-07-29 16:00:00+00:00
1753819200,181.11,182.0,179.3,181.48,,2025-07-29 20:00:00+00:00
1753833600,181.47,182.37,178.81,181.69,,2025-07-30 00:00:00+00:00
1753848000,181.69,182.56,179.34,180.83,,2025-07-30 04:00:00+00:00
1753862400,180.83,181.49,176.42,177.3,,2025-07-30 08:00:00+00:00
1753876800,177.29,180.59,176.65,179.18,,2025-07-30 12:00:00+00:00
1753891200,179.17,180.15,170.29,176.12,,2025-07-30 16:00:00+00:00
1753905600,176.12,178.09,174.76,177.77,,2025-07-30 20:00:00+00:00
1753920000,177.77,180.55,177.62,180.31,,2025-07-31 00:00:00+00:00
1753934400,180.31,181.62,179.81,181.24,,2025-07-31 04:00:00+00:00
1753948800,181.24,182.7,180.24,180.74,,2025-07-31 08:00:00+00:00
1753963200,180.75,180.89,175.25,177.35,,2025-07-31 12:00:00+00:00
1753977600,177.34,179.77,174.75,175.32,,2025-07-31 16:00:00+00:00
1753992000,175.31,175.74,171.44,172.22,,2025-07-31 20:00:00+00:00
1754006400,172.22,172.26,167.42,171.14,,2025-08-01 00:00:00+00:00
1754020800,171.14,171.14,167.96,169.4,,2025-08-01 04:00:00+00:00
1754035200,169.41,169.41,166.19,169.2,,2025-08-01 08:00:00+00:00
1754049600,169.19,170.35,164.58,168.57,,2025-08-01 12:00:00+00:00
1754064000,168.56,169.75,165.1,166.47,,2025-08-01 16:00:00+00:00
1754078400,166.47,166.82,159.2,162.71,,2025-08-01 20:00:00+00:00
1754092800,162.71,165.02,162.56,164.36,,2025-08-02 00:00:00+00:00
1754107200,164.37,165.3,161.82,164.43,,2025-08-02 04:00:00+00:00
1754121600,164.44,165.13,162.22,164.51,,2025-08-02 08:00:00+00:00
1754136000,164.5,164.94,161.03,161.5,,2025-08-02 12:00:00+00:00
1754150400,161.51,162.2,155.83,157.44,,2025-08-02 16:00:00+00:00
1754164800,157.45,159.81,157.04,158.48,,2025-08-02 20:00:00+00:00
1754179200,158.49,161.07,156.28,160.86,,2025-08-03 00:00:00+00:00
1754193600,160.86,161.59,160.03,161.37,,2025-08-03 04:00:00+00:00
1754208000,161.37,162.9,160.68,161.47,,2025-08-03 08:00:00+00:00
1754222400,161.47,162.35,160.37,162.11,,2025-08-03 12:00:00+00:00
1754236800,162.1,162.75,161.12,161.65,,2025-08-03 16:00:00+00:00
1754251200,161.64,163.14,160.75,161.97,,2025-08-03 20:00:00+00:00
1754265600,161.98,164.98,161.42,162.98,,2025-08-04 00:00:00+00:00
1754280000,162.98,163.41,161.26,163.03,,2025-08-04 04:00:00+00:00
1754294400,163.04,164.08,161.64,162.38,,2025-08-04 08:00:00+00:00
1754308800,162.39,166.91,162.14,165.49,,2025-08-04 12:00:00+00:00
1754323200,165.49,169.8,165.0,165.65,,2025-08-04 16:00:00+00:00
1754337600,165.64,169.78,165.3,169.55,,2025-08-04 20:00:00+00:00
1754352000,169.55,169.97,167.57,167.92,,2025-08-05 00:00:00+00:00
1754366400,167.92,169.28,165.78,166.22,,2025-08-05 04:00:00+00:00
1754380800,166.21,171.73,165.66,170.89,,2025-08-05 08:00:00+00:00
1754395200,170.89,171.04,162.9,163.78,,2025-08-05 12:00:00+00:00
1754409600,163.77,164.94,162.28,162.76,,2025-08-05 16:00:00+00:00
1754424000,162.76,164.54,161.3,164.09,,2025-08-05 20:00:00+00:00
1754438400,164.09,164.17,161.13,161.86,,2025-08-06 00:00:00+00:00
1754452800,161.86,164.79,161.25,164.25,,2025-08-06 04:00:00+00:00
1754467200,164.26,164.64,162.72,164.2,,2025-08-06 08:00:00+00:00
1754481600,164.2,169.42,162.65,169.04,,2025-08-06 12:00:00+00:00
1754496000,169.05,169.93,167.18,168.82,,2025-08-06 16:00:00+00:00
1754510400,168.82,168.85,167.32,168.09,,2025-08-06 20:00:00+00:00
1754524800,168.1,169.0,166.7,166.89,,2025-08-07 00:00:00+00:00
1754539200,166.9,170.45,166.76,169.99,,2025-08-07 04:00:00+00:00
1754553600,169.99,173.49,169.06,172.82,,2025-08-07 08:00:00+00:00
1754568000,172.83,173.18,169.7,170.49,,2025-08-07 12:00:00+00:00
1754582400,170.48,171.94,167.0,171.75,,2025-08-07 16:00:00+00:00
1754596800,171.76,175.51,171.52,175.36,,2025-08-07 20:00:00+00:00
1754611200,175.37,175.92,173.43,174.71,,2025-08-08 00:00:00+00:00
1754625600,174.71,177.87,173.88,177.14,,2025-08-08 04:00:00+00:00
1754640000,177.13,177.95,174.88,177.65,,2025-08-08 08:00:00+00:00
1754654400,177.65,179.14,174.21,175.23,,2025-08-08 12:00:00+00:00
1754668800,175.23,179.66,175.01,178.47,,2025-08-08 16:00:00+00:00
1754683200,178.46,178.76,176.62,176.78,,2025-08-08 20:00:00+00:00
1754697600,176.79,179.02,176.64,177.26,,2025-08-09 00:00:00+00:00
1754712000,177.26,182.15,176.94,180.62,,2025-08-09 04:00:00+00:00
1754726400,180.62,183.35,180.39,180.79,,2025-08-09 08:00:00+00:00
1754740800,180.78,182.49,178.92,180.09,,2025-08-09 12:00:00+00:00
1754755200,180.1,182.7,179.46,182.14,,2025-08-09 16:00:00+00:00
1754769600,182.13,183.45,179.72,179.95,,2025-08-09 20:00:00+00:00
1754784000,179.96,185.99,179.81,184.98,,2025-08-10 00:00:00+00:00
1754798400,184.98,186.18,177.66,178.94,,2025-08-10 04:00:00+00:00
1754812800,178.94,181.05,177.51,179.97,,2025-08-10 08:00:00+00:00
1754827200,179.98,182.4,178.52,181.54,,2025-08-10 12:00:00+00:00
1754841600,181.54,183.3,181.21,182.8,,2025-08-10 16:00:00+00:00
1754856000,182.8,183.94,181.27,182.66,,2025-08-10 20:00:00+00:00
1754870400,182.67,185.8,181.27,185.14,,2025-08-11 00:00:00+00:00
1754884800,185.13,186.8,182.79,182.97,,2025-08-11 04:00:00+00:00
1754899200,182.97,184.67,178.35,179.08,,2025-08-11 08:00:00+00:00
1754913600,179.07,180.52,177.23,180.19,,2025-08-11 12:00:00+00:00
1754928000,180.19,181.77,175.54,176.62,,2025-08-11 16:00:00+00:00
1754942400,176.62,176.88,173.43,174.84,,2025-08-11 20:00:00+00:00
1754956800,174.83,176.74,174.64,175.53,,2025-08-12 00:00:00+00:00
1754971200,175.53,176.64,173.6,175.9,,2025-08-12 04:00:00+00:00
1754985600,175.9,176.51,173.72,175.23,,2025-08-12 08:00:00+00:00
1755000000,175.23,182.1,174.73,181.7,,2025-08-12 12:00:00+00:00
1755014400,181.7,191.14,180.77,190.64,,2025-08-12 16:00:00+00:00
1755028800,190.65,193.76,189.59,191.78,,2025-08-12 20:00:00+00:00
1755043200,191.77,199.54,191.48,197.73,,2025-08-13 00:00:00+00:00
1755057600,197.74,200.1,195.18,198.74,,2025-08-13 04:00:00+00:00
1755072000,198.74,202.71,197.61,201.0,,2025-08-13 08:00:00+00:00
1755086400,201.0,204.96,194.15,197.44,,2025-08-13 12:00:00+00:00
1755100800,197.43,202.2,197.01,202.08,,2025-08-13 16:00:00+00:00
1755115200,202.09,203.33,199.83,201.51,,2025-08-13 20:00:00+00:00
1755129600,201.51,209.04,200.59,207.94,,2025-08-14 00:00:00+00:00
1755144000,207.94,209.86,204.02,205.66,,2025-08-14 04:00:00+00:00
1755158400,205.67,205.85,201.77,203.62,,2025-08-14 08:00:00+00:00
1755172800,203.61,205.46,186.68,194.85,,2025-08-14 12:00:00+00:00
1755187200,194.86,195.51,190.25,192.91,,2025-08-14 16:00:00+00:00
1755201600,192.91,193.24,187.32,192.47,,2025-08-14 20:00:00+00:00
1755216000,192.46,195.6,191.94,195.15,,2025-08-15 00:00:00+00:00
1755230400,195.14,198.07,194.44,196.95,,2025-08-15 04:00:00+00:00
1755244800,196.95,197.59,193.63,194.32,,2025-08-15 08:00:00+00:00
1755259200,194.32,196.19,184.36,185.55,,2025-08-15 12:00:00+00:00
1755273600,185.55,186.9,183.3,183.89,,2025-08-15 16:00:00+00:00
1755288000,183.88,188.26,183.37,185.72,,2025-08-15 20:00:00+00:00
1755302400,185.71,188.36,185.34,187.1,,2025-08-16 00:00:00+00:00
1755316800,187.09,189.65,186.11,189.12,,2025-08-16 04:00:00+00:00
1755331200,189.12,189.23,185.39,185.74,,2025-08-16 08:00:00+00:00
1755345600,185.75,189.47,185.2,188.79,,2025-08-16 12:00:00+00:00
1755360000,188.78,189.36,187.08,188.69,,2025-08-16 16:00:00+00:00
1755374400,188.68,190.06,187.94,189.6,,2025-08-16 20:00:00+00:00
1755388800,189.61,191.94,187.35,191.61,,2025-08-17 00:00:00+00:00
1755403200,191.61,193.55,191.33,191.88,,2025-08-17 04:00:00+00:00
1755417600,191.89,193.87,191.53,193.58,,2025-08-17 08:00:00+00:00
1755432000,193.58,195.49,191.91,195.47,,2025-08-17 12:00:00+00:00
1755446400,195.48,195.89,189.94,191.18,,2025-08-17 16:00:00+00:00
1755460800,191.17,193.44,190.88,190.99,,2025-08-17 20:00:00+00:00
1755475200,191.0,191.33,181.82,182.67,,2025-08-18 00:00:00+00:00
1755489600,182.67,183.51,180.22,180.62,,2025-08-18 04:00:00+00:00
1755504000,180.63,181.98,180.0,181.36,,2025-08-18 08:00:00+00:00
1755518400,181.37,183.34,180.52,183.1,,2025-08-18 12:00:00+00:00
1755532800,183.1,185.7,181.76,183.21,,2025-08-18 16:00:00+00:00
1755547200,183.21,185.0,182.07,182.94,,2025-08-18 20:00:00+00:00
1755561600,182.94,185.87,178.17,178.52,,2025-08-19 00:00:00+00:00
1755576000,178.52,180.59,177.32,180.11,,2025-08-19 04:00:00+00:00
1755590400,180.12,182.81,179.11,182.66,,2025-08-19 08:00:00+00:00
1755604800,182.67,183.42,177.46,177.98,,2025-08-19 12:00:00+00:00
1755619200,177.98,178.78,175.69,176.74,,2025-08-19 16:00:00+00:00
1755633600,176.75,179.54,175.88,176.22,,2025-08-19 20:00:00+00:00
1755648000,176.22,181.5,176.04,180.49,,2025-08-20 00:00:00+00:00
1755662400,180.49,181.7,179.83,180.53,,2025-08-20 04:00:00+00:00
1755676800,180.53,182.25,178.32,180.29,,2025-08-20 08:00:00+00:00
1755691200,180.28,185.06,177.53,183.03,,2025-08-20 12:00:00+00:00
1755705600,183.02,187.97,182.59,187.59,,2025-08-20 16:00:00+00:00
1755720000,187.6,187.95,185.78,187.94,,2025-08-20 20:00:00+00:00
1755734400,187.95,190.1,185.51,188.43,,2025-08-21 00:00:00+00:00
1755748800,188.43,188.7,185.89,186.98,,2025-08-21 04:00:00+00:00
1755763200,186.99,187.04,183.48,184.03,,2025-08-21 08:00:00+00:00
1755777600,184.03,186.42,181.44,181.65,,2025-08-21 12:00:00+00:00
1755792000,181.65,182.93,179.85,180.15,,2025-08-21 16:00:00+00:00
1755806400,180.15,181.86,179.43,180.29,,2025-08-21 20:00:00+00:00
1755820800,180.3,183.5,180.0,181.76,,2025-08-22 00:00:00+00:00
1755835200,181.76,184.36,181.75,183.98,,2025-08-22 04:00:00+00:00
1755849600,183.97,185.1,179.6,179.63,,2025-08-22 08:00:00+00:00
1755864000,179.63,195.42,177.27,193.47,,2025-08-22 12:00:00+00:00
1755878400,193.48,199.73,193.48,198.97,,2025-08-22 16:00:00+00:00
1755892800,198.97,202.4,198.38,200.69,,2025-08-22 20:00:00+00:00
1755907200,200.69,200.82,195.26,198.16,,2025-08-23 00:00:00+00:00
1755921600,198.15,208.62,198.1,205.18,,2025-08-23 04:00:00+00:00
1755936000,205.18,205.66,201.53,201.98,,2025-08-23 08:00:00+00:00
1755950400,201.99,203.8,200.58,202.58,,2025-08-23 12:00:00+00:00
1755964800,202.57,204.57,202.2,204.09,,2025-08-23 16:00:00+00:00
1755979200,204.08,204.86,202.8,204.14,,2025-08-23 20:00:00+00:00
1755993600,204.15,211.99,204.14,209.05,,2025-08-24 00:00:00+00:00
1756008000,209.06,210.76,206.6,206.66,,2025-08-24 04:00:00+00:00
1756022400,206.67,209.0,203.41,204.48,,2025-08-24 08:00:00+00:00
1756036800,204.48,209.35,203.57,205.62,,2025-08-24 12:00:00+00:00
1756051200,205.62,211.97,201.44,205.01,,2025-08-24 16:00:00+00:00
1756065600,205.01,207.15,201.09,205.98,,2025-08-24 20:00:00+00:00
1756080000,205.99,213.6,202.23,209.24,,2025-08-25 00:00:00+00:00
1756094400,209.24,209.71,198.69,199.82,,2025-08-25 04:00:00+00:00
1756108800,199.81,200.8,195.0,197.55,,2025-08-25 08:00:00+00:00
1756123200,197.54,199.5,195.56,196.56,,2025-08-25 12:00:00+00:00
1756137600,196.57,198.36,190.98,191.47,,2025-08-25 16:00:00+00:00
1756152000,191.47,192.12,185.33,187.2,,2025-08-25 20:00:00+00:00
1756166400,187.19,189.29,185.58,186.9,,2025-08-26 00:00:00+00:00
1756180800,186.9,189.92,186.9,188.92,,2025-08-26 04:00:00+00:00
1756195200,188.92,190.37,186.67,187.97,,2025-08-26 08:00:00+00:00
1756209600,187.98,192.55,187.18,190.77,,2025-08-26 12:00:00+00:00
1756224000,190.76,197.51,190.58,197.43,,2025-08-26 16:00:00+00:00
1756238400,197.43,198.1,195.37,195.86,,2025-08-26 20:00:00+00:00
1756252800,195.85,202.81,193.78,201.92,,2025-08-27 00:00:00+00:00
1756267200,201.91,205.7,200.81,202.43,,2025-08-27 04:00:00+00:00
1756281600,202.44,205.38,201.48,205.01,,2025-08-27 08:00:00+00:00
1756296000,205.01,209.4,202.62,208.66,,2025-08-27 12:00:00+00:00
1756310400,208.66,212.08,205.95,206.4,,2025-08-27 16:00:00+00:00
1756324800,206.4,209.49,202.57,202.95,,2025-08-27 20:00:00+00:00
1756339200,202.95,208.35,201.72,208.15,,2025-08-28 00:00:00+00:00
1756353600,208.16,213.33,207.47,213.11,,2025-08-28 04:00:00+00:00
1756368000,213.11,216.5,211.07,213.14,,2025-08-28 08:00:00+00:00
1756382400,213.15,216.89,210.2,211.06,,2025-08-28 12:00:00+00:00
1756396800,211.06,214.0,207.17,209.94,,2025-08-28 16:00:00+00:00
1756411200,209.95,215.73,209.64,214.43,,2025-08-28 20:00:00+00:00
1756425600,214.43,217.97,212.0,216.86,,2025-08-29 00:00:00+00:00
1756440000,216.86,218.0,207.8,208.77,,2025-08-29 04:00:00+00:00
1756454400,208.78,210.07,205.34,207.62,,2025-08-29 08:00:00+00:00
1756468800,207.61,214.94,203.81,204.46,,2025-08-29 12:00:00+00:00
1756483200,204.46,205.5,201.34,202.95,,2025-08-29 16:00:00+00:00
1756497600,202.95,205.5,199.85,205.08,,2025-08-29 20:00:00+00:00
1756512000,205.09,206.65,200.68,205.61,,2025-08-30 00:00:00+00:00
1756526400,205.61,207.06,204.37,205.14,,2025-08-30 04:00:00+00:00
1756540800,205.13,205.56,201.65,202.64,,2025-08-30 08:00:00+00:00
1756555200,202.64,202.67,197.52,201.05,,2025-08-30 12:00:00+00:00
1756569600,201.05,201.61,199.74,201.25,,2025-08-30 16:00:00+00:00
1756584000,201.25,203.33,199.75,202.7,,2025-08-30 20:00:00+00:00
1756598400,202.7,206.66,202.69,205.58,,2025-08-31 00:00:00+00:00
1756612800,205.57,205.65,202.73,203.55,,2025-08-31 04:00:00+00:00
1756627200,203.56,206.0,202.23,203.65,,2025-08-31 08:00:00+00:00
1756641600,203.65,204.89,201.5,204.58,,2025-08-31 12:00:00+00:00
1756656000,204.58,205.99,203.68,204.62,,2025-08-31 16:00:00+00:00
1756670400,204.61,205.78,200.28,200.62,,2025-08-31 20:00:00+00:00
1756684800,200.62,202.49,196.03,198.42,,2025-09-01 00:00:00+00:00
1756699200,198.41,202.93,196.61,202.92,,2025-09-01 04:00:00+00:00
1756713600,202.92,204.58,198.36,199.4,,2025-09-01 08:00:00+00:00
1756728000,199.41,201.13,197.67,198.37,,2025-09-01 12:00:00+00:00
1756742400,198.36,200.16,197.27,200.16,,2025-09-01 16:00:00+00:00
1756756800,200.16,200.17,194.19,197.32,,2025-09-01 20:00:00+00:00
1756771200,197.32,203.36,196.77,201.85,,2025-09-02 00:00:00+00:00
1756785600,201.86,204.45,201.39,202.12,,2025-09-02 04:00:00+00:00
1756800000,202.12,204.45,201.67,201.98,,2025-09-02 08:00:00+00:00
1756814400,201.97,205.15,197.37,200.3,,2025-09-02 12:00:00+00:00
1756828800,200.29,207.0,199.48,205.54,,2025-09-02 16:00:00+00:00
1756843200,205.53,209.68,204.91,209.65,,2025-09-02 20:00:00+00:00
1756857600,209.64,211.97,207.42,210.03,,2025-09-03 00:00:00+00:00
1756872000,210.02,210.48,207.94,209.36,,2025-09-03 04:00:00+00:00
1756886400,209.36,211.34,208.15,210.38,,2025-09-03 08:00:00+00:00
1756900800,210.37,213.02,208.69,211.37,,2025-09-03 12:00:00+00:00
1756915200,211.37,211.97,208.83,210.38,,2025-09-03 16:00:00+00:00
1756929600,210.38,210.96,208.38,210.77,,2025-09-03 20:00:00+00:00
1756944000,210.77,211.94,207.47,208.19,,2025-09-04 00:00:00+00:00
1756958400,208.19,208.56,205.68,206.68,,2025-09-04 04:00:00+00:00
1756972800,206.68,208.79,206.58,207.22,,2025-09-04 08:00:00+00:00
1756987200,207.23,208.5,203.38,203.76,,2025-09-04 12:00:00+00:00
1757001600,203.77,205.18,201.84,202.12,,2025-09-04 16:00:00+00:00
1757016000,202.11,204.82,201.88,202.32,,2025-09-04 20:00:00+00:00
1757030400,202.32,204.05,200.95,203.53,,2025-09-05 00:00:00+00:00
1757044800,203.53,208.43,203.0,207.87,,2025-09-05 04:00:00+00:00
1757059200,207.87,207.96,204.52,206.67,,2025-09-05 08:00:00+00:00
1757073600,206.67,210.0,201.61,203.56,,2025-09-05 12:00:00+00:00
1757088000,203.55,205.55,201.91,205.44,,2025-09-05 16:00:00+00:00
1757102400,205.43,205.69,202.7,203.36,,2025-09-05 20:00:00+00:00
1757116800,203.37,204.68,203.14,204.07,,2025-09-06 00:00:00+00:00
1757131200,204.06,204.07,202.07,203.03,,2025-09-06 04:00:00+00:00
1757145600,203.03,203.56,201.8,202.38,,2025-09-06 08:00:00+00:00
1757160000,202.38,202.87,201.01,201.26,,2025-09-06 12:00:00+00:00
1757174400,201.26,202.37,199.32,199.71,,2025-09-06 16:00:00+00:00
1757188800,199.7,201.2,199.7,200.16,,2025-09-06 20:00:00+00:00
1757203200,200.17,203.27,200.12,202.86,,2025-09-07 00:00:00+00:00
1757217600,202.85,203.3,202.23,202.99,,2025-09-07 04:00:00+00:00
1757232000,203.0,203.99,202.72,203.96,,2025-09-07 08:00:00+00:00
1757246400,203.96,205.55,203.08,205.2,,2025-09-07 12:00:00+00:00
1757260800,205.2,205.48,201.48,203.08,,2025-09-07 16:00:00+00:00
1757275200,203.08,207.95,202.58,206.35,,2025-09-07 20:00:00+00:00
1757289600,206.35,209.0,205.59,207.65,,2025-09-08 00:00:00+00:00
1757304000,207.64,208.87,206.66,207.92,,2025-09-08 04:00:00+00:00
1757318400,207.91,215.84,207.39,214.28,,2025-09-08 08:00:00+00:00
1757332800,214.28,216.83,212.8,215.04,,2025-09-08 12:00:00+00:00
1757347200,215.04,217.11,213.88,216.15,,2025-09-08 16:00:00+00:00
1757361600,216.16,216.22,213.55,214.11,,2025-09-08 20:00:00+00:00
1757376000,214.11,214.91,210.79,214.63,,2025-09-09 00:00:00+00:00
1757390400,214.62,219.79,213.96,219.23,,2025-09-09 04:00:00+00:00
1757404800,219.23,219.5,217.0,217.25,,2025-09-09 08:00:00+00:00
1757419200,217.24,218.54,211.69,213.07,,2025-09-09 12:00:00+00:00
1757433600,213.07,216.99,213.0,216.34,,2025-09-09 16:00:00+00:00
1757448000,216.35,217.8,215.01,217.21,,2025-09-09 20:00:00+00:00
1757462400,217.22,219.65,215.09,219.2,,2025-09-10 00:00:00+00:00
1757476800,219.2,222.89,217.82,222.25,,2025-09-10 04:00:00+00:00
1757491200,222.25,222.45,218.77,220.25,,2025-09-10 08:00:00+00:00
1757505600,220.24,226.0,219.74,223.17,,2025-09-10 12:00:00+00:00
1757520000,223.16,224.13,220.53,221.23,,2025-09-10 16:00:00+00:00
1757534400,221.23,224.65,220.95,224.07,,2025-09-10 20:00:00+00:00
1757548800,224.06,225.59,222.94,224.17,,2025-09-11 00:00:00+00:00
1757563200,224.17,224.29,221.72,223.23,,2025-09-11 04:00:00+00:00
1757577600,223.23,225.85,222.28,225.03,,2025-09-11 08:00:00+00:00
1757592000,225.04,228.95,222.79,226.82,,2025-09-11 12:00:00+00:00
1757606400,226.82,228.37,225.3,226.71,,2025-09-11 16:00:00+00:00
1757620800,226.69,228.94,225.47,228.73,,2025-09-11 20:00:00+00:00
1757635200,228.73,235.81,228.11,235.09,,2025-09-12 00:00:00+00:00
1757649600,235.08,239.86,234.22,237.33,,2025-09-12 04:00:00+00:00
1757664000,237.33,239.55,236.72,239.18,,2025-09-12 08:00:00+00:00
1757678400,239.18,241.84,237.56,239.31,,2025-09-12 12:00:00+00:00
1757692800,239.32,241.48,237.94,241.0,,2025-09-12 16:00:00+00:00
1757707200,241.0,244.04,238.33,242.18,,2025-09-12 20:00:00+00:00
1757721600,242.18,244.14,240.68,243.61,,2025-09-13 00:00:00+00:00
1757736000,243.62,243.67,241.23,242.46,,2025-09-13 04:00:00+00:00
1757750400,242.45,243.72,241.26,241.93,,2025-09-13 08:00:00+00:00
1757764800,241.93,243.09,237.93,239.43,,2025-09-13 12:00:00+00:00
1757779200,239.43,239.69,235.73,238.98,,2025-09-13 16:00:00+00:00
1757793600,238.98,243.18,238.84,242.38,,2025-09-13 20:00:00+00:00
1757808000,242.38,249.6,242.2,246.89,,2025-09-14 00:00:00+00:00
1757822400,246.89,248.4,244.5,246.39,,2025-09-14 04:00:00+00:00
1757836800,246.4,248.09,245.58,246.09,,2025-09-14 08:00:00+00:00
1757851200,246.1,246.77,241.53,243.81,,2025-09-14 12:00:00+00:00
1757865600,243.81,248.45,242.13,242.51,,2025-09-14 16:00:00+00:00
1757880000,242.5,244.72,239.23,239.76,,2025-09-14 20:00:00+00:00
1757894400,239.75,243.41,239.15,242.64,,2025-09-15 00:00:00+00:00
1757908800,242.65,244.0,236.17,237.98,,2025-09-15 04:00:00+00:00
1757923200,237.98,238.11,231.55,236.45,,2025-09-15 08:00:00+00:00
1757937600,236.46,238.16,231.96,233.0,,2025-09-15 12:00:00+00:00
1757952000,233.0,234.67,230.15,233.0,,2025-09-15 16:00:00+00:00
1757966400,232.99,235.37,232.78,234.31,,2025-09-15 20:00:00+00:00
1757980800,234.32,235.8,232.87,235.08,,2025-09-16 00:00:00+00:00
1757995200,235.09,237.03,232.97,235.77,,2025-09-16 04:00:00+00:00
1758009600,235.77,236.93,234.77,235.37,,2025-09-16 08:00:00+00:00
1758024000,235.36,238.09,231.26,237.79,,2025-09-16 12:00:00+00:00
1758038400,237.79,240.95,236.24,237.82,,2025-09-16 16:00:00+00:00
1758052800,237.82,239.03,236.44,236.96,,2025-09-16 20:00:00+00:00
1758067200,236.96,237.85,233.84,234.07,,2025-09-17 00:00:00+00:00
1758081600,234.07,238.09,233.2,237.69,,2025-09-17 04:00:00+00:00
1758096000,237.69,237.73,233.66,234.17,,2025-09-17 08:00:00+00:00
1758110400,234.18,235.99,233.56,233.9,,2025-09-17 12:00:00+00:00
1758124800,233.9,239.1,232.23,238.74,,2025-09-17 16:00:00+00:00
1758139200,238.74,246.62,236.01,244.84,,2025-09-17 20:00:00+00:00
1758153600,244.84,247.99,244.16,246.72,,2025-09-18 00:00:00+00:00
1758168000,246.71,246.97,242.58,244.75,,2025-09-18 04:00:00+00:00
1758182400,244.75,247.17,244.34,245.97,,2025-09-18 08:00:00+00:00
1758196800,245.96,248.99,245.01,248.24,,2025-09-18 12:00:00+00:00
1758211200,248.25,253.51,247.33,248.36,,2025-09-18 16:00:00+00:00
1758225600,248.36,249.22,245.88,247.5,,2025-09-18 20:00:00+00:00
1758240000,247.5,248.57,244.66,245.0,,2025-09-19 00:00:00+00:00
1758254400,245.0,245.73,242.83,243.82,,2025-09-19 04:00:00+00:00
1758268800,243.81,244.83,240.0,240.91,,2025-09-19 08:00:00+00:00
1758283200,240.92,242.71,235.81,237.54,,2025-09-19 12:00:00+00:00
1758297600,237.54,238.87,235.12,235.98,,2025-09-19 16:00:00+00:00
1758312000,235.98,238.85,235.98,238.53,,2025-09-19 20:00:00+00:00
1758326400,238.53,239.96,237.36,238.09,,2025-09-20 00:00:00+00:00
1758340800,238.09,239.78,237.73,239.78,,2025-09-20 04:00:00+00:00
1758355200,239.77,239.78,236.91,238.14,,2025-09-20 08:00:00+00:00
1758369600,238.14,241.22,237.05,240.1,,2025-09-20 12:00:00+00:00
1758384000,240.11,241.1,237.97,238.64,,2025-09-20 16:00:00+00:00
1758398400,238.64,240.31,238.44,239.48,,2025-09-20 20:00:00+00:00
1758412800,239.48,241.79,238.96,241.78,,2025-09-21 00:00:00+00:00
1758427200,241.78,241.82,239.45,239.87,,2025-09-21 04:00:00+00:00
1758441600,239.87,240.09,237.1,238.64,,2025-09-21 08:00:00+00:00
1758456000,238.64,240.28,237.7,237.91,,2025-09-21 12:00:00+00:00
1758470400,237.91,238.41,236.08,237.99,,2025-09-21 16:00:00+00:00
1758484800,237.99,238.11,235.32,236.16,,2025-09-21 20:00:00+00:00
1758499200,236.16,236.96,230.5,232.81,,2025-09-22 00:00:00+00:00
1758513600,232.81,233.16,214.5,221.88,,2025-09-22 04:00:00+00:00
1758528000,221.88,222.78,219.32,221.49,,2025-09-22 08:00:00+00:00
1758542400,221.49,224.03,219.91,220.73,,2025-09-22 12:00:00+00:00
1758556800,220.73,221.53,216.56,217.1,,2025-09-22 16:00:00+00:00
1758571200,217.1,221.1,216.45,220.38,,2025-09-22 20:00:00+00:00
1758585600,220.39,221.41,212.34,216.94,,2025-09-23 00:00:00+00:00
1758600000,216.94,220.26,214.02,219.0,,2025-09-23 04:00:00+00:00
1758614400,219.0,220.86,217.87,219.34,,2025-09-23 08:00:00+00:00
1758628800,219.33,220.65,216.97,219.28,,2025-09-23 12:00:00+00:00
1758643200,219.27,221.71,214.35,214.52,,2025-09-23 16:00:00+00:00
1758657600,214.51,216.68,212.96,213.3,,2025-09-23 20:00:00+00:00
1758672000,213.29,216.45,207.41,208.51,,2025-09-24 00:00:00+00:00
1758686400,208.5,211.43,204.81,210.63,,2025-09-24 04:00:00+00:00
1758700800,210.63,212.6,209.83,212.35,,2025-09-24 08:00:00+00:00
1758715200,212.36,216.24,211.41,213.61,,2025-09-24 12:00:00+00:00
1758729600,213.6,215.51,212.41,213.18,,2025-09-24 16:00:00+00:00
1758744000,213.18,213.24,210.72,211.6,,2025-09-24 20:00:00+00:00
1758758400,211.61,212.44,206.02,207.3,,2025-09-25 00:00:00+00:00
1758772800,207.3,207.63,202.76,204.19,,2025-09-25 04:00:00+00:00
1758787200,204.19,205.91,200.69,201.35,,2025-09-25 08:00:00+00:00
1758801600,201.34,204.06,197.03,201.15,,2025-09-25 12:00:00+00:00
1758816000,201.14,201.95,193.6,198.09,,2025-09-25 16:00:00+00:00
1758830400,198.09,198.7,191.32,192.74,,2025-09-25 20:00:00+00:00
1758844800,192.73,197.55,192.53,196.47,,2025-09-26 00:00:00+00:00
1758859200,196.47,197.42,193.75,196.31,,2025-09-26 04:00:00+00:00
1758873600,196.31,196.98,190.8,193.47,,2025-09-26 08:00:00+00:00
1758888000,193.46,198.31,192.15,196.02,,2025-09-26 12:00:00+00:00
1758902400,196.02,202.66,195.81,200.68,,2025-09-26 16:00:00+00:00
1758916800,200.68,205.52,199.56,205.17,,2025-09-26 20:00:00+00:00
1758931200,205.16,205.43,203.57,203.88,,2025-09-27 00:00:00+00:00
1758945600,203.88,204.12,201.52,202.05,,2025-09-27 04:00:00+00:00
1758960000,202.05,202.21,199.88,201.71,,2025-09-27 08:00:00+00:00
1758974400,201.71,203.77,200.97,203.52,,2025-09-27 12:00:00+00:00
1758988800,203.52,203.61,200.85,202.19,,2025-09-27 16:00:00+00:00
1759003200,202.19,204.89,201.89,203.46,,2025-09-27 20:00:00+00:00
1759017600,203.47,204.07,200.74,201.4,,2025-09-28 00:00:00+00:00
1759032000,201.4,202.45,200.38,202.1,,2025-09-28 04:00:00+00:00
1759046400,202.1,202.7,199.23,199.86,,2025-09-28 08:00:00+00:00
1759060800,199.86,203.55,198.0,203.42,,2025-09-28 12:00:00+00:00
1759075200,203.43,206.67,203.26,206.18,,2025-09-28 16:00:00+00:00
1759089600,206.18,211.0,206.02,210.83,,2025-09-28 20:00:00+00:00
1759104000,210.83,210.89,208.74,210.28,,2025-09-29 00:00:00+00:00
1759118400,210.27,210.64,207.37,208.95,,2025-09-29 04:00:00+00:00
1759132800,208.94,209.69,206.02,207.07,,2025-09-29 08:00:00+00:00
1759147200,207.07,213.5,204.58,210.07,,2025-09-29 12:00:00+00:00
1759161600,210.07,213.5,207.67,212.93,,2025-09-29 16:00:00+00:00
1759176000,212.93,214.74,212.43,212.75,,2025-09-29 20:00:00+00:00
1759190400,212.74,213.67,209.83,210.71,,2025-09-30 00:00:00+00:00
1759204800,210.71,211.72,208.55,209.0,,2025-09-30 04:00:00+00:00
1759219200,208.99,209.0,205.53,207.08,,2025-09-30 08:00:00+00:00
1759233600,207.07,209.64,204.65,206.0,,2025-09-30 12:00:00+00:00
1759248000,205.99,209.21,204.29,208.92,,2025-09-30 16:00:00+00:00
1759262400,208.92,210.98,207.42,208.68,,2025-09-30 20:00:00+00:00
1759276800,208.68,210.9,206.43,206.69,,2025-10-01 00:00:00+00:00
1759291200,206.68,210.34,206.31,210.18,,2025-10-01 04:00:00+00:00
1759305600,210.18,217.95,209.86,217.75,,2025-10-01 08:00:00+00:00
1759320000,217.75,220.66,217.16,220.25,,2025-10-01 12:00:00+00:00
1759334400,220.24,221.0,217.34,220.05,,2025-10-01 16:00:00+00:00
1759348800,220.05,222.77,218.41,222.04,,2025-10-01 20:00:00+00:00
1759363200,222.04,225.06,219.52,223.8,,2025-10-02 00:00:00+00:00
1759377600,223.81,226.74,222.43,222.9,,2025-10-02 04:00:00+00:00
1759392000,222.91,226.7,222.69,225.27,,2025-10-02 08:00:00+00:00
1759406400,225.28,227.44,222.61,227.18,,2025-10-02 12:00:00+00:00
1759420800,227.19,233.79,226.24,232.3,,2025-10-02 16:00:00+00:00
1759435200,232.29,234.99,230.81,234.74,,2025-10-02 20:00:00+00:00
1759449600,234.74,234.84,230.56,232.26,,2025-10-03 00:00:00+00:00
1759464000,232.26,233.23,227.68,229.41,,2025-10-03 04:00:00+00:00
1759478400,229.42,231.79,227.76,230.78,,2025-10-03 08:00:00+00:00
1759492800,230.79,234.98,227.13,234.79,,2025-10-03 12:00:00+00:00
1759507200,234.79,237.0,228.33,233.17,,2025-10-03 16:00:00+00:00
1759521600,233.18,233.99,230.72,232.84,,2025-10-03 20:00:00+00:00
1759536000,232.84,234.05,227.93,229.25,,2025-10-04 00:00:00+00:00
1759550400,229.24,230.53,228.73,229.11,,2025-10-04 04:00:00+00:00
1759564800,229.1,229.92,228.21,229.19,,2025-10-04 08:00:00+00:00
1759579200,229.19,229.84,224.31,224.88,,2025-10-04 12:00:00+00:00
1759593600,224.87,227.02,224.07,226.91,,2025-10-04 16:00:00+00:00
1759608000,226.91,228.29,226.91,227.86,,2025-10-04 20:00:00+00:00
1759622400,227.86,232.29,226.45,230.91,,2025-10-05 00:00:00+00:00
1759636800,230.91,236.93,230.9,236.59,,2025-10-05 04:00:00+00:00
1759651200,236.58,237.22,230.76,232.66,,2025-10-05 08:00:00+00:00
1759665600,232.66,232.67,228.42,230.14,,2025-10-05 12:00:00+00:00
1759680000,230.13,231.47,226.72,227.07,,2025-10-05 16:00:00+00:00
1759694400,227.07,229.26,226.7,228.56,,2025-10-05 20:00:00+00:00
1759708800,228.56,233.3,227.55,232.24,,2025-10-06 00:00:00+00:00
1759723200,232.23,234.86,230.17,231.36,,2025-10-06 04:00:00+00:00
1759737600,231.37,234.15,231.37,233.02,,2025-10-06 08:00:00+00:00
1759752000,233.02,236.67,232.63,235.64,,2025-10-06 12:00:00+00:00
1759766400,235.64,237.79,234.05,235.35,,2025-10-06 16:00:00+00:00
1759780800,235.34,236.15,231.64,232.35,,2025-10-06 20:00:00+00:00
1759795200,232.35,233.98,231.0,233.95,,2025-10-07 00:00:00+00:00
1759809600,233.95,235.21,229.41,231.01,,2025-10-07 04:00:00+00:00
1759824000,231.01,231.64,228.22,230.44,,2025-10-07 08:00:00+00:00
1759838400,230.44,231.59,220.8,223.79,,2025-10-07 12:00:00+00:00
1759852800,223.79,225.31,220.71,221.69,,2025-10-07 16:00:00+00:00
1759867200,221.7,224.28,219.7,219.97,,2025-10-07 20:00:00+00:00
1759881600,219.98,222.78,217.91,218.31,,2025-10-08 00:00:00+00:00
1759896000,218.3,220.98,217.3,220.95,,2025-10-08 04:00:00+00:00
1759910400,220.95,222.64,220.65,221.2,,2025-10-08 08:00:00+00:00
1759924800,221.2,224.18,218.78,221.19,,2025-10-08 12:00:00+00:00
1759939200,221.2,229.67,220.71,229.34,,2025-10-08 16:00:00+00:00
1759953600,229.34,229.72,227.42,229.02,,2025-10-08 20:00:00+00:00
1759968000,229.03,229.69,223.84,226.19,,2025-10-09 00:00:00+00:00
1759982400,226.19,228.87,224.14,224.5,,2025-10-09 04:00:00+00:00
1759996800,224.49,224.81,219.32,223.14,,2025-10-09 08:00:00+00:00
1760011200,223.14,226.32,218.62,219.11,,2025-10-09 12:00:00+00:00
1760025600,219.11,220.14,216.53,218.29,,2025-10-09 16:00:00+00:00
1760040000,218.29,221.64,217.56,220.93,,2025-10-09 20:00:00+00:00
1760054400,220.93,222.87,219.5,221.65,,2025-10-10 00:00:00+00:00
1760068800,221.64,222.9,217.92,218.12,,2025-10-10 04:00:00+00:00
1760083200,218.13,221.56,217.4,221.14,,2025-10-10 08:00:00+00:00
1760097600,221.15,224.46,209.01,210.7,,2025-10-10 12:00:00+00:00
1760112000,210.69,213.06,203.43,205.32,,2025-10-10 16:00:00+00:00
1760126400,205.31,207.8,168.79,188.43,,2025-10-10 20:00:00+00:00
1760140800,188.43,191.05,182.16,184.85,,2025-10-11 00:00:00+00:00
1760155200,184.86,186.88,180.0,182.75,,2025-10-11 04:00:00+00:00
1760169600,182.75,189.5,181.76,183.85,,2025-10-11 08:00:00+00:00
1760184000,183.85,185.05,180.77,183.71,,2025-10-11 12:00:00+00:00
1760198400,183.71,184.64,176.6,177.57,,2025-10-11 16:00:00+00:00
1760212800,177.57,178.78,172.58,177.62,,2025-10-11 20:00:00+00:00
1760227200,177.63,178.5,173.0,177.06,,2025-10-12 00:00:00+00:00
1760241600,177.06,182.97,176.61,182.55,,2025-10-12 04:00:00+00:00
1760256000,182.54,182.8,180.33,180.96,,2025-10-12 08:00:00+00:00
1760270400,180.96,191.8,178.2,191.23,,2025-10-12 12:00:00+00:00
1760284800,191.23,196.6,191.22,195.85,,2025-10-12 16:00:00+00:00
1760299200,195.86,199.0,193.12,197.0,,2025-10-12 20:00:00+00:00
1760313600,196.99,199.99,194.34,194.81,,2025-10-13 00:00:00+00:00
1760328000,194.82,199.5,192.91,196.81,,2025-10-13 04:00:00+00:00
1760342400,196.8,198.68,190.02,192.56,,2025-10-13 08:00:00+00:00
1760356800,192.56,197.66,191.31,196.42,,2025-10-13 12:00:00+00:00
1760371200,196.42,208.75,196.23,207.1,,2025-10-13 16:00:00+00:00
1760385600,207.1,209.28,206.81,208.69,,2025-10-13 20:00:00+00:00
1760400000,208.69,211.25,204.96,205.71,,2025-10-14 00:00:00+00:00
1760414400,205.72,205.95,192.0,194.47,,2025-10-14 04:00:00+00:00
1760428800,194.46,197.58,191.03,195.32,,2025-10-14 08:00:00+00:00
1760443200,195.33,202.64,191.5,202.22,,2025-10-14 12:00:00+00:00
1760457600,202.23,206.48,197.05,198.54,,2025-10-14 16:00:00+00:00
1760472000,198.54,203.42,198.17,202.44,,2025-10-14 20:00:00+00:00
1760486400,202.45,205.82,200.89,201.65,,2025-10-15 00:00:00+00:00
1760500800,201.65,205.45,200.47,204.66,,2025-10-15 04:00:00+00:00
1760515200,204.65,208.91,202.04,202.6,,2025-10-15 08:00:00+00:00
1760529600,202.59,204.87,196.18,197.13,,2025-10-15 12:00:00+00:00
1760544000,197.14,198.73,194.18,194.81,,2025-10-15 16:00:00+00:00
1760558400,194.81,196.62,192.04,193.84,,2025-10-15 20:00:00+00:00
1760572800,193.84,196.19,193.17,193.63,,2025-10-16 00:00:00+00:00
1760587200,193.64,195.6,191.38,192.93,,2025-10-16 04:00:00+00:00
1760601600,192.93,197.16,186.37,196.81,,2025-10-16 08:00:00+00:00
1760616000,196.82,198.42,186.56,187.61,,2025-10-16 12:00:00+00:00
1760630400,187.61,192.33,183.56,185.04,,2025-10-16 16:00:00+00:00
1760644800,185.05,186.11,182.03,184.85,,2025-10-16 20:00:00+00:00
1760659200,184.84,187.55,184.27,187.09,,2025-10-17 00:00:00+00:00
1760673600,187.09,187.46,177.34,177.75,,2025-10-17 04:00:00+00:00
1760688000,177.75,182.7,174.06,181.45,,2025-10-17 08:00:00+00:00
1760702400,181.44,182.82,176.25,182.72,,2025-10-17 12:00:00+00:00
1760716800,182.71,185.41,181.42,181.98,,2025-10-17 16:00:00+00:00
1760731200,181.98,186.04,181.47,181.96,,2025-10-17 20:00:00+00:00
1760745600,181.97,185.54,181.75,184.8,,2025-10-18 00:00:00+00:00
1760760000,184.8,188.26,183.11,186.27,,2025-10-18 04:00:00+00:00
1760774400,186.26,187.18,184.4,186.1,,2025-10-18 08:00:00+00:00
1760788800,186.11,187.4,183.96,185.03,,2025-10-18 12:00:00+00:00
1760803200,185.04,186.41,183.2,186.34,,2025-10-18 16:00:00+00:00
1760817600,186.35,187.84,185.9,187.56,,2025-10-18 20:00:00+00:00
1760832000,187.55,187.87,184.88,187.04,,2025-10-19 00:00:00+00:00
1760846400,187.03,187.69,185.19,185.9,,2025-10-19 04:00:00+00:00
1760860800,185.89,190.05,183.19,188.99,,2025-10-19 08:00:00+00:00
1760875200,189.0,191.7,188.11,190.78,,2025-10-19 12:00:00+00:00
1760889600,190.77,192.29,188.33,188.88,,2025-10-19 16:00:00+00:00
1760904000,188.88,190.16,186.83,187.86,,2025-10-19 20:00:00+00:00
1760918400,187.86,191.75,183.82,191.21,,2025-10-20 00:00:00+00:00
1760932800,191.21,194.5,190.6,193.02,,2025-10-20 04:00:00+00:00
1760947200,193.02,194.18,191.0,192.2,,2025-10-20 08:00:00+00:00
1760961600,192.21,192.99,190.44,190.5,,2025-10-20 12:00:00+00:00
1760976000,190.51,190.51,185.56,188.83,,2025-10-20 16:00:00+00:00
1760990400,188.83,191.18,188.26,189.71,,2025-10-20 20:00:00+00:00
1761004800,189.71,190.21,185.31,185.57,,2025-10-21 00:00:00+00:00
1761019200,185.57,185.63,182.72,185.03,,2025-10-21 04:00:00+00:00
1761033600,185.04,186.75,183.77,186.29,,2025-10-21 08:00:00+00:00
1761048000,186.28,197.15,183.94,196.22,,2025-10-21 12:00:00+00:00
1761062400,196.22,197.71,192.11,193.96,,2025-10-21 16:00:00+00:00
1761076800,193.97,194.22,185.11,185.63,,2025-10-21 20:00:00+00:00
1761091200,185.62,187.45,184.14,185.24,,2025-10-22 00:00:00+00:00
1761105600,185.23,186.31,183.28,185.01,,2025-10-22 04:00:00+00:00
1761120000,185.01,185.98,181.92,185.05,,2025-10-22 08:00:00+00:00
1761134400,185.05,186.91,181.28,183.98,,2025-10-22 12:00:00+00:00
1761148800,183.99,184.96,177.07,180.2,,2025-10-22 16:00:00+00:00
1761163200,180.21,180.78,177.04,180.12,,2025-10-22 20:00:00+00:00
1761177600,180.13,183.4,179.68,182.86,,2025-10-23 00:00:00+00:00
1761192000,182.87,188.0,182.7,187.48,,2025-10-23 04:00:00+00:00
1761206400,187.48,189.49,187.48,187.98,,2025-10-23 08:00:00+00:00
1761220800,187.98,192.62,186.6,191.04,,2025-10-23 12:00:00+00:00
1761235200,191.04,193.45,190.1,191.15,,2025-10-23 16:00:00+00:00
1761249600,191.14,191.51,188.31,191.35,,2025-10-23 20:00:00+00:00
1761264000,191.36,193.85,190.85,191.31,,2025-10-24 00:00:00+00:00
1761278400,191.31,194.6,190.82,192.15,,2025-10-24 04:00:00+00:00
1761292800,192.15,193.45,190.58,192.13,,2025-10-24 08:00:00+00:00
1761307200,192.13,197.0,188.83,189.45,,2025-10-24 12:00:00+00:00
1761321600,189.45,193.64,188.83,193.09,,2025-10-24 16:00:00+00:00
1761336000,193.1,194.14,192.84,193.59,,2025-10-24 20:00:00+00:00
1761350400,193.58,194.49,192.45,193.47,,2025-10-25 00:00:00+00:00
1761364800,193.48,194.91,193.44,193.96,,2025-10-25 04:00:00+00:00
1761379200,193.97,195.25,191.19,192.71,,2025-10-25 08:00:00+00:00
1761393600,192.7,194.22,191.8,191.89,,2025-10-25 12:00:00+00:00
1761408000,191.88,194.65,191.42,194.53,,2025-10-25 16:00:00+00:00
1761422400,194.53,194.91,193.76,193.84,,2025-10-25 20:00:00+00:00
1761436800,193.84,194.36,191.9,192.97,,2025-10-26 00:00:00+00:00
1761451200,192.98,194.31,192.73,193.86,,2025-10-26 04:00:00+00:00
1761465600,193.85,197.9,193.73,197.75,,2025-10-26 08:00:00+00:00
1761480000,197.74,199.96,196.91,199.53,,2025-10-26 12:00:00+00:00
1761494400,199.53,199.67,198.18,198.87,,2025-10-26 16:00:00+00:00
1761508800,198.87,202.43,196.86,200.03,,2025-10-26 20:00:00+00:00
1761523200,200.03,205.08,199.48,204.33,,2025-10-27 00:00:00+00:00
1761537600,204.33,205.33,202.26,202.51,,2025-10-27 04:00:00+00:00
1761552000,202.5,202.54,198.02,200.18,,2025-10-27 08:00:00+00:00
1761566400,200.18,200.58,198.3,200.11,,2025-10-27 12:00:00+00:00
1761580800,200.11,203.25,199.82,200.03,,2025-10-27 16:00:00+00:00
1761595200,200.03,200.23,197.34,198.7,,2025-10-27 20:00:00+00:00
1761609600,198.71,202.05,198.41,201.27,,2025-10-28 00:00:00+00:00
1761624000,201.27,203.0,198.62,202.35,,2025-10-28 04:00:00+00:00
1761638400,202.36,203.99,199.14,199.73,,2025-10-28 08:00:00+00:00
1761652800,199.73,203.03,196.58,198.85,,2025-10-28 12:00:00+00:00
1761667200,198.86,201.28,194.48,195.35,,2025-10-28 16:00:00+00:00
1761681600,195.34,195.36,190.22,194.15,,2025-10-28 20:00:00+00:00
1761696000,194.16,195.09,192.68,193.89,,2025-10-29 00:00:00+00:00
1761710400,193.9,196.07,193.75,195.65,,2025-10-29 04:00:00+00:00
1761724800,195.65,199.37,193.78,198.74,,2025-10-29 08:00:00+00:00
1761739200,198.74,201.7,196.37,196.78,,2025-10-29 12:00:00+00:00
1761753600,196.78,198.77,189.37,192.76,,2025-10-29 16:00:00+00:00
1761768000,192.75,197.06,191.92,193.88,,2025-10-29 20:00:00+00:00
1761782400,193.89,198.19,192.12,197.1,,2025-10-30 00:00:00+00:00
1761796800,197.09,197.18,190.35,195.8,,2025-10-30 04:00:00+00:00
1761811200,195.79,196.11,191.01,191.85,,2025-10-30 08:00:00+00:00
1761825600,191.85,192.06,184.49,185.02,,2025-10-30 12:00:00+00:00
1761840000,185.01,186.35,178.65,179.06,,2025-10-30 16:00:00+00:00
1761854400,179.05,184.74,178.79,184.69,,2025-10-30 20:00:00+00:00
1761868800,184.69,186.91,183.7,185.15,,2025-10-31 00:00:00+00:00
1761883200,185.14,187.03,184.77,185.36,,2025-10-31 04:00:00+00:00
1761897600,185.36,189.22,184.58,188.89,,2025-10-31 08:00:00+00:00
1761912000,188.89,190.26,186.0,188.13,,2025-10-31 12:00:00+00:00
1761926400,188.12,189.04,184.38,188.42,,2025-10-31 16:00:00+00:00
1761940800,188.41,188.78,186.54,187.21,,2025-10-31 20:00:00+00:00
1761955200,187.21,187.48,185.5,187.2,,2025-11-01 00:00:00+00:00
1761969600,187.2,187.55,185.0,185.8,,2025-11-01 04:00:00+00:00
1761984000,185.79,186.72,185.28,186.22,,2025-11-01 08:00:00+00:00
1761998400,186.22,186.65,183.79,186.42,,2025-11-01 12:00:00+00:00
1762012800,186.42,187.12,184.87,186.27,,2025-11-01 16:00:00+00:00
1762027200,186.28,186.96,184.98,186.35,,2025-11-01 20:00:00+00:00
1762041600,186.35,186.37,184.66,185.29,,2025-11-02 00:00:00+00:00
1762056000,185.3,188.34,185.02,187.72,,2025-11-02 04:00:00+00:00
1762070400,187.72,187.95,184.45,186.15,,2025-11-02 08:00:00+00:00
1762084800,186.14,186.5,183.53,183.77,,2025-11-02 12:00:00+00:00
1762099200,183.77,184.68,182.0,184.02,,2025-11-02 16:00:00+00:00
1762113600,184.02,188.1,183.58,187.71,,2025-11-02 20:00:00+00:00
1762128000,187.71,189.13,176.73,177.57,,2025-11-03 00:00:00+00:00
1762142400,177.56,178.75,174.22,176.5,,2025-11-03 04:00:00+00:00
1762156800,176.51,176.92,173.0,175.32,,2025-11-03 08:00:00+00:00
1762171200,175.32,176.95,165.0,166.79,,2025-11-03 12:00:00+00:00
1762185600,166.79,171.0,165.61,166.74,,2025-11-03 16:00:00+00:00
1762200000,166.75,167.24,163.15,166.06,,2025-11-03 20:00:00+00:00
1762214400,166.06,168.42,164.18,167.66,,2025-11-04 00:00:00+00:00
1762228800,167.66,168.13,155.87,157.07,,2025-11-04 04:00:00+00:00
1762243200,157.07,162.25,156.41,161.71,,2025-11-04 08:00:00+00:00
1762257600,161.71,165.27,159.32,161.5,,2025-11-04 12:00:00+00:00
1762272000,161.5,162.36,152.26,154.62,,2025-11-04 16:00:00+00:00
1762286400,154.62,155.9,145.85,155.03,,2025-11-04 20:00:00+00:00
1762300800,155.04,157.42,147.29,156.93,,2025-11-05 00:00:00+00:00
1762315200,156.93,158.62,155.66,156.47,,2025-11-05 04:00:00+00:00
1762329600,156.47,157.63,153.67,157.48,,2025-11-05 08:00:00+00:00
1762344000,157.48,160.57,156.77,160.5,,2025-11-05 12:00:00+00:00
1762358400,160.5,163.93,158.57,162.53,,2025-11-05 16:00:00+00:00
1762372800,162.53,163.97,161.12,162.37,,2025-11-05 20:00:00+00:00
1762387200,162.37,162.91,159.7,162.45,,2025-11-06 00:00:00+00:00
1762401600,162.46,162.75,158.25,158.84,,2025-11-06 04:00:00+00:00
1762416000,158.84,159.9,157.66,158.85,,2025-11-06 08:00:00+00:00
1762430400,158.85,161.51,155.4,155.92,,2025-11-06 12:00:00+00:00
1762444800,155.92,158.67,153.8,156.89,,2025-11-06 16:00:00+00:00
1762459200,156.89,157.82,153.45,155.28,,2025-11-06 20:00:00+00:00
1762473600,155.27,158.62,154.22,156.85,,2025-11-07 00:00:00+00:00
1762488000,156.86,158.28,155.24,157.79,,2025-11-07 04:00:00+00:00
1762502400,157.79,158.21,151.67,153.85,,2025-11-07 08:00:00+00:00
1762516800,153.86,156.27,149.82,155.42,,2025-11-07 12:00:00+00:00
1762531200,155.42,164.48,154.4,164.17,,2025-11-07 16:00:00+00:00
1762545600,164.17,164.41,161.61,161.79,,2025-11-07 20:00:00+00:00
1762560000,161.8,164.89,160.59,162.52,,2025-11-08 00:00:00+00:00
1762574400,162.52,163.66,159.58,161.06,,2025-11-08 04:00:00+00:00
1762588800,161.05,162.34,159.01,159.39,,2025-11-08 08:00:00+00:00
1762603200,159.39,159.7,155.9,156.65,,2025-11-08 12:00:00+00:00
1762617600,156.65,158.18,155.8,157.36,,2025-11-08 16:00:00+00:00
1762632000,157.36,158.44,157.22,158.02,,2025-11-08 20:00:00+00:00
1762646400,158.01,158.32,155.11,155.88,,2025-11-09 00:00:00+00:00
1762660800,155.89,159.58,155.85,159.3,,2025-11-09 04:00:00+00:00
1762675200,159.29,159.94,157.28,159.06,,2025-11-09 08:00:00+00:00
1762689600,159.06,163.98,158.59,162.53,,2025-11-09 12:00:00+00:00
1762704000,162.53,166.31,161.23,166.15,,2025-11-09 16:00:00+00:00
1762718400,166.16,166.57,163.93,164.53,,2025-11-09 20:00:00+00:00
1762732800,164.53,168.76,163.42,168.12,,2025-11-10 00:00:00+00:00
1762747200,168.13,168.92,166.38,167.38,,2025-11-10 04:00:00+00:00
1762761600,167.38,169.81,166.11,168.33,,2025-11-10 08:00:00+00:00
1762776000,168.32,170.48,165.2,166.26,,2025-11-10 12:00:00+00:00
1762790400,166.26,168.49,165.25,167.19,,2025-11-10 16:00:00+00:00
1762804800,167.19,168.41,164.81,167.31,,2025-11-10 20:00:00+00:00
1762819200,167.31,171.94,166.0,169.97,,2025-11-11 00:00:00+00:00
1762833600,169.97,170.11,163.57,163.98,,2025-11-11 04:00:00+00:00
1762848000,163.98,164.97,162.7,163.69,,2025-11-11 08:00:00+00:00
1762862400,163.69,164.37,160.0,160.89,,2025-11-11 12:00:00+00:00
1762876800,160.88,161.22,157.42,157.58,,2025-11-11 16:00:00+00:00
1762891200,157.59,157.87,153.93,154.63,,2025-11-11 20:00:00+00:00
1762905600,154.63,155.58,153.59,154.57,,2025-11-12 00:00:00+00:00
1762920000,154.58,156.57,154.2,155.02,,2025-11-12 04:00:00+00:00
1762934400,155.03,161.14,155.0,160.03,,2025-11-12 08:00:00+00:00
1762948800,160.03,161.06,155.23,155.73,,2025-11-12 12:00:00+00:00
1762963200,155.73,156.21,151.2,153.05,,2025-11-12 16:00:00+00:00
1762977600,153.04,154.68,152.54,153.42,,2025-11-12 20:00:00+00:00
1762992000,153.43,155.78,150.42,154.33,,2025-11-13 00:00:00+00:00
1763006400,154.33,157.2,153.4,155.31,,2025-11-13 04:00:00+00:00
1763020800,155.3,156.5,153.86,156.3,,2025-11-13 08:00:00+00:00
1763035200,156.3,156.96,152.26,153.13,,2025-11-13 12:00:00+00:00
1763049600,153.12,153.41,142.04,142.73,,2025-11-13 16:00:00+00:00
1763064000,142.73,146.25,141.04,144.73,,2025-11-13 20:00:00+00:00
1763078400,144.74,145.68,142.8,144.28,,2025-11-14 00:00:00+00:00
1763092800,144.27,144.48,138.71,142.85,,2025-11-14 04:00:00+00:00
1763107200,142.85,143.19,139.84,140.77,,2025-11-14 08:00:00+00:00
1763121600,140.76,143.76,135.76,142.23,,2025-11-14 12:00:00+00:00
1763136000,142.23,144.22,140.57,143.14,,2025-11-14 16:00:00+00:00
1763150400,143.14,143.24,137.2,138.92,,2025-11-14 20:00:00+00:00
1763164800,138.93,143.35,138.75,142.53,,2025-11-15 00:00:00+00:00
1763179200,142.54,143.59,141.81,142.76,,2025-11-15 04:00:00+00:00
1763193600,142.75,142.84,139.97,140.22,,2025-11-15 08:00:00+00:00
1763208000,140.21,142.26,139.98,141.72,,2025-11-15 12:00:00+00:00
1763222400,141.72,144.69,140.81,141.77,,2025-11-15 16:00:00+00:00
1763236800,141.78,141.96,138.61,139.61,,2025-11-15 20:00:00+00:00
1763251200,139.6,141.52,137.39,141.43,,2025-11-16 00:00:00+00:00
1763265600,141.43,142.46,140.73,142.31,,2025-11-16 04:00:00+00:00
1763280000,142.31,143.38,139.5,139.92,,2025-11-16 08:00:00+00:00
1763294400,139.91,140.85,137.15,137.48,,2025-11-16 12:00:00+00:00
1763308800,137.47,138.51,134.42,136.83,,2025-11-16 16:00:00+00:00
1763323200,136.83,138.17,134.91,137.17,,2025-11-16 20:00:00+00:00
1763337600,137.17,140.79,136.09,140.28,,2025-11-17 00:00:00+00:00
1763352000,140.28,141.85,139.66,141.33,,2025-11-17 04:00:00+00:00
1763366400,141.33,142.8,140.94,141.9,,2025-11-17 08:00:00+00:00
1763380800,141.9,143.28,136.8,137.16,,2025-11-17 12:00:00+00:00
1763395200,137.16,137.21,129.37,129.65,,2025-11-17 16:00:00+00:00
1763409600,129.64,131.97,128.82,130.99,,2025-11-17 20:00:00+00:00
1763424000,131.0,135.23,129.0,134.51,,2025-11-18 00:00:00+00:00
1763438400,134.52,137.81,132.52,136.92,,2025-11-18 04:00:00+00:00
1763452800,136.93,139.12,136.47,137.88,,2025-11-18 08:00:00+00:00
1763467200,137.88,142.17,136.84,139.7,,2025-11-18 12:00:00+00:00
1763481600,139.7,142.12,138.77,141.44,,2025-11-18 16:00:00+00:00
1763496000,141.45,142.12,139.66,140.69,,2025-11-18 20:00:00+00:00
1763510400,140.68,142.84,139.29,139.81,,2025-11-19 00:00:00+00:00
1763524800,139.8,141.14,137.12,140.58,,2025-11-19 04:00:00+00:00
1763539200,140.57,141.03,138.35,138.56,,2025-11-19 08:00:00+00:00
1763553600,138.57,139.23,134.42,134.62,,2025-11-19 12:00:00+00:00
1763568000,134.61,135.45,130.53,131.74,,2025-11-19 16:00:00+00:00
1763582400,131.74,137.06,131.36,137.06,,2025-11-19 20:00:00+00:00
1763596800,137.06,144.46,136.38,143.18,,2025-11-20 00:00:00+00:00
1763611200,143.18,144.8,142.19,143.8,,2025-11-20 04:00:00+00:00
1763625600,143.8,143.96,141.07,142.12,,2025-11-20 08:00:00+00:00
1763640000,142.12,143.39,138.35,138.57,,2025-11-20 12:00:00+00:00
1763654400,138.56,138.74,131.11,133.92,,2025-11-20 16:00:00+00:00
1763668800,133.91,136.68,132.66,133.67,,2025-11-20 20:00:00+00:00
1763683200,133.67,135.06,131.03,132.62,,2025-11-21 00:00:00+00:00
1763697600,132.62,133.1,122.2,127.55,,2025-11-21 04:00:00+00:00
1763712000,127.55,129.45,123.79,124.32,,2025-11-21 08:00:00+00:00
1763726400,124.32,129.61,121.66,125.41,,2025-11-21 12:00:00+00:00
1763740800,125.4,130.62,123.58,128.12,,2025-11-21 16:00:00+00:00
1763755200,128.12,129.36,125.11,128.68,,2025-11-21 20:00:00+00:00
1763769600,128.69,129.94,126.82,127.13,,2025-11-22 00:00:00+00:00
1763784000,127.13,128.39,125.35,127.74,,2025-11-22 04:00:00+00:00
1763798400,127.74,127.74,125.32,126.68,,2025-11-22 08:00:00+00:00
1763812800,126.68,127.79,125.08,127.13,,2025-11-22 12:00:00+00:00
1763827200,127.13,128.6,126.79,127.2,,2025-11-22 16:00:00+00:00
1763841600,127.2,128.92,126.1,127.59,,2025-11-22 20:00:00+00:00
1763856000,127.6,130.8,127.56,129.96,,2025-11-23 00:00:00+00:00
1763870400,129.95,131.9,128.11,128.86,,2025-11-23 04:00:00+00:00
1763884800,128.86,130.99,128.83,129.75,,2025-11-23 08:00:00+00:00
1763899200,129.76,133.13,129.65,132.87,,2025-11-23 12:00:00+00:00
1763913600,132.88,133.47,130.84,132.38,,2025-11-23 16:00:00+00:00
1763928000,132.39,133.54,130.52,130.58,,2025-11-23 20:00:00+00:00
1763942400,130.58,134.41,129.31,133.43,,2025-11-24 00:00:00+00:00
1763956800,133.42,133.93,130.19,130.34,,2025-11-24 04:00:00+00:00
1763971200,130.33,130.76,128.44,129.62,,2025-11-24 08:00:00+00:00
1763985600,129.61,132.6,128.54,131.94,,2025-11-24 12:00:00+00:00
1764000000,131.93,138.0,131.82,137.24,,2025-11-24 16:00:00+00:00
1764014400,137.24,139.87,137.24,138.44,,2025-11-24 20:00:00+00:00
1764028800,138.43,138.99,137.25,137.8,,2025-11-25 00:00:00+00:00
1764043200,137.8,138.97,136.3,136.33,,2025-11-25 04:00:00+00:00
1764057600,136.33,136.84,134.73,136.29,,2025-11-25 08:00:00+00:00
1764072000,136.29,136.98,133.13,134.86,,2025-11-25 12:00:00+00:00
1764086400,134.86,138.02,134.24,136.72,,2025-11-25 16:00:00+00:00
1764100800,136.73,140.5,135.98,138.96,,2025-11-25 20:00:00+00:00
1764115200,138.96,140.68,137.92,138.15,,2025-11-26 00:00:00+00:00
1764129600,138.15,139.95,137.72,139.89,,2025-11-26 04:00:00+00:00
1764144000,139.88,139.93,136.21,136.87,,2025-11-26 08:00:00+00:00
1764158400,136.86,138.29,135.5,136.66,,2025-11-26 12:00:00+00:00
1764172800,136.67,144.75,136.46,143.99,,2025-11-26 16:00:00+00:00
1764187200,143.99,144.23,142.51,143.02,,2025-11-26 20:00:00+00:00
1764201600,143.01,144.14,142.07,142.52,,2025-11-27 00:00:00+00:00
1764216000,142.52,144.29,142.33,143.77,,2025-11-27 04:00:00+00:00
1764230400,143.77,143.9,141.51,142.08,,2025-11-27 08:00:00+00:00
1764244800,142.08,142.54,140.67,142.15,,2025-11-27 12:00:00+00:00
1764259200,142.15,143.15,141.43,142.73,,2025-11-27 16:00:00+00:00
1764273600,142.73,142.91,140.47,140.85,,2025-11-27 20:00:00+00:00
1764288000,140.85,141.45,138.59,139.68,,2025-11-28 00:00:00+00:00
1764302400,139.68,140.6,138.97,138.97,,2025-11-28 04:00:00+00:00
1764316800,138.98,142.64,138.95,140.99,,2025-11-28 08:00:00+00:00
1764331200,140.99,143.6,140.43,141.61,,2025-11-28 12:00:00+00:00
1764345600,141.62,141.65,136.01,137.53,,2025-11-28 16:00:00+00:00
1764360000,137.54,138.3,136.59,137.33,,2025-11-28 20:00:00+00:00
1764374400,137.33,137.89,136.7,136.83,,2025-11-29 00:00:00+00:00
1764388800,136.84,137.72,136.22,137.28,,2025-11-29 04:00:00+00:00
1764403200,137.28,137.48,136.39,137.33,,2025-11-29 08:00:00+00:00
1764417600,137.33,137.66,136.5,137.58,,2025-11-29 12:00:00+00:00
1764432000,137.58,138.1,134.76,135.68,,2025-11-29 16:00:00+00:00
1764446400,135.67,136.52,135.33,135.91,,2025-11-29 20:00:00+00:00
1764460800,135.92,136.8,135.25,136.4,,2025-11-30 00:00:00+00:00
1764475200,136.41,136.95,135.52,136.53,,2025-11-30 04:00:00+00:00
1764489600,136.52,137.1,136.12,136.42,,2025-11-30 08:00:00+00:00
1764504000,136.43,140.19,136.2,138.33,,2025-11-30 12:00:00+00:00
1764518400,138.34,139.82,137.37,137.63,,2025-11-30 16:00:00+00:00
1764532800,137.62,137.93,133.26,133.48,,2025-11-30 20:00:00+00:00
1764547200,133.48,133.74,126.53,126.97,,2025-12-01 00:00:00+00:00
1764561600,126.97,127.47,125.81,127.42,,2025-12-01 04:00:00+00:00
1764576000,127.41,128.09,126.86,127.12,,2025-12-01 08:00:00+00:00
1764590400,127.12,127.72,123.11,125.11,,2025-12-01 12:00:00+00:00
1764604800,125.11,125.34,123.27,123.86,,2025-12-01 16:00:00+00:00
1764619200,123.86,127.43,123.83,126.66,,2025-12-01 20:00:00+00:00
1764633600,126.66,128.54,126.02,127.23,,2025-12-02 00:00:00+00:00
1764648000,127.23,127.85,126.44,127.26,,2025-12-02 04:00:00+00:00
1764662400,127.26,128.84,126.01,128.31,,2025-12-02 08:00:00+00:00
1764676800,128.32,139.87,128.2,137.84,,2025-12-02 12:00:00+00:00
1764691200,137.83,140.88,137.38,140.25,,2025-12-02 16:00:00+00:00
1764705600,140.26,140.38,138.2,138.68,,2025-12-02 20:00:00+00:00
1764720000,138.67,140.65,137.76,140.33,,2025-12-03 00:00:00+00:00
1764734400,140.33,144.26,140.18,141.88,,2025-12-03 04:00:00+00:00
1764748800,141.89,142.67,140.75,141.72,,2025-12-03 08:00:00+00:00
1764763200,141.72,143.59,138.78,141.0,,2025-12-03 12:00:00+00:00
1764777600,141.0,142.39,139.87,141.28,,2025-12-03 16:00:00+00:00
1764792000,141.27,146.08,140.74,144.67,,2025-12-03 20:00:00+00:00
1764806400,144.67,146.91,143.64,144.67,,2025-12-04 00:00:00+00:00
1764820800,144.68,144.9,142.64,143.47,,2025-12-04 04:00:00+00:00
1764835200,143.47,144.2,142.7,143.06,,2025-12-04 08:00:00+00:00
1764849600,143.05,144.26,141.44,143.21,,2025-12-04 12:00:00+00:00
1764864000,143.2,143.85,137.8,139.67,,2025-12-04 16:00:00+00:00
1764878400,139.66,140.5,138.5,139.01,,2025-12-04 20:00:00+00:00
1764892800,139.01,140.2,138.3,138.56,,2025-12-05 00:00:00+00:00
1764907200,138.55,140.75,137.77,139.68,,2025-12-05 04:00:00+00:00
1764921600,139.67,139.67,136.13,137.02,,2025-12-05 08:00:00+00:00
1764936000,137.01,137.2,134.41,135.05,,2025-12-05 12:00:00+00:00
1764950400,135.04,135.2,130.73,132.5,,2025-12-05 16:00:00+00:00
1764964800,132.49,133.43,131.96,133.29,,2025-12-05 20:00:00+00:00
1764979200,133.29,134.13,132.8,133.74,,2025-12-06 00:00:00+00:00
1764993600,133.73,133.75,132.56,132.72,,2025-12-06 04:00:00+00:00
1765008000,132.73,133.29,131.88,133.22,,2025-12-06 08:00:00+00:00
1765022400,133.23,133.99,132.21,132.87,,2025-12-06 12:00:00+00:00
1765036800,132.88,133.54,131.78,132.06,,2025-12-06 16:00:00+00:00
1765051200,132.07,132.93,131.28,132.19,,2025-12-06 20:00:00+00:00
1765065600,132.2,133.59,131.93,133.5,,2025-12-07 00:00:00+00:00
1765080000,133.5,133.54,131.91,132.08,,2025-12-07 04:00:00+00:00
1765094400,132.09,132.59,131.53,132.44,,2025-12-07 08:00:00+00:00
1765108800,132.43,133.07,127.7,132.03,,2025-12-07 12:00:00+00:00
1765123200,132.03,136.29,130.49,135.72,,2025-12-07 16:00:00+00:00
1765137600,135.73,136.35,129.8,132.24,,2025-12-07 20:00:00+00:00
1765152000,132.25,134.71,131.52,134.32,,2025-12-08 00:00:00+00:00
1765166400,134.32,136.0,134.07,135.85,,2025-12-08 04:00:00+00:00
1765180800,135.85,139.36,135.65,138.37,,2025-12-08 08:00:00+00:00
1765195200,138.37,139.32,135.24,135.55,,2025-12-08 12:00:00+00:00
1765209600,135.54,136.54,133.02,133.67,,2025-12-08 16:00:00+00:00
1765224000,133.66,134.94,132.45,133.25,,2025-12-08 20:00:00+00:00
1765238400,133.24,134.42,132.47,134.18,,2025-12-09 00:00:00+00:00
1765252800,134.18,134.26,131.77,133.2,,2025-12-09 04:00:00+00:00
1765267200,133.21,133.42,132.01,132.95,,2025-12-09 08:00:00+00:00
1765281600,132.95,138.5,131.62,138.45,,2025-12-09 12:00:00+00:00
1765296000,138.46,144.93,138.45,142.1,,2025-12-09 16:00:00+00:00
1765310400,142.11,142.34,136.71,137.88,,2025-12-09 20:00:00+00:00
1765324800,137.87,138.61,137.19,138.15,,2025-12-10 00:00:00+00:00
1765339200,138.15,140.22,138.05,139.2,,2025-12-10 04:00:00+00:00
1765353600,139.2,139.88,136.33,137.24,,2025-12-10 08:00:00+00:00
1765368000,137.23,138.16,135.71,136.17,,2025-12-10 12:00:00+00:00
1765382400,136.16,139.64,135.73,138.67,,2025-12-10 16:00:00+00:00
1765396800,138.67,142.57,135.39,136.26,,2025-12-10 20:00:00+00:00
1765411200,136.26,136.43,129.0,129.39,,2025-12-11 00:00:00+00:00
1765425600,129.39,131.52,129.04,131.03,,2025-12-11 04:00:00+00:00
1765440000,131.03,131.41,130.15,130.93,,2025-12-11 08:00:00+00:00
1765454400,130.93,132.82,129.84,131.18,,2025-12-11 12:00:00+00:00
1765468800,131.17,135.58,130.12,133.91,,2025-12-11 16:00:00+00:00
1765483200,133.9,137.79,133.82,136.41,,2025-12-11 20:00:00+00:00
1765497600,136.41,137.95,135.35,137.08,,2025-12-12 00:00:00+00:00
1765512000,137.08,140.12,136.52,139.09,,2025-12-12 04:00:00+00:00
1765526400,139.09,139.15,137.19,138.71,,2025-12-12 08:00:00+00:00
1765540800,138.72,139.86,132.85,133.49,,2025-12-12 12:00:00+00:00
1765555200,133.48,133.95,130.35,131.27,,2025-12-12 16:00:00+00:00
1765569600,131.27,133.07,131.0,132.27,,2025-12-12 20:00:00+00:00
1765584000,132.28,133.0,132.28,132.88,,2025-12-13 00:00:00+00:00
1765598400,132.88,133.02,132.33,132.93,,2025-12-13 04:00:00+00:00
1765612800,132.94,134.28,132.93,133.32,,2025-12-13 08:00:00+00:00
1765627200,133.31,133.68,132.61,133.31,,2025-12-13 12:00:00+00:00
1765641600,133.3,133.82,132.11,132.72,,2025-12-13 16:00:00+00:00
1765656000,132.73,133.27,131.6,133.14,,2025-12-13 20:00:00+00:00
1765670400,133.13,133.66,132.71,132.95,,2025-12-14 00:00:00+00:00
1765684800,132.95,133.39,132.08,133.29,,2025-12-14 04:00:00+00:00
1765699200,133.28,133.5,130.14,131.47,,2025-12-14 08:00:00+00:00
1765713600,131.46,131.9,130.33,130.67,,2025-12-14 12:00:00+00:00
1765728000,130.67,131.6,129.4,130.31,,2025-12-14 16:00:00+00:00
1765742400,130.3,130.8,127.98,129.4,,2025-12-14 20:00:00+00:00
1765756800,129.39,133.25,129.29,131.16,,2025-12-15 00:00:00+00:00
1765771200,131.17,132.71,130.88,132.34,,2025-12-15 04:00:00+00:00
1765785600,132.34,133.03,132.06,132.26,,2025-12-15 08:00:00+00:00
1765800000,132.25,135.43,126.45,126.89,,2025-12-15 12:00:00+00:00
1765814400,126.89,127.3,123.63,125.02,,2025-12-15 16:00:00+00:00
1765828800,125.01,127.87,123.88,127.81,,2025-12-15 20:00:00+00:00
1765843200,127.81,128.03,124.94,126.51,,2025-12-16 00:00:00+00:00
1765857600,126.5,127.48,124.87,125.57,,2025-12-16 04:00:00+00:00
1765872000,125.57,129.04,125.43,128.63,,2025-12-16 08:00:00+00:00
1765886400,128.62,130.14,126.11,129.75,,2025-12-16 12:00:00+00:00
1765900800,129.75,129.85,126.77,127.73,,2025-12-16 16:00:00+00:00
1765915200,127.72,129.52,127.43,129.15,,2025-12-16 20:00:00+00:00
1765929600,129.15,129.82,128.21,128.24,,2025-12-17 00:00:00+00:00
1765944000,128.25,128.57,127.02,128.27,,2025-12-17 04:00:00+00:00
1765958400,128.26,128.26,125.96,127.62,,2025-12-17 08:00:00+00:00
1765972800,127.62,133.99,126.58,126.77,,2025-12-17 12:00:00+00:00
1765987200,126.76,127.98,121.36,122.39,,2025-12-17 16:00:00+00:00
1766001600,122.39,123.76,121.95,123.27,,2025-12-17 20:00:00+00:00
1766016000,123.28,124.16,122.98,123.65,,2025-12-18 00:00:00+00:00
1766030400,123.64,124.13,122.21,122.83,,2025-12-18 04:00:00+00:00
1766044800,122.83,124.15,122.46,124.07,,2025-12-18 08:00:00+00:00
1766059200,124.07,129.05,123.65,127.4,,2025-12-18 12:00:00+00:00
1766073600,127.41,127.5,117.44,117.56,,2025-12-18 16:00:00+00:00
1766088000,117.55,120.2,116.88,119.6,,2025-12-18 20:00:00+00:00
1766102400,119.6,122.54,117.61,121.59,,2025-12-19 00:00:00+00:00
1766116800,121.58,125.34,121.35,124.44,,2025-12-19 04:00:00+00:00
1766131200,124.43,125.74,123.86,125.36,,2025-12-19 08:00:00+00:00
1766145600,125.36,127.66,124.68,125.09,,2025-12-19 12:00:00+00:00
1766160000,125.09,126.97,123.59,126.25,,2025-12-19 16:00:00+00:00
1766174400,126.25,127.87,126.08,126.27,,2025-12-19 20:00:00+00:00
1766188800,126.27,126.49,125.3,126.21,,2025-12-20 00:00:00+00:00
1766203200,126.21,126.69,125.87,126.17,,2025-12-20 04:00:00+00:00
1766217600,126.18,126.89,125.87,126.47,,2025-12-20 08:00:00+00:00
1766232000,126.47,126.67,125.45,126.58,,2025-12-20 12:00:00+00:00
1766246400,126.59,126.71,125.75,126.05,,2025-12-20 16:00:00+00:00
1766260800,126.05,126.55,125.63,125.81,,2025-12-20 20:00:00+00:00
1766275200,125.8,126.11,124.68,125.22,,2025-12-21 00:00:00+00:00
1766289600,125.22,125.54,125.07,125.3,,2025-12-21 04:00:00+00:00
1766304000,125.29,126.62,124.8,125.48,,2025-12-21 08:00:00+00:00
1766318400,125.47,126.06,123.4,125.05,,2025-12-21 12:00:00+00:00
1766332800,125.05,126.35,124.37,125.67,,2025-12-21 16:00:00+00:00
1766347200,125.67,126.3,124.7,126.03,,2025-12-21 20:00:00+00:00
1766361600,126.03,128.56,124.5,126.02,,2025-12-22 00:00:00+00:00
1766376000,126.02,126.73,125.56,126.31,,2025-12-22 04:00:00+00:00
1766390400,126.3,127.46,125.49,127.01,,2025-12-22 08:00:00+00:00
1766404800,127.0,128.78,126.32,128.07,,2025-12-22 12:00:00+00:00
1766419200,128.07,128.37,124.64,124.66,,2025-12-22 16:00:00+00:00
1766433600,124.66,126.03,124.2,125.93,,2025-12-22 20:00:00+00:00
1766448000,125.93,126.93,124.9,125.63,,2025-12-23 00:00:00+00:00
1766462400,125.62,126.08,123.77,124.19,,2025-12-23 04:00:00+00:00
1766476800,124.19,125.23,123.93,124.86,,2025-12-23 08:00:00+00:00
1766491200,124.85,124.93,122.16,123.37,,2025-12-23 12:00:00+00:00
1766505600,123.36,124.94,122.78,123.99,,2025-12-23 16:00:00+00:00
1766520000,123.99,125.65,123.46,124.01,,2025-12-23 20:00:00+00:00
1766534400,124.02,124.3,121.76,122.72,,2025-12-24 00:00:00+00:00
1766548800,122.71,123.06,120.63,121.31,,2025-12-24 04:00:00+00:00
1766563200,121.32,122.23,121.11,122.04,,2025-12-24 08:00:00+00:00
1766577600,122.04,122.94,120.7,122.73,,2025-12-24 12:00:00+00:00
1766592000,122.73,123.46,121.77,122.86,,2025-12-24 16:00:00+00:00
1766606400,122.86,123.4,122.47,122.53,,2025-12-24 20:00:00+00:00
1766620800,122.52,123.15,122.09,122.7,,2025-12-25 00:00:00+00:00
1766635200,122.7,122.86,122.1,122.27,,2025-12-25 04:00:00+00:00
1766649600,122.27,122.65,121.31,121.65,,2025-12-25 08:00:00+00:00
1766664000,121.65,124.1,121.58,123.68,,2025-12-25 12:00:00+00:00
1766678400,123.68,124.46,122.8,123.47,,2025-12-25 16:00:00+00:00
1766692800,123.47,123.52,119.71,120.06,,2025-12-25 20:00:00+00:00
1766707200,120.05,124.39,119.24,122.67,,2025-12-26 00:00:00+00:00
1766721600,122.67,123.99,121.8,122.72,,2025-12-26 04:00:00+00:00
1766736000,122.71,124.13,122.29,123.84,,2025-12-26 08:00:00+00:00
1766750400,123.83,125.14,120.45,121.55,,2025-12-26 12:00:00+00:00
1766764800,121.55,122.4,121.17,122.15,,2025-12-26 16:00:00+00:00
1766779200,122.16,122.67,121.82,122.26,,2025-12-26 20:00:00+00:00
1766793600,122.27,123.8,121.86,123.67,,2025-12-27 00:00:00+00:00
1766808000,123.67,123.74,122.77,123.16,,2025-12-27 04:00:00+00:00
1766822400,123.15,123.34,122.51,122.99,,2025-12-27 08:00:00+00:00
1766836800,122.98,123.66,122.74,123.31,,2025-12-27 12:00:00+00:00
1766851200,123.32,123.45,122.76,123.28,,2025-12-27 16:00:00+00:00
1766865600,123.27,125.08,123.27,124.73,,2025-12-27 20:00:00+00:00
1766880000,124.74,124.9,123.9,124.13,,2025-12-28 00:00:00+00:00
1766894400,124.12,124.34,123.61,124.23,,2025-12-28 04:00:00+00:00
1766908800,124.23,124.84,124.0,124.65,,2025-12-28 08:00:00+00:00
1766923200,124.65,125.03,124.3,124.44,,2025-12-28 12:00:00+00:00
1766937600,124.44,124.77,123.08,123.3,,2025-12-28 16:00:00+00:00
1766952000,123.3,125.64,123.1,125.27,,2025-12-28 20:00:00+00:00
1766966400,125.27,130.16,125.01,128.58,,2025-12-29 00:00:00+00:00
1766980800,128.58,129.15,127.2,127.88,,2025-12-29 04:00:00+00:00
1766995200,127.88,128.47,125.01,125.08,,2025-12-29 08:00:00+00:00
1767009600,125.08,125.41,122.36,123.44,,2025-12-29 12:00:00+00:00
1767024000,123.43,123.98,122.63,123.06,,2025-12-29 16:00:00+00:00
1767038400,123.07,123.62,122.86,123.28,,2025-12-29 20:00:00+00:00
1767052800,123.28,123.93,122.58,123.8,,2025-12-30 00:00:00+00:00
1767067200,123.79,124.35,123.2,124.02,,2025-12-30 04:00:00+00:00
1767081600,124.02,125.15,124.0,124.3,,2025-12-30 08:00:00+00:00
1767096000,124.29,125.35,123.54,125.16,,2025-12-30 12:00:00+00:00
1767110400,125.16,126.52,123.78,124.71,,2025-12-30 16:00:00+00:00
1767124800,124.71,125.14,123.5,125.01,,2025-12-30 20:00:00+00:00
1767139200,125.02,126.09,124.41,125.82,,2025-12-31 00:00:00+00:00
1767153600,125.81,126.1,125.38,125.99,,2025-12-31 04:00:00+00:00
1767168000,125.99,126.85,125.44,126.73,,2025-12-31 08:00:00+00:00
1767182400,126.73,127.44,125.01,125.59,,2025-12-31 12:00:00+00:00
1767196800,125.58,125.74,124.31,124.39,,2025-12-31 16:00:00+00:00
1767211200,124.38,132.75,122.99,124.65,,2025-12-31 20:00:00+00:00
1767225600,124.64,125.8,124.6,125.21,,2026-01-01 00:00:00+00:00
1767240000,125.22,125.32,124.22,124.24,,2026-01-01 04:00:00+00:00
1767254400,124.24,125.29,124.15,125.22,,2026-01-01 08:00:00+00:00
1767268800,125.23,125.28,124.39,124.96,,2026-01-01 12:00:00+00:00
1767283200,124.96,125.79,124.28,125.76,,2026-01-01 16:00:00+00:00
1767297600,125.76,127.25,125.31,126.9,,2026-01-01 20:00:00+00:00
1767312000,126.91,127.99,125.84,127.53,,2026-01-02 00:00:00+00:00
1767326400,127.53,127.72,126.75,127.13,,2026-01-02 04:00:00+00:00
1767340800,127.14,129.99,127.13,128.22,,2026-01-02 08:00:00+00:00
1767355200,128.21,129.65,126.82,128.98,,2026-01-02 12:00:00+00:00
1767369600,128.98,132.3,128.68,131.63,,2026-01-02 16:00:00+00:00
1767384000,131.63,133.25,130.83,132.29,,2026-01-02 20:00:00+00:00
1767398400,132.28,133.17,132.06,132.83,,2026-01-03 00:00:00+00:00
1767412800,132.83,132.93,129.6,130.1,,2026-01-03 04:00:00+00:00
1767427200,130.09,131.44,129.8,130.71,,2026-01-03 08:00:00+00:00
1767441600,130.71,132.18,130.5,131.47,,2026-01-03 12:00:00+00:00
1767456000,131.48,132.12,131.47,131.78,,2026-01-03 16:00:00+00:00
1767470400,131.78,133.99,131.35,133.37,,2026-01-03 20:00:00+00:00
1767484800,133.37,134.97,133.31,134.62,,2026-01-04 00:00:00+00:00
1767499200,134.62,135.0,133.66,133.8,,2026-01-04 04:00:00+00:00
1767513600,133.8,134.88,133.2,134.39,,2026-01-04 08:00:00+00:00
1767528000,134.39,135.35,133.75,134.91,,2026-01-04 12:00:00+00:00
1767542400,134.91,135.54,133.12,133.56,,2026-01-04 16:00:00+00:00
1767556800,133.55,134.86,133.4,134.12,,2026-01-04 20:00:00+00:00
1767571200,134.12,137.75,134.01,136.64,,2026-01-05 00:00:00+00:00
1767585600,136.64,136.79,134.63,135.45,,2026-01-05 04:00:00+00:00
1767600000,135.45,136.06,134.75,135.77,,2026-01-05 08:00:00+00:00
1767614400,135.77,136.47,133.18,136.13,,2026-01-05 12:00:00+00:00
1767628800,136.13,138.82,134.31,138.23,,2026-01-05 16:00:00+00:00
1767643200,138.23,139.87,137.72,137.9,,2026-01-05 20:00:00+00:00
1767657600,137.91,138.63,136.89,138.38,,2026-01-06 00:00:00+00:00
1767672000,138.38,140.08,137.35,137.61,,2026-01-06 04:00:00+00:00
1767686400,137.6,139.7,137.4,139.5,,2026-01-06 08:00:00+00:00
1767700800,139.5,143.48,138.72,141.6,,2026-01-06 12:00:00+00:00
1767715200,141.59,141.95,136.19,137.53,,2026-01-06 16:00:00+00:00
1767729600,137.53,141.99,137.51,141.08,,2026-01-06 20:00:00+00:00
1767744000,141.08,141.4,138.52,139.58,,2026-01-07 00:00:00+00:00
1767758400,139.59,139.72,138.15,139.39,,2026-01-07 04:00:00+00:00
1767772800,139.39,139.8,136.56,137.93,,2026-01-07 08:00:00+00:00
1767787200,137.93,138.51,135.25,135.7,,2026-01-07 12:00:00+00:00
1767801600,135.7,136.68,134.41,135.76,,2026-01-07 16:00:00+00:00
1767816000,135.76,137.05,135.0,136.39,,2026-01-07 20:00:00+00:00
1767830400,136.39,138.32,136.0,136.75,,2026-01-08 00:00:00+00:00
1767844800,136.74,138.33,133.79,135.9,,2026-01-08 04:00:00+00:00
1767859200,135.9,136.22,133.92,134.79,,2026-01-08 08:00:00+00:00
1767873600,134.8,136.55,132.67,136.41,,2026-01-08 12:00:00+00:00
1767888000,136.41,139.06,136.25,137.53,,2026-01-08 16:00:00+00:00
1767902400,137.53,140.07,136.52,138.37,,2026-01-08 20:00:00+00:00
1767916800,138.37,141.17,137.74,140.81,,2026-01-09 00:00:00+00:00
1767931200,140.81,141.08,139.46,139.54,,2026-01-09 04:00:00+00:00
1767945600,139.55,139.68,137.04,138.28,,2026-01-09 08:00:00+00:00
1767960000,138.27,140.89,136.13,138.82,,2026-01-09 12:00:00+00:00
1767974400,138.82,140.25,135.44,135.81,,2026-01-09 16:00:00+00:00
1767988800,135.8,136.45,134.98,135.97,,2026-01-09 20:00:00+00:00
1768003200,135.96,136.69,135.68,136.15,,2026-01-10 00:00:00+00:00
1768017600,136.15,136.34,135.75,136.09,,2026-01-10 04:00:00+00:00
1768032000,136.09,137.05,136.0,136.58,,2026-01-10 08:00:00+00:00
1768046400,136.58,137.04,136.01,136.42,,2026-01-10 12:00:00+00:00
1768060800,136.42,136.71,135.85,136.22,,2026-01-10 16:00:00+00:00
1768075200,136.22,136.27,135.37,135.84,,2026-01-10 20:00:00+00:00
1768089600,135.85,136.47,135.75,136.26,,2026-01-11 00:00:00+00:00
1768104000,136.26,136.43,135.88,136.2,,2026-01-11 04:00:00+00:00
1768118400,136.2,136.91,136.1,136.58,,2026-01-11 08:00:00+00:00
1768132800,136.58,139.55,136.52,138.43,,2026-01-11 12:00:00+00:00
1768147200,138.44,141.6,138.43,139.43,,2026-01-11 16:00:00+00:00
1768161600,139.42,139.77,137.49,139.7,,2026-01-11 20:00:00+00:00
1768176000,139.69,144.4,138.92,142.54,,2026-01-12 00:00:00+00:00
1768190400,142.54,143.35,141.36,141.41,,2026-01-12 04:00:00+00:00
1768204800,141.42,142.05,139.04,140.03,,2026-01-12 08:00:00+00:00
1768219200,140.02,142.74,138.69,142.58,,2026-01-12 12:00:00+00:00
1768233600,142.58,144.33,140.58,140.99,,2026-01-12 16:00:00+00:00
1768248000,141.0,141.86,138.34,139.22,,2026-01-12 20:00:00+00:00
1768262400,139.21,139.58,137.82,138.74,,2026-01-13 00:00:00+00:00
1768276800,138.75,140.76,138.39,139.97,,2026-01-13 04:00:00+00:00
1768291200,139.97,143.12,139.97,141.84,,2026-01-13 08:00:00+00:00
1768305600,141.84,143.84,141.21,143.51,,2026-01-13 12:00:00+00:00
1768320000,143.51,144.55,142.43,144.24,,2026-01-13 16:00:00+00:00
1768334400,144.24,148.74,143.0,145.51,,2026-01-13 20:00:00+00:00
1768348800,145.52,146.6,144.33,146.29,,2026-01-14 00:00:00+00:00
1768363200,146.28,146.46,143.92,144.86,,2026-01-14 04:00:00+00:00
1768377600,144.85,145.76,143.53,143.77,,2026-01-14 08:00:00+00:00
1768392000,143.76,147.56,143.37,147.07,,2026-01-14 12:00:00+00:00
1768406400,147.07,148.44,145.32,146.8,,2026-01-14 16:00:00+00:00
1768420800,146.8,147.73,145.84,146.69,,2026-01-14 20:00:00+00:00
1768435200,146.7,146.73,143.21,143.49,,2026-01-15 00:00:00+00:00
1768449600,143.49,145.29,143.28,144.99,,2026-01-15 04:00:00+00:00
1768464000,145.0,146.0,144.02,144.86,,2026-01-15 08:00:00+00:00
1768478400,144.85,145.65,141.78,143.48,,2026-01-15 12:00:00+00:00
1768492800,143.48,144.2,140.9,141.53,,2026-01-15 16:00:00+00:00
1768507200,141.53,142.66,141.02,142.4,,2026-01-15 20:00:00+00:00
1768521600,142.41,142.82,141.68,141.97,,2026-01-16 00:00:00+00:00
1768536000,141.97,143.63,141.39,142.95,,2026-01-16 04:00:00+00:00
1768550400,142.95,143.55,142.71,143.14,,2026-01-16 08:00:00+00:00
1768564800,143.14,143.86,140.26,140.78,,2026-01-16 12:00:00+00:00
1768579200,140.77,144.52,140.65,144.18,,2026-01-16 16:00:00+00:00
1768593600,144.17,145.55,143.49,144.89,,2026-01-16 20:00:00+00:00
1768608000,144.9,144.99,144.2,144.37,,2026-01-17 00:00:00+00:00
1768622400,144.36,144.5,143.64,143.64,,2026-01-17 04:00:00+00:00
1768636800,143.64,144.65,143.32,144.0,,2026-01-17 08:00:00+00:00
1768651200,144.0,144.35,143.6,144.33,,2026-01-17 12:00:00+00:00
1768665600,144.33,144.55,143.64,144.27,,2026-01-17 16:00:00+00:00
1768680000,144.26,144.58,143.51,143.72,,2026-01-17 20:00:00+00:00
1768694400,143.73,144.0,141.95,142.83,,2026-01-18 00:00:00+00:00
1768708800,142.82,143.04,142.03,142.11,,2026-01-18 04:00:00+00:00
1768723200,142.12,142.65,141.93,142.39,,2026-01-18 08:00:00+00:00
1768737600,142.39,142.73,141.5,142.0,,2026-01-18 12:00:00+00:00
1768752000,141.99,143.25,141.75,142.27,,2026-01-18 16:00:00+00:00
1768766400,142.28,143.04,137.74,137.87,,2026-01-18 20:00:00+00:00
1768780800,137.87,137.87,130.0,133.94,,2026-01-19 00:00:00+00:00
1768795200,133.93,134.09,132.71,133.47,,2026-01-19 04:00:00+00:00
1768809600,133.47,134.37,133.28,134.13,,2026-01-19 08:00:00+00:00
1768824000,134.12,134.19,133.27,133.55,,2026-01-19 12:00:00+00:00
1768838400,133.55,134.71,133.48,134.45,,2026-01-19 16:00:00+00:00
1768852800,134.46,135.16,132.74,133.44,,2026-01-19 20:00:00+00:00
1768867200,133.44,134.63,133.07,134.24,,2026-01-20 00:00:00+00:00
1768881600,134.25,134.27,130.56,130.62,,2026-01-20 04:00:00+00:00
1768896000,130.62,130.8,128.36,128.81,,2026-01-20 08:00:00+00:00
1768910400,128.81,129.77,127.24,127.86,,2026-01-20 12:00:00+00:00
1768924800,127.86,128.59,126.3,127.25,,2026-01-20 16:00:00+00:00
1768939200,127.24,128.08,124.68,125.8,,2026-01-20 20:00:00+00:00
1768953600,125.81,127.86,125.75,127.61,,2026-01-21 00:00:00+00:00
1768968000,127.61,128.75,127.45,127.62,,2026-01-21 04:00:00+00:00
1768982400,127.61,128.19,126.8,126.94,,2026-01-21 08:00:00+00:00
1768996800,126.94,131.18,126.17,130.43,,2026-01-21 12:00:00+00:00
1769011200,130.43,131.68,125.26,131.5,,2026-01-21 16:00:00+00:00
1769025600,131.49,132.17,129.16,129.54,,2026-01-21 20:00:00+00:00
1769040000,129.53,130.62,129.53,129.86,,2026-01-22 00:00:00+00:00
1769054400,129.85,130.5,129.75,129.81,,2026-01-22 04:00:00+00:00
1769068800,129.8,130.35,129.35,130.11,,2026-01-22 08:00:00+00:00
1769083200,130.11,130.94,126.73,127.41,,2026-01-22 12:00:00+00:00
1769097600,127.42,129.37,126.92,129.26,,2026-01-22 16:00:00+00:00
1769112000,129.26,129.76,128.02,128.47,,2026-01-22 20:00:00+00:00
1769126400,128.47,128.98,128.08,128.76,,2026-01-23 00:00:00+00:00
1769140800,128.76,129.29,127.23,127.93,,2026-01-23 04:00:00+00:00
1769155200,127.93,128.0,126.94,127.54,,2026-01-23 08:00:00+00:00
1769169600,127.54,128.1,125.28,127.9,,2026-01-23 12:00:00+00:00
1769184000,127.9,130.2,127.46,128.08,,2026-01-23 16:00:00+00:00
1769198400,128.08,128.26,126.54,127.43,,2026-01-23 20:00:00+00:00
1769212800,127.43,128.12,127.29,127.91,,2026-01-24 00:00:00+00:00
1769227200,127.91,128.11,126.89,127.11,,2026-01-24 04:00:00+00:00
1769241600,127.12,127.4,126.93,127.17,,2026-01-24 08:00:00+00:00
1769256000,127.17,127.41,126.8,126.85,,2026-01-24 12:00:00+00:00
1769270400,126.85,127.51,126.64,127.3,,2026-01-24 16:00:00+00:00
1769284800,127.3,127.76,127.1,127.21,,2026-01-24 20:00:00+00:00
1769299200,127.22,127.46,126.35,126.64,,2026-01-25 00:00:00+00:00
1769313600,126.64,127.0,126.35,126.47,,2026-01-25 04:00:00+00:00
1769328000,126.47,127.2,125.98,126.77,,2026-01-25 08:00:00+00:00
1769342400,126.77,127.12,125.48,125.59,,2026-01-25 12:00:00+00:00
1769356800,125.58,125.58,117.15,117.96,,2026-01-25 16:00:00+00:00
1769371200,117.96,119.45,117.38,118.85,,2026-01-25 20:00:00+00:00
1769385600,118.85,122.77,118.53,121.57,,2026-01-26 00:00:00+00:00
1769400000,121.58,123.62,121.57,122.89,,2026-01-26 04:00:00+00:00
1769414400,122.9,123.59,121.76,122.5,,2026-01-26 08:00:00+00:00
1769428800,122.51,125.2,122.35,123.53,,2026-01-26 12:00:00+00:00
1769443200,123.53,125.6,123.03,124.31,,2026-01-26 16:00:00+00:00
1769457600,124.31,124.88,123.42,124.24,,2026-01-26 20:00:00+00:00
1769472000,124.24,125.17,123.73,124.51,,2026-01-27 00:00:00+00:00
1769486400,124.51,125.15,124.0,124.52,,2026-01-27 04:00:00+00:00
1769500800,124.52,124.79,123.57,124.12,,2026-01-27 08:00:00+00:00
1769515200,124.12,125.06,123.12,125.01,,2026-01-27 12:00:00+00:00
1769529600,125.01,126.79,123.55,125.85,,2026-01-27 16:00:00+00:00
1769544000,125.84,127.84,125.73,127.19,,2026-01-27 20:00:00+00:00
1769558400,127.18,127.52,126.65,126.96,,2026-01-28 00:00:00+00:00
1769572800,126.96,127.54,126.45,127.1,,2026-01-28 04:00:00+00:00
1769587200,127.09,128.34,125.97,128.17,,2026-01-28 08:00:00+00:00
1769601600,128.16,128.25,125.52,126.07,,2026-01-28 12:00:00+00:00
1769616000,126.06,127.04,125.26,126.01,,2026-01-28 16:00:00+00:00
1769630400,126.0,126.68,124.78,125.35,,2026-01-28 20:00:00+00:00
1769644800,125.34,125.51,122.7,123.07,,2026-01-29 00:00:00+00:00
1769659200,123.07,123.98,122.5,123.78,,2026-01-29 04:00:00+00:00
1769673600,123.78,123.93,122.66,122.76,,2026-01-29 08:00:00+00:00
1769688000,122.76,123.34,116.12,117.69,,2026-01-29 12:00:00+00:00
1769702400,117.69,119.96,115.39,116.84,,2026-01-29 16:00:00+00:00
1769716800,116.84,117.91,116.56,117.82,,2026-01-29 20:00:00+00:00
1769731200,117.82,118.14,112.14,114.43,,2026-01-30 00:00:00+00:00
1769745600,114.44,116.13,113.01,115.78,,2026-01-30 04:00:00+00:00
1769760000,115.78,117.28,114.67,117.08,,2026-01-30 08:00:00+00:00
1769774400,117.08,117.64,114.58,116.8,,2026-01-30 12:00:00+00:00
1769788800,116.8,119.12,114.34,118.3,,2026-01-30 16:00:00+00:00
1769803200,118.29,118.43,116.52,117.59,,2026-01-30 20:00:00+00:00
1769817600,117.6,118.66,117.39,118.39,,2026-01-31 00:00:00+00:00
1769832000,118.39,118.85,117.2,117.37,,2026-01-31 04:00:00+00:00
1769846400,117.38,117.53,114.29,116.05,,2026-01-31 08:00:00+00:00
1769860800,116.06,116.19,108.23,108.65,,2026-01-31 12:00:00+00:00
1769875200,108.65,109.83,96.4,101.78,,2026-01-31 16:00:00+00:00
1769889600,101.77,106.55,100.4,105.58,,2026-01-31 20:00:00+00:00
1769904000,105.58,106.43,104.23,104.97,,2026-02-01 00:00:00+00:00
1769918400,104.97,106.02,103.96,105.2,,2026-02-01 04:00:00+00:00
1769932800,105.2,106.06,103.59,105.05,,2026-02-01 08:00:00+00:00
1769947200,105.06,106.69,100.21,101.69,,2026-02-01 12:00:00+00:00
1769961600,101.7,104.27,100.93,101.94,,2026-02-01 16:00:00+00:00
1769976000,101.94,102.88,98.02,100.79,,2026-02-01 20:00:00+00:00
1769990400,100.78,103.14,95.95,100.07,,2026-02-02 00:00:00+00:00
1770004800,100.08,102.43,97.07,101.43,,2026-02-02 04:00:00+00:00
1770019200,101.42,103.45,101.36,102.78,,2026-02-02 08:00:00+00:00
1770033600,102.78,106.12,102.39,104.7,,2026-02-02 12:00:00+00:00
1770048000,104.69,105.78,103.51,103.89,,2026-02-02 16:00:00+00:00
1770062400,103.88,105.2,103.32,104.55,,2026-02-02 20:00:00+00:00
1770076800,104.54,104.67,102.18,104.16,,2026-02-03 00:00:00+00:00
1770091200,104.17,105.1,102.96,104.7,,2026-02-03 04:00:00+00:00
1770105600,104.7,105.04,102.5,103.01,,2026-02-03 08:00:00+00:00
1770120000,103.01,103.65,100.41,102.56,,2026-02-03 12:00:00+00:00
1770134400,102.56,102.56,96.64,99.02,,2026-02-03 16:00:00+00:00
1770148800,99.01,102.07,97.21,97.89,,2026-02-03 20:00:00+00:00
1770163200,97.89,99.67,97.17,99.13,,2026-02-04 00:00:00+00:00
1770177600,99.12,99.35,96.46,97.9,,2026-02-04 04:00:00+00:00
1770192000,97.91,97.96,94.71,96.11,,2026-02-04 08:00:00+00:00
1770206400,96.12,96.73,91.31,92.79,,2026-02-04 12:00:00+00:00
1770220800,92.8,94.71,90.0,94.38,,2026-02-04 16:00:00+00:00
1770235200,94.38,94.5,89.3,92.12,,2026-02-04 20:00:00+00:00
1770249600,92.11,92.89,90.24,91.15,,2026-02-05 00:00:00+00:00
1770264000,91.14,92.11,89.68,90.54,,2026-02-05 04:00:00+00:00
1770278400,90.55,93.43,88.66,89.98,,2026-02-05 08:00:00+00:00
1770292800,89.98,91.43,83.44,84.61,,2026-02-05 12:00:00+00:00
1770307200,84.61,86.2,81.21,81.68,,2026-02-05 16:00:00+00:00
1770321600,81.68,82.3,77.6,78.35,,2026-02-05 20:00:00+00:00
1770336000,78.34,80.3,67.5,76.71,,2026-02-06 00:00:00+00:00
1770350400,76.71,81.65,76.22,79.59,,2026-02-06 04:00:00+00:00
1770364800,79.6,82.04,78.67,81.36,,2026-02-06 08:00:00+00:00
1770379200,81.36,85.19,80.85,84.49,,2026-02-06 12:00:00+00:00
1770393600,84.48,88.72,83.66,87.09,,2026-02-06 16:00:00+00:00
1770408000,87.09,89.84,86.6,87.46,,2026-02-06 20:00:00+00:00
1770422400,87.45,88.39,85.91,88.1,,2026-02-07 00:00:00+00:00
1770436800,88.09,89.04,84.16,85.29,,2026-02-07 04:00:00+00:00
1770451200,85.29,85.74,84.51,84.91,,2026-02-07 08:00:00+00:00
1770465600,84.9,87.2,84.85,86.57,,2026-02-07 12:00:00+00:00
1770480000,86.56,89.19,86.17,88.3,,2026-02-07 16:00:00+00:00
1770494400,88.3,89.2,86.86,87.59,,2026-02-07 20:00:00+00:00
1770508800,87.59,88.22,86.7,86.82,,2026-02-08 00:00:00+00:00
1770523200,86.82,87.56,86.63,87.42,,2026-02-08 04:00:00+00:00
1770537600,87.41,88.99,86.44,88.25,,2026-02-08 08:00:00+00:00
1770552000,88.25,88.89,87.35,87.77,,2026-02-08 12:00:00+00:00
1770566400,87.78,88.61,85.77,88.41,,2026-02-08 16:00:00+00:00
1770580800,88.41,89.08,86.06,86.99,,2026-02-08 20:00:00+00:00
1770595200,86.99,87.98,85.75,87.67,,2026-02-09 00:00:00+00:00
1770609600,87.67,87.72,85.19,85.5,,2026-02-09 04:00:00+00:00
1770624000,85.5,85.64,82.86,83.47,,2026-02-09 08:00:00+00:00
1770638400,83.48,85.8,83.45,85.28,,2026-02-09 12:00:00+00:00
1770652800,85.28,88.69,84.81,87.97,,2026-02-09 16:00:00+00:00
1770667200,87.96,88.31,86.53,86.77,,2026-02-09 20:00:00+00:00
1770681600,86.77,87.49,85.26,85.87,,2026-02-10 00:00:00+00:00
1770696000,85.86,86.67,84.3,84.63,,2026-02-10 04:00:00+00:00
1770710400,84.64,85.09,83.77,83.85,,2026-02-10 08:00:00+00:00
1770724800,83.85,85.24,83.2,84.3,,2026-02-10 12:00:00+00:00
1770739200,84.3,85.14,82.44,83.08,,2026-02-10 16:00:00+00:00
1770753600,83.08,83.23,81.91,82.99,,2026-02-10 20:00:00+00:00
1770768000,82.99,84.39,82.59,83.34,,2026-02-11 00:00:00+00:00
1770782400,83.34,83.54,80.28,81.0,,2026-02-11 04:00:00+00:00
1770796800,81.0,81.47,80.38,81.26,,2026-02-11 08:00:00+00:00
1770811200,81.25,83.17,78.56,79.72,,2026-02-11 12:00:00+00:00
1770825600,79.72,80.94,78.04,79.72,,2026-02-11 16:00:00+00:00
1770840000,79.72,81.11,78.8,79.3,,2026-02-11 20:00:00+00:00
1770854400,79.31,80.79,79.26,80.62,,2026-02-12 00:00:00+00:00
1770868800,80.63,80.99,79.5,80.77,,2026-02-12 04:00:00+00:00
1770883200,80.77,82.25,80.32,81.87,,2026-02-12 08:00:00+00:00
1770897600,81.87,82.13,80.1,80.12,,2026-02-12 12:00:00+00:00
1770912000,80.13,80.22,77.03,77.62,,2026-02-12 16:00:00+00:00
1770926400,77.62,78.52,76.6,78.4,,2026-02-12 20:00:00+00:00
1770940800,78.39,79.48,77.53,79.05,,2026-02-13 00:00:00+00:00
1770955200,79.05,79.27,77.85,78.99,,2026-02-13 04:00:00+00:00
1770969600,78.99,80.62,78.86,80.31,,2026-02-13 08:00:00+00:00
1770984000,80.31,84.34,79.73,83.2,,2026-02-13 12:00:00+00:00
1770998400,83.2,85.63,82.92,84.66,,2026-02-13 16:00:00+00:00
1771012800,84.65,85.19,84.12,84.33,,2026-02-13 20:00:00+00:00
1771027200,84.34,85.3,84.21,85.06,,2026-02-14 00:00:00+00:00
1771041600,85.07,85.27,84.35,85.19,,2026-02-14 04:00:00+00:00
1771056000,85.19,87.33,85.16,87.29,,2026-02-14 08:00:00+00:00
1771070400,87.29,87.69,86.0,87.44,,2026-02-14 12:00:00+00:00
1771084800,87.44,88.47,86.99,88.2,,2026-02-14 16:00:00+00:00
1771099200,88.21,88.9,87.29,88.06,,2026-02-14 20:00:00+00:00
1771113600,88.06,88.78,87.31,88.61,,2026-02-15 00:00:00+00:00
1771128000,88.6,90.98,88.35,90.74,,2026-02-15 04:00:00+00:00
1771142400,90.74,91.26,89.01,89.17,,2026-02-15 08:00:00+00:00
1771156800,89.18,89.63,86.66,87.42,,2026-02-15 12:00:00+00:00
1771171200,87.41,87.88,85.2,85.34,,2026-02-15 16:00:00+00:00
1771185600,85.35,86.7,84.89,86.16,,2026-02-15 20:00:00+00:00
1771200000,86.15,86.63,84.79,85.14,,2026-02-16 00:00:00+00:00
1771214400,85.15,85.91,84.47,85.06,,2026-02-16 04:00:00+00:00
1771228800,85.07,86.26,84.49,85.52,,2026-02-16 08:00:00+00:00
1771243200,85.52,86.93,82.55,83.21,,2026-02-16 12:00:00+00:00
1771257600,83.21,85.16,83.1,84.61,,2026-02-16 16:00:00+00:00
1771272000,84.62,86.66,84.5,86.45,,2026-02-16 20:00:00+00:00
1771286400,86.45,87.69,85.76,86.37,,2026-02-17 00:00:00+00:00
1771300800,86.37,86.8,85.45,86.49,,2026-02-17 04:00:00+00:00
1771315200,86.48,86.77,84.75,85.1,,2026-02-17 08:00:00+00:00
1771329600,85.11,85.58,82.92,83.81,,2026-02-17 12:00:00+00:00
1771344000,83.8,85.76,83.13,84.87,,2026-02-17 16:00:00+00:00
1771358400,84.86,85.44,84.53,85.08,,2026-02-17 20:00:00+00:00
1771372800,85.09,85.49,83.92,85.33,,2026-02-18 00:00:00+00:00
1771387200,85.34,85.54,84.68,85.28,,2026-02-18 04:00:00+00:00
1771401600,85.28,86.09,82.83,82.86,,2026-02-18 08:00:00+00:00
1771416000,82.87,84.01,81.72,83.01,,2026-02-18 12:00:00+00:00
1771430400,83.0,83.09,80.48,80.93,,2026-02-18 16:00:00+00:00
1771444800,80.93,81.64,80.85,81.61,,2026-02-18 20:00:00+00:00
1771459200,81.61,82.07,81.25,81.77,,2026-02-19 00:00:00+00:00
1771473600,81.77,82.67,81.38,82.41,,2026-02-19 04:00:00+00:00
1771488000,82.4,82.42,80.91,81.24,,2026-02-19 08:00:00+00:00
1771502400,81.24,81.32,79.61,80.64,,2026-02-19 12:00:00+00:00
1771516800,80.63,82.2,79.92,81.95,,2026-02-19 16:00:00+00:00
1771531200,81.94,82.57,81.68,82.5,,2026-02-19 20:00:00+00:00
1771545600,82.5,83.54,82.33,83.04,,2026-02-20 00:00:00+00:00
1771560000,83.05,83.93,82.38,83.46,,2026-02-20 04:00:00+00:00
1771574400,83.45,84.84,83.3,83.58,,2026-02-20 08:00:00+00:00
1771588800,83.58,84.78,81.77,84.38,,2026-02-20 12:00:00+00:00
1771603200,84.38,85.49,82.82,84.75,,2026-02-20 16:00:00+00:00
1771617600,84.75,85.23,84.12,84.67,,2026-02-20 20:00:00+00:00
1771632000,84.68,85.03,84.24,84.35,,2026-02-21 00:00:00+00:00
1771646400,84.35,84.78,83.97,84.24,,2026-02-21 04:00:00+00:00
1771660800,84.24,85.7,84.19,85.4,,2026-02-21 08:00:00+00:00
1771675200,85.4,86.72,85.0,86.58,,2026-02-21 12:00:00+00:00
1771689600,86.59,86.72,85.82,86.22,,2026-02-21 16:00:00+00:00
1771704000,86.21,86.21,85.12,85.17,,2026-02-21 20:00:00+00:00
1771718400,85.17,85.6,84.73,85.08,,2026-02-22 00:00:00+00:00
1771732800,85.08,85.58,84.81,85.24,,2026-02-22 04:00:00+00:00
1771747200,85.25,85.47,84.87,85.27,,2026-02-22 08:00:00+00:00
1771761600,85.28,85.33,82.98,83.5,,2026-02-22 12:00:00+00:00
1771776000,83.49,83.63,82.82,83.3,,2026-02-22 16:00:00+00:00
1771790400,83.3,83.71,82.48,82.79,,2026-02-22 20:00:00+00:00
1771804800,82.8,82.85,77.28,77.66,,2026-02-23 00:00:00+00:00
1771819200,77.66,79.69,77.15,79.4,,2026-02-23 04:00:00+00:00
1771833600,79.4,80.69,78.53,80.05,,2026-02-23 08:00:00+00:00
1771848000,80.06,81.13,79.2,79.4,,2026-02-23 12:00:00+00:00
1771862400,79.39,79.8,77.27,78.29,,2026-02-23 16:00:00+00:00
1771876800,78.28,78.92,77.63,77.9,,2026-02-23 20:00:00+00:00
1771891200,77.91,78.53,75.74,76.87,,2026-02-24 00:00:00+00:00
1771905600,76.88,77.36,76.11,76.84,,2026-02-24 04:00:00+00:00
1771920000,76.85,77.2,76.0,76.77,,2026-02-24 08:00:00+00:00
1771934400,76.78,77.49,75.63,77.3,,2026-02-24 12:00:00+00:00
1771948800,77.3,78.51,77.23,78.38,,2026-02-24 16:00:00+00:00
1771963200,78.38,79.62,78.12,78.99,,2026-02-24 20:00:00+00:00
1771977600,78.99,82.99,78.73,81.75,,2026-02-25 00:00:00+00:00
1771992000,81.75,82.43,80.98,82.19,,2026-02-25 04:00:00+00:00
1772006400,82.19,83.42,81.93,83.39,,2026-02-25 08:00:00+00:00
1772020800,83.38,86.46,82.89,85.98,,2026-02-25 12:00:00+00:00
1772035200,85.98,89.65,85.97,89.43,,2026-02-25 16:00:00+00:00
1772049600,89.43,92.1,87.07,88.06,,2026-02-25 20:00:00+00:00
1772064000,88.05,89.27,87.53,87.95,,2026-02-26 00:00:00+00:00
1772078400,87.95,89.05,87.22,87.24,,2026-02-26 04:00:00+00:00
1772092800,87.24,88.71,86.6,86.82,,2026-02-26 08:00:00+00:00
1772107200,86.82,88.26,85.27,86.56,,2026-02-26 12:00:00+00:00
1772121600,86.57,86.75,84.34,86.47,,2026-02-26 16:00:00+00:00
1772136000,86.47,86.87,85.73,85.91,,2026-02-26 20:00:00+00:00
1772150400,85.91,87.82,85.19,87.63,,2026-02-27 00:00:00+00:00
1772164800,87.63,88.29,86.81,87.31,,2026-02-27 04:00:00+00:00
1772179200,87.31,87.93,83.35,83.59,,2026-02-27 08:00:00+00:00
1772193600,83.59,83.76,81.95,82.7,,2026-02-27 12:00:00+00:00
1772208000,82.7,82.7,81.11,81.57,,2026-02-27 16:00:00+00:00
1772222400,81.57,82.11,80.32,81.85,,2026-02-27 20:00:00+00:00
1772236800,81.84,82.27,81.55,81.74,,2026-02-28 00:00:00+00:00
1772251200,81.75,81.9,77.12,78.71,,2026-02-28 04:00:00+00:00
1772265600,78.7,79.6,77.74,78.78,,2026-02-28 08:00:00+00:00
1772280000,78.78,81.51,78.59,80.92,,2026-02-28 12:00:00+00:00
1772294400,80.91,82.91,80.5,82.21,,2026-02-28 16:00:00+00:00
1772308800,82.22,85.65,81.97,84.35,,2026-02-28 20:00:00+00:00
1772323200,84.35,88.9,84.25,88.02,,2026-03-01 00:00:00+00:00
1772337600,88.02,88.26,86.16,86.63,,2026-03-01 04:00:00+00:00
1772352000,86.63,86.83,84.71,85.18,,2026-03-01 08:00:00+00:00
1772366400,85.18,86.98,84.51,85.67,,2026-03-01 12:00:00+00:00
1772380800,85.67,86.1,83.03,83.23,,2026-03-01 16:00:00+00:00
1772395200,83.23,84.12,81.69,83.6,,2026-03-01 20:00:00+00:00
1772409600,83.61,86.18,83.46,84.78,,2026-03-02 00:00:00+00:00
1772424000,84.78,84.84,82.38,82.95,,2026-03-02 04:00:00+00:00
1772438400,82.96,84.29,82.37,83.89,,2026-03-02 08:00:00+00:00
1772452800,83.88,88.98,82.78,88.77,,2026-03-02 12:00:00+00:00
1772467200,88.77,90.29,86.39,87.65,,2026-03-02 16:00:00+00:00
1772481600,87.65,88.25,86.35,86.64,,2026-03-02 20:00:00+00:00
1772496000,86.65,87.32,85.23,86.31,,2026-03-03 00:00:00+00:00
1772510400,86.31,86.82,85.38,85.58,,2026-03-03 04:00:00+00:00
1772524800,85.58,85.77,83.7,84.21,,2026-03-03 08:00:00+00:00
1772539200,84.22,85.37,82.5,85.04,,2026-03-03 12:00:00+00:00
1772553600,85.03,87.34,84.15,85.08,,2026-03-03 16:00:00+00:00
1772568000,85.08,87.46,84.17,86.97,,2026-03-03 20:00:00+00:00
1772582400,86.98,88.08,85.18,85.77,,2026-03-04 00:00:00+00:00
1772596800,85.77,87.52,84.78,87.43,,2026-03-04 04:00:00+00:00
1772611200,87.43,91.48,86.98,89.76,,2026-03-04 08:00:00+00:00
1772625600,89.76,93.12,88.69,92.94,,2026-03-04 12:00:00+00:00
1772640000,92.94,94.05,90.66,93.19,,2026-03-04 16:00:00+00:00
1772654400,93.19,93.76,90.29,90.85,,2026-03-04 20:00:00+00:00
1772668800,90.86,91.42,89.61,90.03,,2026-03-05 00:00:00+00:00
1772683200,90.03,91.32,89.7,90.16,,2026-03-05 04:00:00+00:00
1772697600,90.16,92.96,89.66,91.84,,2026-03-05 08:00:00+00:00
1772712000,91.84,92.22,88.8,89.62,,2026-03-05 12:00:00+00:00
1772726400,89.61,89.63,87.91,88.73,,2026-03-05 16:00:00+00:00
1772740800,88.72,89.85,88.54,88.77,,2026-03-05 20:00:00+00:00
1772755200,88.78,89.31,88.02,88.41,,2026-03-06 00:00:00+00:00
1772769600,88.4,88.92,87.51,88.7,,2026-03-06 04:00:00+00:00
1772784000,88.7,88.7,87.1,87.26,,2026-03-06 08:00:00+00:00
1772798400,87.25,87.27,83.96,84.65,,2026-03-06 12:00:00+00:00
1772812800,84.65,85.9,83.64,85.21,,2026-03-06 16:00:00+00:00
1772827200,85.21,85.47,84.44,84.7,,2026-03-06 20:00:00+00:00
1772841600,84.69,85.07,84.32,84.52,,2026-03-07 00:00:00+00:00
1772856000,84.53,84.56,83.9,84.32,,2026-03-07 04:00:00+00:00
1772870400,84.33,84.91,84.12,84.66,,2026-03-07 08:00:00+00:00
1772884800,84.66,84.78,83.42,83.75,,2026-03-07 12:00:00+00:00
1772899200,83.75,84.08,82.28,82.53,,2026-03-07 16:00:00+00:00
1772913600,82.52,83.32,82.51,83.22,,2026-03-07 20:00:00+00:00
1772928000,83.22,83.49,82.11,82.34,,2026-03-08 00:00:00+00:00
1772942400,82.34,83.1,81.74,82.95,,2026-03-08 04:00:00+00:00
1772956800,82.95,84.13,82.51,82.81,,2026-03-08 08:00:00+00:00
1772971200,82.81,83.01,81.18,82.06,,2026-03-08 12:00:00+00:00
1772985600,82.06,82.65,81.31,82.49,,2026-03-08 16:00:00+00:00
1773000000,82.48,82.96,80.26,81.59,,2026-03-08 20:00:00+00:00
1773014400,81.6,84.5,81.54,83.16,,2026-03-09 00:00:00+00:00
1773028800,83.16,84.61,82.33,83.18,,2026-03-09 04:00:00+00:00
1773043200,83.18,84.6,82.94,83.59,,2026-03-09 08:00:00+00:00
1773057600,83.58,85.75,83.41,85.05,,2026-03-09 12:00:00+00:00
1773072000,85.05,87.06,84.26,85.97,,2026-03-09 16:00:00+00:00
1773086400,85.97,86.36,84.84,84.96,,2026-03-09 20:00:00+00:00
1773100800,84.95,86.91,84.83,85.55,,2026-03-10 00:00:00+00:00
1773115200,85.56,86.99,85.41,86.7,,2026-03-10 04:00:00+00:00
1773129600,86.71,87.67,86.58,86.79,,2026-03-10 08:00:00+00:00
1773144000,86.8,88.61,84.91,88.33,,2026-03-10 12:00:00+00:00
1773158400,88.34,88.8,85.66,86.02,,2026-03-10 16:00:00+00:00
1773172800,86.01,86.44,85.01,85.88,,2026-03-10 20:00:00+00:00
1773187200,85.88,86.28,85.48,85.63,,2026-03-11 00:00:00+00:00
1773201600,85.63,86.88,85.14,85.45,,2026-03-11 04:00:00+00:00
1773216000,85.44,85.61,84.39,84.55,,2026-03-11 08:00:00+00:00
1773230400,84.54,87.4,84.36,85.4,,2026-03-11 12:00:00+00:00
1773244800,85.41,88.09,85.3,87.29,,2026-03-11 16:00:00+00:00
1773259200,87.28,87.94,86.46,86.58,,2026-03-11 20:00:00+00:00
1773273600,86.58,86.78,84.72,85.01,,2026-03-12 00:00:00+00:00
1773288000,85.02,85.9,84.89,85.82,,2026-03-12 04:00:00+00:00
1773302400,85.82,87.13,85.39,86.79,,2026-03-12 08:00:00+00:00
1773316800,86.8,87.69,85.12,86.58,,2026-03-12 12:00:00+00:00
1773331200,86.57,87.09,85.68,86.8,,2026-03-12 16:00:00+00:00
1773345600,86.79,87.23,85.96,86.84,,2026-03-12 20:00:00+00:00
1773360000,86.83,91.14,86.71,89.69,,2026-03-13 00:00:00+00:00
1773374400,89.7,89.74,88.15,88.68,,2026-03-13 04:00:00+00:00
1773388800,88.68,90.45,88.32,90.33,,2026-03-13 08:00:00+00:00
1773403200,90.32,92.98,89.3,89.49,,2026-03-13 12:00:00+00:00
1773417600,89.49,90.15,88.37,88.92,,2026-03-13 16:00:00+00:00
1773432000,88.91,89.16,87.73,88.18,,2026-03-13 20:00:00+00:00
1773446400,88.17,88.62,87.79,88.4,,2026-03-14 00:00:00+00:00
1773460800,88.4,88.71,86.92,87.33,,2026-03-14 04:00:00+00:00
1773475200,87.32,87.55,86.51,86.96,,2026-03-14 08:00:00+00:00
1773489600,86.95,87.36,86.63,86.72,,2026-03-14 12:00:00+00:00
1773504000,86.72,87.13,86.62,87.0,,2026-03-14 16:00:00+00:00
1773518400,87.01,88.16,86.87,88.03,,2026-03-14 20:00:00+00:00
1773532800,88.04,88.65,87.58,87.86,,2026-03-15 00:00:00+00:00
1773547200,87.86,88.66,87.85,88.22,,2026-03-15 04:00:00+00:00
1773561600,88.22,88.88,88.14,88.55,,2026-03-15 08:00:00+00:00
1773576000,88.56,88.56,87.36,87.9,,2026-03-15 12:00:00+00:00
1773590400,87.9,88.8,87.45,88.19,,2026-03-15 16:00:00+00:00
1773604800,88.19,93.23,87.98,92.3,,2026-03-15 20:00:00+00:00
1773619200,92.31,94.0,91.18,93.16,,2026-03-16 00:00:00+00:00
1773633600,93.17,94.32,92.94,93.56,,2026-03-16 04:00:00+00:00
1773648000,93.56,94.02,92.57,93.75,,2026-03-16 08:00:00+00:00
1773662400,93.75,95.13,92.37,93.2,,2026-03-16 12:00:00+00:00
1773676800,93.2,95.48,93.13,95.21,,2026-03-16 16:00:00+00:00
1773691200,95.21,97.68,95.06,96.2,,2026-03-16 20:00:00+00:00
1773705600,96.19,96.95,93.71,94.07,,2026-03-17 00:00:00+00:00
1773720000,94.07,94.66,93.2,94.44,,2026-03-17 04:00:00+00:00
1773734400,94.43,95.09,93.25,93.66,,2026-03-17 08:00:00+00:00
1773748800,93.67,95.13,93.15,93.82,,2026-03-17 12:00:00+00:00
1773763200,93.82,95.59,93.72,94.67,,2026-03-17 16:00:00+00:00
1773777600,94.66,95.62,94.41,94.62,,2026-03-17 20:00:00+00:00
1773792000,94.61,95.65,94.1,95.05,,2026-03-18 00:00:00+00:00
1773806400,95.06,95.12,93.72,93.95,,2026-03-18 04:00:00+00:00
1773820800,93.95,94.44,91.82,92.0,,2026-03-18 08:00:00+00:00
1773835200,92.0,92.03,88.55,89.37,,2026-03-18 12:00:00+00:00
1773849600,89.36,90.86,88.61,89.71,,2026-03-18 16:00:00+00:00
1773864000,89.7,90.62,88.99,90.08,,2026-03-18 20:00:00+00:00
1773878400,90.07,91.41,89.79,90.74,,2026-03-19 00:00:00+00:00
1773892800,90.74,90.74,88.63,89.42,,2026-03-19 04:00:00+00:00
1773907200,89.41,90.48,89.09,89.62,,2026-03-19 08:00:00+00:00
1773921600,89.62,89.62,87.15,87.63,,2026-03-19 12:00:00+00:00
1773936000,87.63,89.26,87.0,88.72,,2026-03-19 16:00:00+00:00
1773950400,88.71,89.32,88.37,88.89,,2026-03-19 20:00:00+00:00
1773964800,88.9,89.8,88.87,89.57,,2026-03-20 00:00:00+00:00
1773979200,89.57,89.75,88.5,89.37,,2026-03-20 04:00:00+00:00
1773993600,89.38,90.45,88.61,89.15,,2026-03-20 08:00:00+00:00
1774008000,89.15,89.73,88.51,88.94,,2026-03-20 12:00:00+00:00
1774022400,88.94,89.23,88.13,88.99,,2026-03-20 16:00:00+00:00
1774036800,88.99,90.26,88.65,89.84,,2026-03-20 20:00:00+00:00
1774051200,89.85,90.65,89.73,90.45,,2026-03-21 00:00:00+00:00
1774065600,90.45,90.81,89.91,90.12,,2026-03-21 04:00:00+00:00
1774080000,90.12,90.4,89.81,89.94,,2026-03-21 08:00:00+00:00
1774094400,89.95,90.42,89.39,89.82,,2026-03-21 12:00:00+00:00
1774108800,89.83,90.0,89.41,89.79,,2026-03-21 16:00:00+00:00
1774123200,89.8,90.29,87.14,87.56,,2026-03-21 20:00:00+00:00
1774137600,87.55,89.17,86.26,88.68,,2026-03-22 00:00:00+00:00
1774152000,88.67,89.2,87.67,87.7,,2026-03-22 04:00:00+00:00
1774166400,87.7,87.74,86.84,86.85,,2026-03-22 08:00:00+00:00
1774180800,86.84,87.74,86.82,87.57,,2026-03-22 12:00:00+00:00
1774195200,87.58,87.71,86.51,86.86,,2026-03-22 16:00:00+00:00
1774209600,86.87,87.19,85.14,86.2,,2026-03-22 20:00:00+00:00
1774224000,86.21,87.22,85.47,86.4,,2026-03-23 00:00:00+00:00
1774238400,86.39,87.33,85.11,85.99,,2026-03-23 04:00:00+00:00
1774252800,86.0,91.93,85.19,88.78,,2026-03-23 08:00:00+00:00
1774267200,88.78,92.26,88.33,89.95,,2026-03-23 12:00:00+00:00
1774281600,89.96,91.9,89.4,91.39,,2026-03-23 16:00:00+00:00
1774296000,91.38,92.02,90.98,91.43,,2026-03-23 20:00:00+00:00
1774310400,91.44,91.68,89.96,90.35,,2026-03-24 00:00:00+00:00
1774324800,90.34,91.89,89.99,91.72,,2026-03-24 04:00:00+00:00
1774339200,91.71,92.22,91.12,91.77,,2026-03-24 08:00:00+00:00
1774353600,91.78,91.86,88.7,89.74,,2026-03-24 12:00:00+00:00
1774368000,89.74,89.98,88.42,88.52,,2026-03-24 16:00:00+00:00
1774382400,88.53,91.13,88.51,90.8,,2026-03-24 20:00:00+00:00
1774396800,90.8,91.95,90.71,91.69,,2026-03-25 00:00:00+00:00
1774411200,91.69,92.96,91.59,91.81,,2026-03-25 04:00:00+00:00
1774425600,91.82,93.47,91.82,92.99,,2026-03-25 08:00:00+00:00
1774440000,92.99,93.43,91.0,91.77,,2026-03-25 12:00:00+00:00
1774454400,91.77,92.73,91.4,91.75,,2026-03-25 16:00:00+00:00
1774468800,91.76,91.96,91.03,91.7,,2026-03-25 20:00:00+00:00
1774483200,91.7,91.98,90.61,91.07,,2026-03-26 00:00:00+00:00
1774497600,91.07,91.08,88.81,89.1,,2026-03-26 04:00:00+00:00
1774512000,89.1,89.11,87.45,87.58,,2026-03-26 08:00:00+00:00
1774526400,87.58,88.24,86.73,87.54,,2026-03-26 12:00:00+00:00
1774540800,87.53,87.73,85.45,85.48,,2026-03-26 16:00:00+00:00
1774555200,85.48,87.14,85.45,86.53,,2026-03-26 20:00:00+00:00
1774569600,86.52,87.04,86.19,86.42,,2026-03-27 00:00:00+00:00
1774584000,86.42,86.75,85.69,85.92,,2026-03-27 04:00:00+00:00
1774598400,85.92,86.14,82.63,83.39,,2026-03-27 08:00:00+00:00
1774612800,83.39,84.03,82.5,83.35,,2026-03-27 12:00:00+00:00
1774627200,83.36,83.44,81.86,82.81,,2026-03-27 16:00:00+00:00
1774641600,82.81,83.14,82.38,83.11,,2026-03-27 20:00:00+00:00
1774656000,83.11,83.11,82.25,82.6,,2026-03-28 00:00:00+00:00
1774670400,82.6,83.67,82.38,83.62,,2026-03-28 04:00:00+00:00
1774684800,83.62,83.73,82.69,82.94,,2026-03-28 08:00:00+00:00
1774699200,82.94,84.29,82.6,83.83,,2026-03-28 12:00:00+00:00
1774713600,83.84,83.95,83.04,83.28,,2026-03-28 16:00:00+00:00
1774728000,83.28,83.52,81.69,82.09,,2026-03-28 20:00:00+00:00
1774742400,82.09,83.24,81.87,83.0,,2026-03-29 00:00:00+00:00
1774756800,83.01,83.04,82.23,82.45,,2026-03-29 04:00:00+00:00
1774771200,82.45,82.84,81.98,82.58,,2026-03-29 08:00:00+00:00
1774785600,82.59,82.65,81.36,81.81,,2026-03-29 12:00:00+00:00
1774800000,81.82,82.12,81.12,81.62,,2026-03-29 16:00:00+00:00
1774814400,81.62,82.23,78.96,81.44,,2026-03-29 20:00:00+00:00
1774828800,81.45,83.94,81.15,83.27,,2026-03-30 00:00:00+00:00
1774843200,83.27,84.26,83.26,84.02,,2026-03-30 04:00:00+00:00
1774857600,84.01,84.88,83.55,84.24,,2026-03-30 08:00:00+00:00
1774872000,84.25,84.99,83.65,84.51,,2026-03-30 12:00:00+00:00
1774886400,84.5,84.55,81.96,82.39,,2026-03-30 16:00:00+00:00
1774900800,82.38,83.68,82.14,82.54,,2026-03-30 20:00:00+00:00
1774915200,82.55,84.62,82.15,83.6,,2026-03-31 00:00:00+00:00
1774929600,83.6,83.91,82.68,83.1,,2026-03-31 04:00:00+00:00
1774944000,83.1,83.35,80.08,80.85,,2026-03-31 08:00:00+00:00
1774958400,80.85,82.59,80.4,80.86,,2026-03-31 12:00:00+00:00
1774972800,80.87,83.47,80.87,82.7,,2026-03-31 16:00:00+00:00
1774987200,82.7,83.4,82.33,83.2,,2026-03-31 20:00:00+00:00
1775001600,83.19,83.58,82.48,83.43,,2026-04-01 00:00:00+00:00
1775016000,83.44,84.74,83.26,83.84,,2026-04-01 04:00:00+00:00
1775030400,83.84,84.06,83.07,83.37,,2026-04-01 08:00:00+00:00
1775044800,83.37,83.88,82.4,83.63,,2026-04-01 12:00:00+00:00
1775059200,83.62,86.65,83.08,83.82,,2026-04-01 16:00:00+00:00
1775073600,83.83,83.88,80.77,81.18,,2026-04-01 20:00:00+00:00
1775088000,81.19,81.77,78.3,79.01,,2026-04-02 00:00:00+00:00
1775102400,79.01,79.67,78.62,79.65,,2026-04-02 04:00:00+00:00
1775116800,79.64,79.64,78.2,78.31,,2026-04-02 08:00:00+00:00
1775131200,78.32,79.73,76.7,79.03,,2026-04-02 12:00:00+00:00
1775145600,79.03,79.88,78.43,78.98,,2026-04-02 16:00:00+00:00
1775160000,78.99,79.37,78.63,78.94,,2026-04-02 20:00:00+00:00
1775174400,78.95,79.79,78.85,79.0,,2026-04-03 00:00:00+00:00
1775188800,79.0,80.16,78.99,79.96,,2026-04-03 04:00:00+00:00
1775203200,79.96,80.47,79.64,80.18,,2026-04-03 08:00:00+00:00
1775217600,80.18,80.91,79.17,80.33,,2026-04-03 12:00:00+00:00
1775232000,80.33,80.67,79.87,80.21,,2026-04-03 16:00:00+00:00
1775246400,80.21,80.73,79.92,80.4,,2026-04-03 20:00:00+00:00
1775260800,80.39,80.42,80.06,80.18,,2026-04-04 00:00:00+00:00
1775275200,80.18,80.54,80.11,80.32,,2026-04-04 04:00:00+00:00
1775289600,80.32,80.4,79.92,80.21,,2026-04-04 08:00:00+00:00
1775304000,80.2,81.61,79.57,81.1,,2026-04-04 12:00:00+00:00
1775318400,81.1,81.35,80.61,80.85,,2026-04-04 16:00:00+00:00
1775332800,80.86,81.06,80.62,80.83,,2026-04-04 20:00:00+00:00
1775347200,80.84,80.85,80.37,80.55,,2026-04-05 00:00:00+00:00
1775361600,80.55,80.58,79.41,79.6,,2026-04-05 04:00:00+00:00
1775376000,79.59,80.24,79.54,79.9,,2026-04-05 08:00:00+00:00
1775390400,79.91,80.33,78.52,79.6,,2026-04-05 12:00:00+00:00
1775404800,79.59,80.23,79.37,79.83,,2026-04-05 16:00:00+00:00
1775419200,79.83,82.13,79.1,81.89,,2026-04-05 20:00:00+00:00
1775433600,81.89,82.97,81.66,82.11,,2026-04-06 00:00:00+00:00
1775448000,82.11,82.34,80.97,81.82,,2026-04-06 04:00:00+00:00
1775462400,81.83,83.2,81.71,82.45,,2026-04-06 08:00:00+00:00
1775476800,82.44,82.81,81.73,82.27,,2026-04-06 12:00:00+00:00
1775491200,82.28,82.48,81.19,81.9,,2026-04-06 16:00:00+00:00
1775505600,81.91,82.15,79.6,80.03,,2026-04-06 20:00:00+00:00
1775520000,80.03,80.23,79.38,79.8,,2026-04-07 00:00:00+00:00
1775534400,79.8,80.17,79.31,79.87,,2026-04-07 04:00:00+00:00
1775548800,79.87,80.59,78.95,79.21,,2026-04-07 08:00:00+00:00
1775563200,79.22,79.39,78.38,78.86,,2026-04-07 12:00:00+00:00
1775577600,78.86,81.83,78.65,81.63,,2026-04-07 16:00:00+00:00
1775592000,81.63,87.02,81.63,85.56,,2026-04-07 20:00:00+00:00
1775606400,85.56,85.9,84.26,84.56,,2026-04-08 00:00:00+00:00
1775620800,84.56,85.03,83.89,84.5,,2026-04-08 04:00:00+00:00
1775635200,84.51,84.98,84.11,84.45,,2026-04-08 08:00:00+00:00
1775649600,84.46,84.98,82.51,83.34,,2026-04-08 12:00:00+00:00
1775664000,83.33,84.18,82.77,83.19,,2026-04-08 16:00:00+00:00
1775678400,83.19,83.61,82.24,82.57,,2026-04-08 20:00:00+00:00
1775692800,82.56,82.67,81.7,82.03,,2026-04-09 00:00:00+00:00
1775707200,82.02,82.48,81.74,82.29,,2026-04-09 04:00:00+00:00
1775721600,82.29,82.71,82.03,82.18,,2026-04-09 08:00:00+00:00
1775736000,82.18,83.94,81.4,83.75,,2026-04-09 12:00:00+00:00
1775750400,83.75,84.7,82.92,84.17,,2026-04-09 16:00:00+00:00
1775764800,84.16,85.95,83.15,83.33,,2026-04-09 20:00:00+00:00
1775779200,83.33,83.79,82.62,82.9,,2026-04-10 00:00:00+00:00
1775793600,82.89,83.59,82.86,82.95,,2026-04-10 04:00:00+00:00
1775808000,82.95,83.74,82.7,83.52,,2026-04-10 08:00:00+00:00
1775822400,83.52,85.58,83.36,84.24,,2026-04-10 12:00:00+00:00
1775836800,84.25,85.47,84.14,85.44,,2026-04-10 16:00:00+00:00
1775851200,85.45,85.67,84.65,84.83,,2026-04-10 20:00:00+00:00
1775865600,84.83,84.93,84.31,84.4,,2026-04-11 00:00:00+00:00
1775880000,84.4,84.62,83.87,84.28,,2026-04-11 04:00:00+00:00
1775894400,84.27,84.8,83.8,84.24,,2026-04-11 08:00:00+00:00
1775908800,84.24,84.88,83.84,84.66,,2026-04-11 12:00:00+00:00
1775923200,84.67,86.26,84.6,86.01,,2026-04-11 16:00:00+00:00
1775937600,86.01,86.19,84.52,84.93,,2026-04-11 20:00:00+00:00
1775952000,84.94,85.0,81.84,82.33,,2026-04-12 00:00:00+00:00
1775966400,82.32,82.5,82.06,82.27,,2026-04-12 04:00:00+00:00
1775980800,82.28,82.41,81.92,82.22,,2026-04-12 08:00:00+00:00
1775995200,82.21,82.56,81.27,81.59,,2026-04-12 12:00:00+00:00
1776009600,81.59,82.32,81.53,81.99,,2026-04-12 16:00:00+00:00
1776024000,81.98,82.88,81.27,81.53,,2026-04-12 20:00:00+00:00
1776038400,81.54,82.44,81.4,81.91,,2026-04-13 00:00:00+00:00
1776052800,81.9,82.6,81.54,82.17,,2026-04-13 04:00:00+00:00
1776067200,82.17,82.32,81.64,81.86,,2026-04-13 08:00:00+00:00
1776081600,81.86,83.82,81.82,82.65,,2026-04-13 12:00:00+00:00
1776096000,82.66,84.25,82.34,84.09,,2026-04-13 16:00:00+00:00
1776110400,84.09,86.81,83.81,86.51,,2026-04-13 20:00:00+00:00
1776124800,86.51,86.75,85.37,86.05,,2026-04-14 00:00:00+00:00
1776139200,86.05,86.2,85.43,85.88,,2026-04-14 04:00:00+00:00
1776153600,85.88,86.56,85.6,85.78,,2026-04-14 08:00:00+00:00
1776168000,85.78,87.67,85.25,85.95,,2026-04-14 12:00:00+00:00
1776182400,85.95,86.17,83.71,83.95,,2026-04-14 16:00:00+00:00
1776196800,83.94,84.14,83.3,83.72,,2026-04-14 20:00:00+00:00
1776211200,83.72,84.06,83.13,83.45,,2026-04-15 00:00:00+00:00
1776225600,83.45,83.79,82.65,82.92,,2026-04-15 04:00:00+00:00
1776240000,82.92,83.68,82.71,83.61,,2026-04-15 08:00:00+00:00
1776254400,83.6,84.49,83.21,84.0,,2026-04-15 12:00:00+00:00
1776268800,84.0,85.83,83.9,85.51,,2026-04-15 16:00:00+00:00
1776283200,85.51,85.59,84.18,84.9,,2026-04-15 20:00:00+00:00
1776297600,84.9,85.58,84.45,85.28,,2026-04-16 00:00:00+00:00
1776312000,85.29,85.71,84.99,85.21,,2026-04-16 04:00:00+00:00
1776326400,85.21,85.51,84.64,85.07,,2026-04-16 08:00:00+00:00
1776340800,85.07,87.13,83.8,86.62,,2026-04-16 12:00:00+00:00
1776355200,86.62,90.16,85.63,90.1,,2026-04-16 16:00:00+00:00
1776369600,90.1,90.53,88.72,89.05,,2026-04-16 20:00:00+00:00
1776384000,89.06,89.19,87.48,87.72,,2026-04-17 00:00:00+00:00
1776398400,87.73,88.47,87.36,88.12,,2026-04-17 04:00:00+00:00
1776412800,88.13,89.53,87.34,88.21,,2026-04-17 08:00:00+00:00
1776427200,88.22,90.73,87.91,89.95,,2026-04-17 12:00:00+00:00
1776441600,89.95,90.59,88.88,89.23,,2026-04-17 16:00:00+00:00
1776456000,89.24,89.47,88.5,88.76,,2026-04-17 20:00:00+00:00
1776470400,88.77,89.16,88.23,88.33,,2026-04-18 00:00:00+00:00
1776484800,88.34,88.64,88.16,88.45,,2026-04-18 04:00:00+00:00
1776499200,88.45,88.5,86.28,86.53,,2026-04-18 08:00:00+00:00
1776513600,86.54,86.98,86.41,86.75,,2026-04-18 12:00:00+00:00
1776528000,86.75,86.98,85.78,86.13,,2026-04-18 16:00:00+00:00
1776542400,86.12,86.46,85.92,86.16,,2026-04-18 20:00:00+00:00
1776556800,86.15,86.38,85.24,85.6,,2026-04-19 00:00:00+00:00
1776571200,85.6,85.96,84.43,84.88,,2026-04-19 04:00:00+00:00
1776585600,84.88,85.71,84.44,85.6,,2026-04-19 08:00:00+00:00
1776600000,85.61,87.12,85.55,86.36,,2026-04-19 12:00:00+00:00
1776614400,86.35,86.5,84.88,85.33,,2026-04-19 16:00:00+00:00
1776628800,85.33,85.35,82.94,83.47,,2026-04-19 20:00:00+00:00
1776643200,83.47,84.62,83.34,84.59,,2026-04-20 00:00:00+00:00
1776657600,84.59,85.76,83.75,84.73,,2026-04-20 04:00:00+00:00
1776672000,84.74,85.4,84.57,85.07,,2026-04-20 08:00:00+00:00
1776686400,85.06,85.88,84.42,85.86,,2026-04-20 12:00:00+00:00
1776700800,85.86,86.22,85.25,85.8,,2026-04-20 16:00:00+00:00
1776715200,85.8,86.21,85.21,85.28,,2026-04-20 20:00:00+00:00
1776729600,85.29,85.83,85.0,85.17,,2026-04-21 00:00:00+00:00
1776744000,85.17,85.98,85.02,85.71,,2026-04-21 04:00:00+00:00
1776758400,85.71,86.38,85.52,85.85,,2026-04-21 08:00:00+00:00
1776772800,85.85,86.89,85.17,86.05,,2026-04-21 12:00:00+00:00
1776787200,86.05,86.3,84.31,84.57,,2026-04-21 16:00:00+00:00
1776801600,84.57,86.13,84.43,86.03,,2026-04-21 20:00:00+00:00
1776816000,86.04,87.87,86.01,87.24,,2026-04-22 00:00:00+00:00
1776830400,87.25,88.33,86.97,88.05,,2026-04-22 04:00:00+00:00
1776844800,88.06,88.88,87.6,88.31,,2026-04-22 08:00:00+00:00
1776859200,88.31,89.32,87.99,88.18,,2026-04-22 12:00:00+00:00
1776873600,88.19,88.46,87.09,87.37,,2026-04-22 16:00:00+00:00
1776888000,87.38,87.72,86.81,86.87,,2026-04-22 20:00:00+00:00
1776902400,86.86,87.18,85.48,85.79,,2026-04-23 00:00:00+00:00
1776916800,85.78,86.24,85.51,85.9,,2026-04-23 04:00:00+00:00
1776931200,85.91,85.94,85.2,85.81,,2026-04-23 08:00:00+00:00
1776945600,85.82,86.66,85.55,86.35,,2026-04-23 12:00:00+00:00
1776960000,86.36,86.42,84.48,85.3,,2026-04-23 16:00:00+00:00
1776974400,85.3,86.25,85.29,86.12,,2026-04-23 20:00:00+00:00
1776988800,86.12,86.36,85.4,85.69,,2026-04-24 00:00:00+00:00
1777003200,85.69,85.82,85.14,85.51,,2026-04-24 04:00:00+00:00
1777017600,85.5,86.28,84.92,86.19,,2026-04-24 08:00:00+00:00
1777032000,86.2,86.79,85.53,86.52,,2026-04-24 12:00:00+00:00
1777046400,86.52,86.58,85.95,86.33,,2026-04-24 16:00:00+00:00
1777060800,86.32,86.94,86.1,86.18,,2026-04-24 20:00:00+00:00
1777075200,86.18,86.5,86.03,86.46,,2026-04-25 00:00:00+00:00
1777089600,86.46,86.66,86.11,86.36,,2026-04-25 04:00:00+00:00
1777104000,86.36,86.8,86.25,86.36,,2026-04-25 08:00:00+00:00
1777118400,86.36,86.67,86.1,86.22,,2026-04-25 12:00:00+00:00
1777132800,86.22,86.33,85.53,85.68,,2026-04-25 16:00:00+00:00
1777147200,85.68,86.2,85.61,86.18,,2026-04-25 20:00:00+00:00
1777161600,86.19,86.46,85.84,85.99,,2026-04-26 00:00:00+00:00
1777176000,85.99,86.73,85.92,86.62,,2026-04-26 04:00:00+00:00
1777190400,86.63,86.76,86.42,86.48,,2026-04-26 08:00:00+00:00
1777204800,86.49,86.59,85.9,86.56,,2026-04-26 12:00:00+00:00
1777219200,86.55,87.2,86.27,86.88,,2026-04-26 16:00:00+00:00
1777233600,86.89,87.32,86.19,86.93,,2026-04-26 20:00:00+00:00
1777248000,86.93,88.08,86.53,87.72,,2026-04-27 00:00:00+00:00
1777262400,87.72,87.84,85.26,85.27,,2026-04-27 04:00:00+00:00
1777276800,85.27,85.63,85.05,85.26,,2026-04-27 08:00:00+00:00
1777291200,85.26,85.83,83.63,84.17,,2026-04-27 12:00:00+00:00
1777305600,84.17,84.7,83.83,84.19,,2026-04-27 16:00:00+00:00
1777320000,84.18,84.9,84.11,84.82,,2026-04-27 20:00:00+00:00
1777334400,84.82,84.93,83.9,84.17,,2026-04-28 00:00:00+00:00
1777348800,84.18,84.43,83.65,84.02,,2026-04-28 04:00:00+00:00
1777363200,84.01,84.19,83.3,83.42,,2026-04-28 08:00:00+00:00
1777377600,83.42,84.0,82.98,83.46,,2026-04-28 12:00:00+00:00
1777392000,83.46,84.02,83.32,83.89,,2026-04-28 16:00:00+00:00
1777406400,83.89,84.15,83.58,84.06,,2026-04-28 20:00:00+00:00
1777420800,84.06,84.74,83.81,84.59,,2026-04-29 00:00:00+00:00
1777435200,84.6,85.06,84.45,84.71,,2026-04-29 04:00:00+00:00
1777449600,84.71,85.56,83.2,84.91,,2026-04-29 08:00:00+00:00
1777464000,84.91,84.92,83.0,83.26,,2026-04-29 12:00:00+00:00
1777478400,83.25,83.65,81.4,82.19,,2026-04-29 16:00:00+00:00
1777492800,82.2,83.22,82.17,83.04,,2026-04-29 20:00:00+00:00
1777507200,83.05,84.01,82.7,83.06,,2026-04-30 00:00:00+00:00
1777521600,83.06,83.39,82.16,83.35,,2026-04-30 04:00:00+00:00
1777536000,83.35,83.55,82.79,83.01,,2026-04-30 08:00:00+00:00
1777550400,83.01,83.83,82.69,83.36,,2026-04-30 12:00:00+00:00
1777564800,83.36,83.43,82.87,83.04,,2026-04-30 16:00:00+00:00
1777579200,83.04,83.19,82.78,83.09,,2026-04-30 20:00:00+00:00
1777593600,83.09,84.38,83.08,83.89,,2026-05-01 00:00:00+00:00
1777608000,83.9,84.23,83.67,83.96,,2026-05-01 04:00:00+00:00
1777622400,83.96,84.3,83.69,84.01,,2026-05-01 08:00:00+00:00
1777636800,84.01,84.86,83.89,84.47,,2026-05-01 12:00:00+00:00
1777651200,84.46,84.63,83.79,83.9,,2026-05-01 16:00:00+00:00
1777665600,83.9,83.93,83.33,83.76,,2026-05-01 20:00:00+00:00
1777680000,83.76,84.18,83.44,83.82,,2026-05-02 00:00:00+00:00
1777694400,83.82,83.86,83.54,83.74,,2026-05-02 04:00:00+00:00
1777708800,83.73,84.17,83.52,83.7,,2026-05-02 08:00:00+00:00
1777723200,83.7,84.11,83.67,84.04,,2026-05-02 12:00:00+00:00
1777737600,84.04,84.31,83.95,84.22,,2026-05-02 16:00:00+00:00
1777752000,84.23,84.97,84.07,84.26,,2026-05-02 20:00:00+00:00
1777766400,84.26,84.31,83.58,83.67,,2026-05-03 00:00:00+00:00
1777780800,83.66,84.02,83.58,83.88,,2026-05-03 04:00:00+00:00
1777795200,83.88,84.2,83.75,83.96,,2026-05-03 08:00:00+00:00
1777809600,83.96,84.45,83.95,84.16,,2026-05-03 12:00:00+00:00
1777824000,84.16,84.5,84.0,84.38,,2026-05-03 16:00:00+00:00
1777838400,84.37,84.97,83.87,83.91,,2026-05-03 20:00:00+00:00
1777852800,83.91,85.67,83.35,85.41,,2026-05-04 00:00:00+00:00
1777867200,85.4,85.9,84.51,84.87,,2026-05-04 04:00:00+00:00
1777881600,84.87,85.2,83.23,83.95,,2026-05-04 08:00:00+00:00
1777896000,83.96,85.32,83.59,84.47,,2026-05-04 12:00:00+00:00
1777910400,84.47,85.19,83.98,84.44,,2026-05-04 16:00:00+00:00
1777924800,84.45,84.56,84.02,84.1,,2026-05-04 20:00:00+00:00
1777939200,84.11,84.97,84.04,84.78,,2026-05-05 00:00:00+00:00
1777953600,84.77,85.12,84.54,84.87,,2026-05-05 04:00:00+00:00
1777968000,84.88,85.01,84.43,84.97,,2026-05-05 08:00:00+00:00
1777982400,84.97,86.1,84.9,85.5,,2026-05-05 12:00:00+00:00
1777996800,85.5,86.56,85.0,86.49,,2026-05-05 16:00:00+00:00
1778011200,86.49,86.98,86.17,86.29,,2026-05-05 20:00:00+00:00
1778025600,86.29,87.51,86.1,87.33,,2026-05-06 00:00:00+00:00
1778040000,87.34,87.89,86.67,87.7,,2026-05-06 04:00:00+00:00
1778054400,87.71,90.03,87.64,89.87,,2026-05-06 08:00:00+00:00
1778068800,89.87,89.97,87.47,88.97,,2026-05-06 12:00:00+00:00
1778083200,88.97,89.51,88.5,89.27,,2026-05-06 16:00:00+00:00
1778097600,89.27,89.62,88.65,89.16,,2026-05-06 20:00:00+00:00
1778112000,89.16,89.27,87.63,87.75,,2026-05-07 00:00:00+00:00
1778126400,87.75,90.44,87.69,90.16,,2026-05-07 04:00:00+00:00
1778140800,90.17,90.27,88.76,89.57,,2026-05-07 08:00:00+00:00
1778155200,89.56,90.1,87.79,88.32,,2026-05-07 12:00:00+00:00
1778169600,88.32,89.05,87.96,88.45,,2026-05-07 16:00:00+00:00
1778184000,88.45,88.88,87.67,88.42,,2026-05-07 20:00:00+00:00
1778198400,88.43,88.65,87.6,88.22,,2026-05-08 00:00:00+00:00
1778212800,88.23,88.42,87.65,88.22,,2026-05-08 04:00:00+00:00
1778227200,88.23,89.1,88.01,88.64,,2026-05-08 08:00:00+00:00
1778241600,88.64,89.6,88.01,89.59,,2026-05-08 12:00:00+00:00
1778256000,89.6,92.8,89.34,92.6,,2026-05-08 16:00:00+00:00
1778270400,92.61,92.71,91.73,92.01,,2026-05-08 20:00:00+00:00
1778284800,92.02,93.91,91.85,93.64,,2026-05-09 00:00:00+00:00
1778299200,93.65,94.17,92.84,93.76,,2026-05-09 04:00:00+00:00
1778313600,93.76,93.95,93.05,93.62,,2026-05-09 08:00:00+00:00
1778328000,93.61,93.74,92.39,93.01,,2026-05-09 12:00:00+00:00
1778342400,93.01,93.65,92.69,93.51,,2026-05-09 16:00:00+00:00
1778356800,93.51,93.56,93.05,93.13,,2026-05-09 20:00:00+00:00
1778371200,93.12,93.51,92.6,93.42,,2026-05-10 00:00:00+00:00
1778385600,93.41,93.63,93.24,93.46,,2026-05-10 04:00:00+00:00
1778400000,93.46,94.8,92.91,93.55,,2026-05-10 08:00:00+00:00
1778414400,93.56,94.73,93.2,94.53,,2026-05-10 12:00:00+00:00
1778428800,94.53,97.0,94.18,96.47,,2026-05-10 16:00:00+00:00
1778443200,96.47,96.86,93.43,96.47,,2026-05-10 20:00:00+00:00
1778457600,96.46,96.67,94.46,94.76,,2026-05-11 00:00:00+00:00
1778472000,94.76,96.16,94.43,95.33,,2026-05-11 04:00:00+00:00
1778486400,95.34,95.57,94.58,95.25,,2026-05-11 08:00:00+00:00
1778500800,95.26,96.8,94.3,96.8,,2026-05-11 12:00:00+00:00
1778515200,96.79,98.39,96.5,98.19,,2026-05-11 16:00:00+00:00
1778529600,98.19,98.41,97.1,97.37,,2026-05-11 20:00:00+00:00
1778544000,97.37,97.68,95.54,96.14,,2026-05-12 00:00:00+00:00
1778558400,96.14,97.0,95.82,96.05,,2026-05-12 04:00:00+00:00
1778572800,96.05,96.15,94.6,94.98,,2026-05-12 08:00:00+00:00
1778587200,94.97,95.56,93.55,93.85,,2026-05-12 12:00:00+00:00
1778601600,93.85,95.01,93.6,94.92,,2026-05-12 16:00:00+00:00
1778616000,94.92,95.05,94.23,94.28,,2026-05-12 20:00:00+00:00
1778630400,94.28,95.59,94.05,95.56,,2026-05-13 00:00:00+00:00
1778644800,95.56,95.99,94.88,95.14,,2026-05-13 04:00:00+00:00
1778659200,95.14,95.89,94.25,94.33,,2026-05-13 08:00:00+00:00
1778673600,94.33,94.64,90.27,90.43,,2026-05-13 12:00:00+00:00
1778688000,90.43,91.41,90.41,90.96,,2026-05-13 16:00:00+00:00
1778702400,90.95,91.35,90.64,91.17,,2026-05-13 20:00:00+00:00
1778716800,91.17,91.42,89.82,89.93,,2026-05-14 00:00:00+00:00
1778731200,89.93,92.02,89.86,90.88,,2026-05-14 04:00:00+00:00
1778745600,90.88,91.3,90.59,90.64,,2026-05-14 08:00:00+00:00
1778760000,90.64,93.25,90.54,93.16,,2026-05-14 12:00:00+00:00
1778774400,93.16,93.68,92.29,92.9,,2026-05-14 16:00:00+00:00
1778788800,92.91,93.0,92.11,92.15,,2026-05-14 20:00:00+00:00
1778803200,92.16,92.66,91.47,92.06,,2026-05-15 00:00:00+00:00
1778817600,92.05,92.05,90.26,91.6,,2026-05-15 04:00:00+00:00
1778832000,91.61,91.65,90.92,91.27,,2026-05-15 08:00:00+00:00
1778846400,91.26,91.27,88.55,89.04,,2026-05-15 12:00:00+00:00
1778860800,89.04,90.09,88.81,89.42,,2026-05-15 16:00:00+00:00
1778875200,89.41,89.5,89.0,89.24,,2026-05-15 20:00:00+00:00
1778889600,89.23,89.44,88.95,89.05,,2026-05-16 00:00:00+00:00
1778904000,89.05,89.09,86.72,87.47,,2026-05-16 04:00:00+00:00
1778918400,87.46,87.62,85.52,86.11,,2026-05-16 08:00:00+00:00
1778932800,86.12,86.71,86.01,86.5,,2026-05-16 12:00:00+00:00
1778947200,86.49,86.97,86.37,86.69,,2026-05-16 16:00:00+00:00
1778961600,86.69,86.88,86.45,86.54,,2026-05-16 20:00:00+00:00
1778976000,86.53,86.72,85.59,86.53,,2026-05-17 00:00:00+00:00
1778990400,86.52,87.29,86.47,86.97,,2026-05-17 04:00:00+00:00
1779004800,86.98,87.26,86.6,86.89,,2026-05-17 08:00:00+00:00
1779019200,86.89,87.02,85.95,86.46,,2026-05-17 12:00:00+00:00
1779033600,86.46,86.94,86.0,86.79,,2026-05-17 16:00:00+00:00
1779048000,86.8,86.97,83.5,85.24,,2026-05-17 20:00:00+00:00
1779062400,85.23,85.47,84.4,84.85,,2026-05-18 00:00:00+00:00
1779076800,84.85,85.36,84.27,84.76,,2026-05-18 04:00:00+00:00
1779091200,84.76,85.32,84.08,84.96,,2026-05-18 08:00:00+00:00
1779105600,84.97,85.8,83.62,84.2,,2026-05-18 12:00:00+00:00
1779120000,84.21,85.23,83.5,84.99,,2026-05-18 16:00:00+00:00
1779134400,85.0,85.77,84.79,85.38,,2026-05-18 20:00:00+00:00
1779148800,85.38,85.97,84.62,85.07,,2026-05-19 00:00:00+00:00
1779163200,85.08,85.64,84.47,85.51,,2026-05-19 04:00:00+00:00
1779177600,85.51,85.59,84.27,84.39,,2026-05-19 08:00:00+00:00
1779192000,84.39,85.1,83.7,84.37,,2026-05-19 12:00:00+00:00
1779206400,84.38,85.04,84.15,84.35,,2026-05-19 16:00:00+00:00
1779220800,84.36,84.66,84.0,84.29,,2026-05-19 20:00:00+00:00
1779235200,84.3,84.54,83.85,84.1,,2026-05-20 00:00:00+00:00
1779249600,84.1,85.13,83.88,84.77,,2026-05-20 04:00:00+00:00
1779264000,84.76,85.21,84.58,84.7,,2026-05-20 08:00:00+00:00
1779278400,84.7,86.27,84.19,85.92,,2026-05-20 12:00:00+00:00
1779292800,85.92,87.09,85.53,86.16,,2026-05-20 16:00:00+00:00
1779307200,86.16,86.33,85.55,86.17,,2026-05-20 20:00:00+00:00
1779321600,86.17,87.06,86.11,86.85,,2026-05-21 00:00:00+00:00
1779336000,86.85,87.22,86.2,86.64,,2026-05-21 04:00:00+00:00
1779350400,86.64,87.27,85.57,85.58,,2026-05-21 08:00:00+00:00
1779364800,85.58,86.9,85.32,86.46,,2026-05-21 12:00:00+00:00
1779379200,86.46,88.0,86.04,87.83,,2026-05-21 16:00:00+00:00
1779393600,87.83,87.92,87.02,87.36,,2026-05-21 20:00:00+00:00
1779408000,87.35,87.36,86.59,87.03,,2026-05-22 00:00:00+00:00
1779422400,87.04,87.38,86.52,86.97,,2026-05-22 04:00:00+00:00
1779436800,86.98,87.53,86.72,87.32,,2026-05-22 08:00:00+00:00
1779451200,87.33,87.85,86.27,86.77,,2026-05-22 12:00:00+00:00
1779465600,86.76,87.19,84.0,84.55,,2026-05-22 16:00:00+00:00
1779480000,84.55,85.28,84.0,84.4,,2026-05-22 20:00:00+00:00
1779494400,84.4,84.86,84.07,84.68,,2026-05-23 00:00:00+00:00
1779508800,84.69,84.72,81.5,82.25,,2026-05-23 04:00:00+00:00
1779523200,82.25,82.49,81.63,82.31,,2026-05-23 08:00:00+00:00
1779537600,82.3,84.54,82.15,84.1,,2026-05-23 12:00:00+00:00
1779552000,84.09,85.14,83.93,84.96,,2026-05-23 16:00:00+00:00
1779566400,84.97,87.5,84.8,85.75,,2026-05-23 20:00:00+00:00
1779580800,85.76,86.23,85.62,85.81,,2026-05-24 00:00:00+00:00
1779595200,85.81,86.7,85.58,86.07,,2026-05-24 04:00:00+00:00
1779609600,86.07,87.0,86.01,86.66,,2026-05-24 08:00:00+00:00
1779624000,86.67,86.69,84.48,85.31,,2026-05-24 12:00:00+00:00
1779638400,85.3,85.88,85.11,85.37,,2026-05-24 16:00:00+00:00
1779652800,85.38,85.52,83.7,85.27,,2026-05-24 20:00:00+00:00
1779667200,85.27,85.85,84.8,84.95,,2026-05-25 00:00:00+00:00
1779681600,84.95,86.19,84.93,85.96,,2026-05-25 04:00:00+00:00
1779696000,85.95,86.22,85.7,85.76,,2026-05-25 08:00:00+00:00
1779710400,85.77,86.52,85.66,86.26,,2026-05-25 12:00:00+00:00
1779724800,86.26,86.44,85.52,85.64,,2026-05-25 16:00:00+00:00
1779739200,85.64,85.87,84.71,85.06,,2026-05-25 20:00:00+00:00
1779753600,85.06,85.09,83.85,84.22,,2026-05-26 00:00:00+00:00
1779768000,84.23,84.97,84.01,84.35,,2026-05-26 04:00:00+00:00
1779782400,84.36,85.8,84.29,85.21,,2026-05-26 08:00:00+00:00
1779796800,85.22,86.13,84.03,84.49,,2026-05-26 12:00:00+00:00
1779811200,84.49,84.57,83.15,83.8,,2026-05-26 16:00:00+00:00
1779825600,83.8,83.98,83.54,83.72,,2026-05-26 20:00:00+00:00
1779840000,83.73,84.19,83.48,83.63,,2026-05-27 00:00:00+00:00
1779854400,83.62,84.21,82.86,84.21,,2026-05-27 04:00:00+00:00
1779868800,84.2,84.42,83.6,83.94,,2026-05-27 08:00:00+00:00
1779883200,83.95,84.84,82.98,84.44,,2026-05-27 12:00:00+00:00
1779897600,84.44,84.75,83.16,83.91,,2026-05-27 16:00:00+00:00
1779912000,83.92,84.14,82.1,82.44,,2026-05-27 20:00:00+00:00
1779926400,82.43,82.76,80.5,80.7,,2026-05-28 00:00:00+00:00
1779940800,80.7,81.3,80.0,81.26,,2026-05-28 04:00:00+00:00
1779955200,81.26,81.32,80.6,80.88,,2026-05-28 08:00:00+00:00
1779969600,80.88,81.66,80.02,81.14,,2026-05-28 12:00:00+00:00
1779984000,81.15,83.01,80.91,82.19,,2026-05-28 16:00:00+00:00
1779998400,82.18,82.7,81.78,82.11,,2026-05-28 20:00:00+00:00
1780012800,82.12,82.48,81.47,81.61,,2026-05-29 00:00:00+00:00
1780027200,81.62,82.49,81.36,82.24,,2026-05-29 04:00:00+00:00
1780041600,82.25,82.65,81.52,81.77,,2026-05-29 08:00:00+00:00
1780056000,81.76,83.24,80.35,82.59,,2026-05-29 12:00:00+00:00
1780070400,82.58,83.22,81.6,82.06,,2026-05-29 16:00:00+00:00
1780084800,82.06,82.4,81.62,82.04,,2026-05-29 20:00:00+00:00
1780099200,82.04,83.1,81.94,82.67,,2026-05-30 00:00:00+00:00
1780113600,82.67,82.8,81.86,82.37,,2026-05-30 04:00:00+00:00
1780128000,82.37,82.55,82.19,82.33,,2026-05-30 08:00:00+00:00
1780142400,82.33,82.92,82.25,82.69,,2026-05-30 12:00:00+00:00
1780156800,82.68,83.14,82.63,82.99,,2026-05-30 16:00:00+00:00
1780171200,82.99,83.17,82.45,82.73,,2026-05-30 20:00:00+00:00
1780185600,82.74,83.42,82.62,83.25,,2026-05-31 00:00:00+00:00
1780200000,83.24,83.3,82.52,82.66,,2026-05-31 04:00:00+00:00
1780214400,82.67,83.05,82.49,82.76,,2026-05-31 08:00:00+00:00
1780228800,82.76,83.12,81.79,81.88,,2026-05-31 12:00:00+00:00
1780243200,81.88,82.04,81.33,81.58,,2026-05-31 16:00:00+00:00
1780257600,81.59,82.92,81.59,82.44,,2026-05-31 20:00:00+00:00
1780272000,82.45,83.1,81.63,82.63,,2026-06-01 00:00:00+00:00
1780286400,82.63,82.78,80.63,80.74,,2026-06-01 04:00:00+00:00
1780300800,80.74,81.29,80.46,80.81,,2026-06-01 08:00:00+00:00
1780315200,80.82,81.07,79.2,79.6,,2026-06-01 12:00:00+00:00
1780329600,79.61,81.31,79.11,81.2,,2026-06-01 16:00:00+00:00
1780344000,81.19,81.65,80.32,81.28,,2026-06-01 20:00:00+00:00
1780358400,81.28,81.3,79.41,80.92,,2026-06-02 00:00:00+00:00
1780372800,80.92,81.02,79.16,79.67,,2026-06-02 04:00:00+00:00
1780387200,79.67,79.8,78.78,78.94,,2026-06-02 08:00:00+00:00
1780401600,78.93,79.22,75.58,76.38,,2026-06-02 12:00:00+00:00
1780416000,76.38,77.67,74.5,75.53,,2026-06-02 16:00:00+00:00
1780430400,75.53,76.08,72.73,74.23,,2026-06-02 20:00:00+00:00
1780444800,74.23,75.13,72.28,72.71,,2026-06-03 00:00:00+00:00
1780459200,72.71,75.4,72.69,75.27,,2026-06-03 04:00:00+00:00
1780473600,75.26,75.71,74.73,75.12,,2026-06-03 08:00:00+00:00
1780488000,75.12,75.37,73.24,73.31,,2026-06-03 12:00:00+00:00
1780502400,73.31,74.1,71.71,71.99,,2026-06-03 16:00:00+00:00
1780516800,71.99,73.18,70.93,71.61,,2026-06-03 20:00:00+00:00
1780531200,71.61,72.09,66.8,71.48,,2026-06-04 00:00:00+00:00
1780545600,71.49,71.8,69.14,69.15,,2026-06-04 04:00:00+00:00
1780560000,69.16,69.44,67.37,68.7,,2026-06-04 08:00:00+00:00
1780574400,68.69,70.64,68.32,69.64,,2026-06-04 12:00:00+00:00
1780588800,69.64,69.89,68.48,69.1,,2026-06-04 16:00:00+00:00
1780603200,69.09,69.15,67.57,68.88,,2026-06-04 20:00:00+00:00
1780617600,68.87,69.1,66.94,67.09,,2026-06-05 00:00:00+00:00
1780632000,67.1,68.1,63.87,66.18,,2026-06-05 04:00:00+00:00
1780646400,66.18,66.8,65.1,66.08,,2026-06-05 08:00:00+00:00
1780660800,66.08,66.83,63.78,64.24,,2026-06-05 12:00:00+00:00
1780675200,64.25,66.06,61.48,63.44,,2026-06-05 16:00:00+00:00
1780689600,63.44,65.42,62.64,63.64,,2026-06-05 20:00:00+00:00
1780704000,63.64,64.86,62.58,62.84,,2026-06-06 00:00:00+00:00
1780718400,62.84,63.35,60.13,62.78,,2026-06-06 04:00:00+00:00
1780732800,62.79,63.6,61.2,62.46,,2026-06-06 08:00:00+00:00
1780747200,62.46,63.11,61.32,62.03,,2026-06-06 12:00:00+00:00
1780761600,62.04,62.4,61.38,61.64,,2026-06-06 16:00:00+00:00
1780776000,61.64,62.38,61.38,62.2,,2026-06-06 20:00:00+00:00
1780790400,62.21,64.15,61.96,63.84,,2026-06-07 00:00:00+00:00
1780804800,63.84,65.02,63.31,64.93,,2026-06-07 04:00:00+00:00
1780819200,64.92,66.11,64.46,65.04,,2026-06-07 08:00:00+00:00
1780833600,65.05,65.35,63.67,64.99,,2026-06-07 12:00:00+00:00
1780848000,64.99,65.62,63.64,63.95,,2026-06-07 16:00:00+00:00
1780862400,63.94,67.92,63.75,66.5,,2026-06-07 20:00:00+00:00
1780876800,66.5,67.11,65.4,66.37,,2026-06-08 00:00:00+00:00
1780891200,66.37,66.42,64.98,66.11,,2026-06-08 04:00:00+00:00
1780905600,66.1,67.06,65.45,66.68,,2026-06-08 08:00:00+00:00
1780920000,66.69,67.82,65.99,67.18,,2026-06-08 12:00:00+00:00
1780934400,67.19,67.82,66.56,67.46,,2026-06-08 16:00:00+00:00
1780948800,67.46,68.17,66.65,66.82,,2026-06-08 20:00:00+00:00
1780963200,66.82,66.89,65.29,66.01,,2026-06-09 00:00:00+00:00
1780977600,66.01,67.47,65.83,66.89,,2026-06-09 04:00:00+00:00
1780992000,66.9,66.94,65.9,66.11,,2026-06-09 08:00:00+00:00
1781006400,66.11,66.52,64.26,64.33,,2026-06-09 12:00:00+00:00
1781020800,64.33,65.65,63.54,65.41,,2026-06-09 16:00:00+00:00
1781035200,65.42,65.7,64.69,64.96,,2026-06-09 20:00:00+00:00
1781049600,64.97,65.32,64.25,64.51,,2026-06-10 00:00:00+00:00
1781064000,64.52,64.8,63.83,64.5,,2026-06-10 04:00:00+00:00
1781078400,64.5,64.52,62.95,63.49,,2026-06-10 08:00:00+00:00
1781092800,63.5,65.77,63.3,65.44,,2026-06-10 12:00:00+00:00
1781107200,65.44,65.49,63.36,63.56,,2026-06-10 16:00:00+00:00
1781121600,63.56,63.66,62.34,63.19,,2026-06-10 20:00:00+00:00
1781136000,63.19,65.48,63.19,65.27,,2026-06-11 00:00:00+00:00
1781150400,65.27,65.43,64.77,65.04,,2026-06-11 04:00:00+00:00
1781164800,65.04,66.15,65.01,65.88,,2026-06-11 08:00:00+00:00
1781179200,65.89,65.93,64.89,65.55,,2026-06-11 12:00:00+00:00
1781193600,65.56,67.42,65.05,66.93,,2026-06-11 16:00:00+00:00
1781208000,66.93,67.14,66.36,66.93,,2026-06-11 20:00:00+00:00
1781222400,66.93,67.3,66.42,67.04,,2026-06-12 00:00:00+00:00
1781236800,67.04,67.24,65.95,66.32,,2026-06-12 04:00:00+00:00
1781251200,66.32,67.49,66.31,66.93,,2026-06-12 08:00:00+00:00
1781265600,66.92,68.82,66.37,67.25,,2026-06-12 12:00:00+00:00
1781280000,67.26,68.22,66.68,66.78,,2026-06-12 16:00:00+00:00
1781294400,66.79,66.95,66.42,66.82,,2026-06-12 20:00:00+00:00
1781308800,66.83,67.51,66.7,66.88,,2026-06-13 00:00:00+00:00
1781323200,66.87,67.47,66.59,67.37,,2026-06-13 04:00:00+00:00
1781337600,67.38,67.96,67.26,67.9,,2026-06-13 08:00:00+00:00
1781352000,67.91,68.71,67.77,68.6,,2026-06-13 12:00:00+00:00
1781366400,68.6,68.63,67.83,68.23,,2026-06-13 16:00:00+00:00
1781380800,68.24,69.59,68.05,68.94,,2026-06-13 20:00:00+00:00
1781395200,68.94,69.11,68.64,68.94,,2026-06-14 00:00:00+00:00
1781409600,68.95,69.01,67.88,68.23,,2026-06-14 04:00:00+00:00
1781424000,68.23,68.52,67.92,68.11,,2026-06-14 08:00:00+00:00
1781438400,68.11,68.17,66.94,67.43,,2026-06-14 12:00:00+00:00
1781452800,67.43,67.76,67.19,67.57,,2026-06-14 16:00:00+00:00
1781467200,67.57,71.29,67.44,71.28,,2026-06-14 20:00:00+00:00
1781481600,71.29,71.73,70.66,71.24,,2026-06-15 00:00:00+00:00
1781496000,71.24,71.5,70.81,71.28,,2026-06-15 04:00:00+00:00
1781510400,71.28,72.82,70.8,72.61,,2026-06-15 08:00:00+00:00
1781524800,72.61,75.26,72.31,75.25,,2026-06-15 12:00:00+00:00
1781539200,75.25,76.09,74.58,75.28,,2026-06-15 16:00:00+00:00
1781553600,75.27,75.46,73.62,73.98,,2026-06-15 20:00:00+00:00
1781568000,73.99,74.42,72.77,73.74,,2026-06-16 00:00:00+00:00
1781582400,73.75,74.54,73.19,74.46,,2026-06-16 04:00:00+00:00
1781596800,74.45,75.65,74.35,74.66,,2026-06-16 08:00:00+00:00
1781611200,74.67,75.53,72.29,73.29,,2026-06-16 12:00:00+00:00
1781625600,73.29,74.34,73.01,73.84,,2026-06-16 16:00:00+00:00
1781640000,73.85,74.26,73.42,73.52,,2026-06-16 20:00:00+00:00
1781654400,73.53,74.47,73.17,73.68,,2026-06-17 00:00:00+00:00
1781668800,73.68,74.11,72.99,73.26,,2026-06-17 04:00:00+00:00
1781683200,73.27,73.3,71.71,72.04,,2026-06-17 08:00:00+00:00
1781697600,72.04,73.87,71.59,73.81,,2026-06-17 12:00:00+00:00
1781712000,73.8,74.69,71.43,71.66,,2026-06-17 16:00:00+00:00
1781726400,71.66,72.25,70.83,72.05,,2026-06-17 20:00:00+00:00
1781740800,72.05,72.68,71.54,71.65,,2026-06-18 00:00:00+00:00
1781755200,71.66,71.85,70.64,71.78,,2026-06-18 04:00:00+00:00
1781769600,71.77,72.16,70.72,70.94,,2026-06-18 08:00:00+00:00
1781784000,70.94,71.8,68.35,68.44,,2026-06-18 12:00:00+00:00
1781798400,68.43,69.53,68.23,69.37,,2026-06-18 16:00:00+00:00
1781812800,69.38,69.96,69.26,69.71,,2026-06-18 20:00:00+00:00
1781827200,69.72,70.09,68.64,69.05,,2026-06-19 00:00:00+00:00
1781841600,69.06,69.27,67.98,68.38,,2026-06-19 04:00:00+00:00
1781856000,68.37,68.76,68.05,68.25,,2026-06-19 08:00:00+00:00
1781870400,68.25,69.58,67.92,69.33,,2026-06-19 12:00:00+00:00
1781884800,69.34,69.57,68.63,68.97,,2026-06-19 16:00:00+00:00
1781899200,68.97,69.87,68.72,69.74,,2026-06-19 20:00:00+00:00
1781913600,69.73,70.12,69.48,70.0,,2026-06-20 00:00:00+00:00
1781928000,70.0,72.46,69.89,71.6,,2026-06-20 04:00:00+00:00
1781942400,71.6,72.1,71.21,71.78,,2026-06-20 08:00:00+00:00
1781956800,71.78,72.62,70.47,72.02,,2026-06-20 12:00:00+00:00
1781971200,72.03,72.05,71.09,71.86,,2026-06-20 16:00:00+00:00
1781985600,71.86,74.3,71.7,73.22,,2026-06-20 20:00:00+00:00
1782000000,73.22,73.86,72.88,73.63,,2026-06-21 00:00:00+00:00
1782014400,73.63,73.84,73.01,73.21,,2026-06-21 04:00:00+00:00
1782028800,73.21,74.4,72.75,73.21,,2026-06-21 08:00:00+00:00
1782043200,73.21,74.29,72.93,74.14,,2026-06-21 12:00:00+00:00
1782057600,74.14,74.68,73.8,74.42,,2026-06-21 16:00:00+00:00
1782072000,74.42,74.55,72.31,72.46,,2026-06-21 20:00:00+00:00
1782086400,72.47,74.99,72.46,73.52,,2026-06-22 00:00:00+00:00
1782100800,73.53,74.48,73.36,74.1,,2026-06-22 04:00:00+00:00
1782115200,74.1,74.44,73.57,74.17,,2026-06-22 08:00:00+00:00
1782129600,74.18,75.0,72.98,73.14,,2026-06-22 12:00:00+00:00
1782144000,73.15,73.57,72.45,72.71,,2026-06-22 16:00:00+00:00
1782158400,72.71,72.97,71.37,71.95,,2026-06-22 20:00:00+00:00
1782172800,71.95,72.06,71.31,72.0,,2026-06-23 00:00:00+00:00
1782187200,71.99,72.03,69.68,70.01,,2026-06-23 04:00:00+00:00
1782201600,70.01,70.11,68.16,69.33,,2026-06-23 08:00:00+00:00
1782216000,69.33,69.68,68.4,68.92,,2026-06-23 12:00:00+00:00
1782230400,68.93,69.41,68.64,68.84,,2026-06-23 16:00:00+00:00
1782244800,68.84,69.84,68.83,69.71,,2026-06-23 20:00:00+00:00
1782259200,69.7,70.41,69.1,69.56,,2026-06-24 00:00:00+00:00
1782273600,69.57,70.22,69.0,69.38,,2026-06-24 04:00:00+00:00
1782288000,69.38,70.44,68.77,69.82,,2026-06-24 08:00:00+00:00
1782302400,69.82,69.93,67.24,67.33,,2026-06-24 12:00:00+00:00
1782316800,67.32,68.03,64.71,66.13,,2026-06-24 16:00:00+00:00
1782331200,66.13,68.55,65.98,68.11,,2026-06-24 20:00:00+00:00
1782345600,68.12,68.32,67.4,67.7,,2026-06-25 00:00:00+00:00
1782360000,67.7,69.66,67.5,69.45,,2026-06-25 04:00:00+00:00
1782374400,69.44,69.45,68.0,68.18,,2026-06-25 08:00:00+00:00
1782388800,68.18,68.92,64.04,66.32,,2026-06-25 12:00:00+00:00
1782403200,66.32,67.35,65.65,66.2,,2026-06-25 16:00:00+00:00
1782417600,66.19,68.81,66.08,67.72,,2026-06-25 20:00:00+00:00
1782432000,67.72,68.5,65.91,68.21,,2026-06-26 00:00:00+00:00
1782446400,68.22,70.99,67.96,70.77,,2026-06-26 04:00:00+00:00
1782460800,70.78,70.88,68.39,68.61,,2026-06-26 08:00:00+00:00
1782475200,68.61,72.24,68.19,72.07,,2026-06-26 12:00:00+00:00
1782489600,72.06,73.93,72.01,73.01,,2026-06-26 16:00:00+00:00
1782504000,73.01,73.68,71.41,71.9,,2026-06-26 20:00:00+00:00
1782518400,71.9,72.5,71.36,72.27,,2026-06-27 00:00:00+00:00
1782532800,72.26,72.59,71.51,72.31,,2026-06-27 04:00:00+00:00
1782547200,72.31,72.33,71.53,71.81,,2026-06-27 08:00:00+00:00
1782561600,71.81,73.19,71.64,72.84,,2026-06-27 12:00:00+00:00
1782576000,72.83,73.01,70.94,71.11,,2026-06-27 16:00:00+00:00
1782590400,71.11,71.63,70.25,70.5,,2026-06-27 20:00:00+00:00
1782604800,70.49,71.01,70.44,70.87,,2026-06-28 00:00:00+00:00
1782619200,70.86,71.09,70.14,71.08,,2026-06-28 04:00:00+00:00
1782633600,71.08,72.2,71.06,71.92,,2026-06-28 08:00:00+00:00
1782648000,71.92,72.41,71.33,72.09,,2026-06-28 12:00:00+00:00
1782662400,72.09,72.13,70.25,70.74,,2026-06-28 16:00:00+00:00
1782676800,70.73,71.82,69.74,71.38,,2026-06-28 20:00:00+00:00
1782691200,71.39,73.33,70.35,72.68,,2026-06-29 00:00:00+00:00
1782705600,72.68,73.12,71.03,72.72,,2026-06-29 04:00:00+00:00
1782720000,72.72,73.68,72.25,72.52,,2026-06-29 08:00:00+00:00
1782734400,72.53,74.55,72.12,73.92,,2026-06-29 12:00:00+00:00
1782748800,73.92,76.49,72.89,75.98,,2026-06-29 16:00:00+00:00
1782763200,75.98,76.0,74.89,75.16,,2026-06-29 20:00:00+00:00
1782777600,75.17,75.24,74.04,74.19,,2026-06-30 00:00:00+00:00
1782792000,74.19,74.26,73.69,74.16,,2026-06-30 04:00:00+00:00
1782806400,74.16,75.8,73.3,73.4,,2026-06-30 08:00:00+00:00
1782820800,73.41,74.1,71.9,73.13,,2026-06-30 12:00:00+00:00
1782835200,73.14,73.97,72.73,73.75,,2026-06-30 16:00:00+00:00
1782849600,73.74,73.94,73.19,73.67,,2026-06-30 20:00:00+00:00
1782864000,73.67,75.69,72.25,75.48,,2026-07-01 00:00:00+00:00
1782878400,75.48,75.87,73.96,74.87,,2026-07-01 04:00:00+00:00
1782892800,74.87,75.58,74.46,74.84,,2026-07-01 08:00:00+00:00
1782907200,74.84,77.8,74.27,77.43,,2026-07-01 12:00:00+00:00
1782921600,77.43,78.25,76.8,77.0,,2026-07-01 16:00:00+00:00
1782936000,77.01,78.96,76.59,77.46,,2026-07-01 20:00:00+00:00
1782950400,77.46,78.96,76.9,78.72,,2026-07-02 00:00:00+00:00
1782964800,78.71,78.72,77.59,77.99,,2026-07-02 04:00:00+00:00
1782979200,78.0,82.78,77.94,82.38,,2026-07-02 08:00:00+00:00
1782993600,82.37,82.45,80.09,80.86,,2026-07-02 12:00:00+00:00
1783008000,80.87,81.32,80.15,80.83,,2026-07-02 16:00:00+00:00
1783022400,80.84,81.17,80.41,80.73,,2026-07-02 20:00:00+00:00
1783036800,80.72,81.69,80.34,80.73,,2026-07-03 00:00:00+00:00
1783051200,80.72,81.51,80.44,81.22,,2026-07-03 04:00:00+00:00
1783065600,81.23,81.88,80.67,81.58,,2026-07-03 08:00:00+00:00
1783080000,81.57,82.06,80.91,81.21,,2026-07-03 12:00:00+00:00
1783094400,81.21,83.22,81.08,82.48,,2026-07-03 16:00:00+00:00
1783108800,82.47,83.05,82.16,82.34,,2026-07-03 20:00:00+00:00
1783123200,82.35,82.85,81.8,82.74,,2026-07-04 00:00:00+00:00
1783137600,82.74,83.98,82.26,82.72,,2026-07-04 04:00:00+00:00
1783152000,82.72,82.78,81.42,81.82,,2026-07-04 08:00:00+00:00
1783166400,81.82,82.42,81.36,82.23,,2026-07-04 12:00:00+00:00
1783180800,82.24,82.83,81.71,81.88,,2026-07-04 16:00:00+00:00
1783195200,81.88,82.29,81.45,81.8,,2026-07-04 20:00:00+00:00
1783209600,81.8,81.84,80.2,80.56,,2026-07-05 00:00:00+00:00
1783224000,80.56,80.87,80.24,80.72,,2026-07-05 04:00:00+00:00
1783238400,80.72,80.87,79.68,80.57,,2026-07-05 08:00:00+00:00
1783252800,80.57,81.75,80.37,81.36,,2026-07-05 12:00:00+00:00
1783267200,81.36,81.54,80.81,81.04,,2026-07-05 16:00:00+00:00
1783281600,81.04,82.43,80.79,81.59,,2026-07-05 20:00:00+00:00
1783296000,81.59,82.33,80.45,80.8,,2026-07-06 00:00:00+00:00
1783310400,80.8,81.02,80.15,80.82,,2026-07-06 04:00:00+00:00
1783324800,80.83,81.08,80.06,80.39,,2026-07-06 08:00:00+00:00
1783339200,80.39,81.54,79.23,81.5,,2026-07-06 12:00:00+00:00
1783353600,81.5,82.4,81.29,82.07,,2026-07-06 16:00:00+00:00
1783368000,82.08,83.74,81.68,81.94,,2026-07-06 20:00:00+00:00
1783382400,81.94,82.5,80.97,81.05,,2026-07-07 00:00:00+00:00
1783396800,81.05,81.76,80.46,81.5,,2026-07-07 04:00:00+00:00
1783411200,81.51,81.6,80.76,81.32,,2026-07-07 08:00:00+00:00
1783425600,81.32,82.36,80.51,82.11,,2026-07-07 12:00:00+00:00
1783440000,82.11,82.79,80.78,81.37,,2026-07-07 16:00:00+00:00
1783454400,81.38,81.49,80.34,80.58,,2026-07-07 20:00:00+00:00
1783468800,80.58,80.78,78.22,78.73,,2026-07-08 00:00:00+00:00
1783483200,78.73,78.93,77.8,78.28,,2026-07-08 04:00:00+00:00
1783497600,78.29,78.43,76.9,77.56,,2026-07-08 08:00:00+00:00
1783512000,77.56,77.66,76.29,76.75,,2026-07-08 12:00:00+00:00
1783526400,76.76,77.68,76.76,77.42,,2026-07-08 16:00:00+00:00
1783540800,77.42,77.95,76.93,77.83,,2026-07-08 20:00:00+00:00
1783555200,77.83,78.78,76.71,77.38,,2026-07-09 00:00:00+00:00
1783569600,77.39,78.83,77.22,78.21,,2026-07-09 04:00:00+00:00
1783584000,78.22,78.41,77.32,77.61,,2026-07-09 08:00:00+00:00
1783598400,77.61,78.49,77.35,77.63,,2026-07-09 12:00:00+00:00
1783612800,77.63,78.43,77.26,78.15,,2026-07-09 16:00:00+00:00
1783627200,78.16,78.32,77.74,78.04,,2026-07-09 20:00:00+00:00
1783641600,78.05,79.45,77.79,79.07,,2026-07-10 00:00:00+00:00
1783656000,79.07,79.37,78.75,78.87,,2026-07-10 04:00:00+00:00
1783670400,78.87,79.68,78.81,79.36,,2026-07-10 08:00:00+00:00
1783684800,79.37,79.56,77.07,78.14,,2026-07-10 12:00:00+00:00
1783699200,78.15,78.26,77.33,77.89,,2026-07-10 16:00:00+00:00
1783713600,77.9,78.25,77.71,78.13,,2026-07-10 20:00:00+00:00
1783728000,78.14,78.14,77.47,77.79,,2026-07-11 00:00:00+00:00
1783742400,77.8,78.12,77.6,78.0,,2026-07-11 04:00:00+00:00
1783756800,77.99,78.34,77.75,78.13,,2026-07-11 08:00:00+00:00
1783771200,78.13,78.88,77.95,78.38,,2026-07-11 12:00:00+00:00
1783785600,78.39,78.4,77.63,78.15,,2026-07-11 16:00:00+00:00
1783800000,78.15,78.32,76.77,76.79,,2026-07-11 20:00:00+00:00
1783814400,76.79,77.09,75.65,77.04,,2026-07-12 00:00:00+00:00
1783828800,77.05,77.08,75.85,76.51,,2026-07-12 04:00:00+00:00
1783843200,76.52,77.28,76.39,76.95,,2026-07-12 08:00:00+00:00
1783857600,76.94,77.71,76.78,77.46,,2026-07-12 12:00:00+00:00
1783872000,77.47,77.78,77.23,77.68,,2026-07-12 16:00:00+00:00
1783886400,77.67,77.71,76.46,76.92,,2026-07-12 20:00:00+00:00
1783900800,76.92,78.2,75.43,75.86,,2026-07-13 00:00:00+00:00
1783915200,75.87,76.69,75.72,76.44,,2026-07-13 04:00:00+00:00
1783929600,76.45,76.9,76.1,76.34,,2026-07-13 08:00:00+00:00
1783944000,76.35,76.41,75.11,75.81,,2026-07-13 12:00:00+00:00
1783958400,75.82,76.04,74.52,75.2,,2026-07-13 16:00:00+00:00
1783972800,75.19,75.35,74.1,75.01,,2026-07-13 20:00:00+00:00
1783987200,75.02,75.56,74.56,75.15,,2026-07-14 00:00:00+00:00
1784001600,75.15,75.48,74.91,74.97,,2026-07-14 04:00:00+00:00
1784016000,74.98,75.62,74.85,75.4,,2026-07-14 08:00:00+00:00
1784030400,75.4,77.95,75.19,77.38,,2026-07-14 12:00:00+00:00
1784044800,77.39,77.65,76.81,77.17,,2026-07-14 16:00:00+00:00
1784059200,77.18,77.95,76.93,77.87,,2026-07-14 20:00:00+00:00
1784073600,77.87,77.92,77.03,77.78,,2026-07-15 00:00:00+00:00
1784088000,77.78,78.7,77.4,77.42,,2026-07-15 04:00:00+00:00
1784102400,77.42,77.91,77.23,77.52,,2026-07-15 08:00:00+00:00
1784116800,77.53,79.04,77.26,78.07,,2026-07-15 12:00:00+00:00
1784131200,78.06,78.12,76.94,77.18,,2026-07-15 16:00:00+00:00
1784145600,77.18,77.74,77.1,77.29,,2026-07-15 20:00:00+00:00
1784160000,77.28,77.48,76.7,76.95,,2026-07-16 00:00:00+00:00
1784174400,76.95,77.64,76.14,76.41,,2026-07-16 04:00:00+00:00
1784188800,76.42,76.48,75.64,76.28,,2026-07-16 08:00:00+00:00
1784203200,76.27,76.86,75.69,76.63,,2026-07-16 12:00:00+00:00
1784217600,76.63,76.63,75.39,75.81,,2026-07-16 16:00:00+00:00
1784232000,75.8,76.08,75.01,75.32,,2026-07-16 20:00:00+00:00
1784246400,75.33,75.75,74.75,75.23,,2026-07-17 00:00:00+00:00
1784260800,75.23,75.34,74.29,74.61,,2026-07-17 04:00:00+00:00
1784275200,74.62,75.0,74.2,74.86,,2026-07-17 08:00:00+00:00
1784289600,74.86,74.88,73.39,74.77,,2026-07-17 12:00:00+00:00
1784304000,74.78,75.6,74.61,75.2,,2026-07-17 16:00:00+00:00
1784318400,75.2,75.24,74.84,75.04,,2026-07-17 20:00:00+00:00
1784332800,75.04,75.45,74.99,75.38,,2026-07-18 00:00:00+00:00
1784347200,75.37,75.39,74.87,74.97,,2026-07-18 04:00:00+00:00
1784361600,74.97,75.04,74.66,74.97,,2026-07-18 08:00:00+00:00
1784376000,74.96,75.19,74.5,74.97,,2026-07-18 12:00:00+00:00
1784390400,74.96,75.67,74.84,75.44,,2026-07-18 16:00:00+00:00
1784404800,75.45,75.64,75.34,75.52,,2026-07-18 20:00:00+00:00
1784419200,75.53,76.57,75.45,75.96,,2026-07-19 00:00:00+00:00
1784433600,75.95,76.34,75.74,76.14,,2026-07-19 04:00:00+00:00
1784448000,76.14,76.53,75.9,76.06,,2026-07-19 08:00:00+00:00
1784462400,76.07,76.7,75.76,76.21,,2026-07-19 12:00:00+00:00
1784476800,76.22,76.29,75.37,75.88,,2026-07-19 16:00:00+00:00
1784491200,75.89,76.57,75.63,76.38,,2026-07-19 20:00:00+00:00
1784505600,76.38,77.4,76.13,76.76,,2026-07-20 00:00:00+00:00
1784520000,76.76,76.95,75.5,76.22,,2026-07-20 04:00:00+00:00
1784534400,76.22,77.24,75.9,77.14,,2026-07-20 08:00:00+00:00
1784548800,77.14,77.92,75.79,77.76,,2026-07-20 12:00:00+00:00
1784563200,77.77,78.38,77.29,77.63,,2026-07-20 16:00:00+00:00
1784577600,77.64,78.05,77.43,77.85,,2026-07-20 20:00:00+00:00
1784592000,77.85,78.55,77.66,78.19,,2026-07-21 00:00:00+00:00
1784606400,78.2,78.88,78.02,78.56,,2026-07-21 04:00:00+00:00
1784620800,78.57,78.75,78.07,78.36,,2026-07-21 08:00:00+00:00
1784635200,78.36,78.64,77.79,78.14,,2026-07-21 12:00:00+00:00
1784649600,78.15,78.25,77.42,77.87,,2026-07-21 16:00:00+00:00
1784664000,77.86,78.2,77.8,78.12,,2026-07-21 20:00:00+00:00
1784678400,78.13,78.59,77.81,77.87,,2026-07-22 00:00:00+00:00
1784692800,77.87,78.23,77.0,77.1,,2026-07-22 04:00:00+00:00
1784707200,77.11,77.82,77.06,77.56,,2026-07-22 08:00:00+00:00
1784721600,77.56,78.85,77.02,78.47,,2026-07-22 12:00:00+00:00
1784736000,78.46,78.81,77.31,77.66,,2026-07-22 16:00:00+00:00
1784750400,77.66,78.12,77.5,77.97,,2026-07-22 20:00:00+00:00
1784764800,77.97,78.54,77.4,77.6,,2026-07-23 00:00:00+00:00
1784779200,77.6,77.83,77.04,77.16,,2026-07-23 04:00:00+00:00
1784793600,77.16,77.87,77.11,77.67,,2026-07-23 08:00:00+00:00
1784808000,77.67,77.74,75.86,76.39,,2026-07-23 12:00:00+00:00
1784822400,76.39,76.39,75.43,75.75,,2026-07-23 16:00:00+00:00
1784836800,75.74,76.28,75.71,75.88,,2026-07-23 20:00:00+00:00
1784851200,75.88,76.13,75.3,75.83,,2026-07-24 00:00:00+00:00
1784865600,75.84,76.45,75.59,76.07,,2026-07-24 04:00:00+00:00
1784880000,76.08,76.11,74.97,75.2,,2026-07-24 08:00:00+00:00
1784894400,75.2,75.3,73.61,74.04,,2026-07-24 12:00:00+00:00
1784908800,74.04,74.22,73.71,73.97,,2026-07-24 16:00:00+00:00
1784923200,73.97,74.03,73.44,73.96,,2026-07-24 20:00:00+00:00
1784937600,73.97,74.33,73.94,74.14,,2026-07-25 00:00:00+00:00
1784952000,74.14,74.36,73.77,73.79,,2026-07-25 04:00:00+00:00
1784966400,73.79,74.05,73.56,73.92,,2026-07-25 08:00:00+00:00
1784980800,73.92,74.31,73.78,74.18,,2026-07-25 12:00:00+00:00
1784995200,74.18,74.73,74.09,74.57,,2026-07-25 16:00:00+00:00
1785009600,74.57,74.6,74.28,74.52,,2026-07-25 20:00:00+00:00
1785024000,74.53,75.05,74.47,75.03,,2026-07-26 00:00:00+00:00
1785038400,75.04,75.23,74.74,74.87,,2026-07-26 04:00:00+00:00
1785052800,74.88,75.28,74.85,74.95,,2026-07-26 08:00:00+00:00
1785067200,74.95,75.5,74.75,75.49,,2026-07-26 12:00:00+00:00
1785081600,75.48,75.99,75.25,75.34,,2026-07-26 16:00:00+00:00
1785096000,75.34,77.1,75.31,76.76,,2026-07-26 20:00:00+00:00
1785110400,76.77,76.8,75.98,76.4,,2026-07-27 00:00:00+00:00
1785124800,76.41,76.99,76.26,76.47,,2026-07-27 04:00:00+00:00
1785139200,76.48,76.69,76.13,76.5,,2026-07-27 08:00:00+00:00
1785153600,76.51,77.5,75.03,75.28,,2026-07-27 12:00:00+00:00
1785168000,75.29,76.25,75.15,75.98,,2026-07-27 16:00:00+00:00
1785182400,75.98,76.14,73.74,74.2,,2026-07-27 20:00:00+00:00
1785196800,74.21,74.29,72.86,73.28,,2026-07-28 00:00:00+00:00
1785211200,73.28,73.55,73.0,73.3,,2026-07-28 04:00:00+00:00
1785225600,73.29,73.51,72.89,73.2,,2026-07-28 08:00:00+00:00
1785240000,73.2,74.59,72.36,74.35,,2026-07-28 12:00:00+00:00
1785254400,74.35,74.58,73.56,74.33,,2026-07-28 16:00:00+00:00
1785268800,74.32,74.4,73.17,73.83,,2026-07-28 20:00:00+00:00
1785283200,73.83,74.2,73.01,73.09,,2026-07-29 00:00:00+00:00
1785297600,73.09,74.28,72.73,74.26,,2026-07-29 04:00:00+00:00
1785312000,74.25,74.33,73.72,73.95,,2026-07-29 08:00:00+00:00
